scenario,model,dimension,stratum,n_windows,wis_mean,crps_mean,median_bias,nmae,pit_mean,pit_std,underestimation_q50,underestimation_q90,coverage_90,width_90,coverage_80,width_80,coverage_60,width_60,coverage_40,width_40,n_runs
S1_fixed_50pct,B0_climatology,all,all,9922.0,0.2655395651786222,0.2883814568158303,-0.35942700505256653,0.3854532539844513,0.8151660872110882,0.24504543258290096,0.8685748840959484,0.6609554525297319,0.5171336424108043,0.6100000143051147,0.32684942551904855,0.40000006556510925,0.30024188671638785,0.34999993443489075,0.20338641402942956,0.24000000953674316,1
S1_fixed_50pct,B0_climatology,history_censor_frac,"(0,0.3]",2282.0,0.16056027438240184,0.1779867844302321,-0.1949705332517624,0.24483126401901245,0.6816409262753396,0.2724455999385846,0.7340052585451359,0.3970201577563541,0.7673093777388256,0.6100000739097595,0.5867659947414549,0.40000003576278687,0.5363716038562665,0.34999996423721313,0.37248028045574055,0.24000002443790436,1
S1_fixed_50pct,B0_climatology,history_censor_frac,"(0.3,1]",5278.0,0.3302246879782018,0.35605322318975235,-0.46516796946525574,0.47136953473091125,0.9039784166263324,0.15940317675778606,0.9634331186055324,0.8152709359605911,0.3704054566123532,0.6100000739097595,0.18321333838575218,0.40000003576278687,0.17677150435771125,0.34999996423721313,0.10401667298219022,0.23999999463558197,1
S1_fixed_50pct,B0_climatology,history_censor_frac,0,2362.0,0.22242130246092262,0.24382136344681013,-0.2820303440093994,0.3293285071849823,0.7457134803532216,0.2899553670258382,0.7866215071972904,0.5711261642675699,0.6033022861981372,0.6100000739097595,0.3966977138018628,0.4000000059604645,0.34801016088060965,0.3499999940395355,0.26206604572396275,0.23999999463558197,1
S1_fixed_50pct,B0_climatology,target_cap_tertile,low,6179.0,0.2704323415538508,0.29303110316381625,-0.3702513575553894,0.39015844464302063,0.8259708965084321,0.22902821452626218,0.885903867939796,0.664508820197443,0.5097912283541026,0.6100000739097595,0.3299886713060366,0.40000006556510925,0.30894966823110537,0.34999993443489075,0.2110373846900793,0.23999999463558197,1
S1_fixed_50pct,B0_climatology,target_cap_tertile,mid,3743.0,0.2574624972591625,0.28070575155689215,-0.341558039188385,0.37768593430519104,0.7973293475241289,0.26846152845729093,0.8399679401549559,0.6550895004007481,0.5292546086027251,0.6100001335144043,0.3216671119422923,0.40000009536743164,0.2858669516430671,0.34999990463256836,0.1907560780122896,0.23999999463558197,1
S1_fixed_50pct,B0_climatology,target_censoring,censored,4134.0,0.3734877602502264,0.4027458160544699,-0.5333976745605469,0.5333976745605469,0.9671889496628765,0.032398435733595216,1.0,0.9932268988872762,0.27019835510401546,0.6100000739097595,0.006773101112723754,0.40000006556510925,0.006773101112723754,0.34999993443489075,0.0,0.24000000953674316,1
S1_fixed_50pct,B0_climatology,target_censoring,uncensored,5788.0,0.18843904022595948,0.20669827418063058,-0.2351709008216858,0.27978605031967163,0.7065858326541267,0.2718255794503885,0.7747062888735314,0.42363510711817554,0.693503800967519,0.6100001335144043,0.5554595715272979,0.40000003576278687,0.5098479612992398,0.34999996423721313,0.34865238424326195,0.24000002443790436,1
S1_fixed_50pct,B0_climatology,target_wind_band,7-11,4703.0,0.10470439259746266,0.12317427341144987,-0.173473060131073,0.1868574172258377,0.7380823715345104,0.19028348298107328,0.8603019349351477,0.4222836487348501,0.9581118435041462,0.6100001335144043,0.5777163512651499,0.40000003576278687,0.5777163512651499,0.34999996423721313,0.41250265787795026,0.24000002443790436,1
S1_fixed_50pct,B0_climatology,target_wind_band,<7,647.0,0.08263208627286245,0.09875000744337273,0.15091635286808014,0.15091635286808014,0.18116680147133754,0.09730951030353022,0.0,0.0,0.893353941267388,0.6100000739097595,0.8129829984544049,0.40000006556510925,0.40494590417310666,0.34999996423721313,0.1205564142194745,0.23999999463558197,1
S1_fixed_50pct,B0_climatology,target_wind_band,>11,4572.0,0.45686698326725295,0.48515768850760216,-0.6229296326637268,0.6229296326637268,0.9841779535060495,0.0129622724995494,1.0,1.0,0.010279965004374452,0.6100000739097595,0.0,0.40000006556510925,0.0,0.34999993443489075,0.0,0.24000000953674316,1
S1_fixed_50pct,B0_persistence,all,all,9922.0,0.2135139640140584,0.19216256601601908,-0.13326309621334076,0.21351397037506104,0.6715379963716993,0.4696538254936106,0.6715379963716993,0.6715379963716993,0.0,0.0,0.0,0.0,0.0,0.0,0.0,0.0,1
S1_fixed_50pct,B0_persistence,history_censor_frac,"(0,0.3]",2282.0,0.15602503786488753,0.14042253315572825,-0.05774455517530441,0.15602503716945648,0.5858895705521472,0.49256774322966757,0.5858895705521472,0.5858895705521472,0.0,0.0,0.0,0.0,0.0,0.0,0.0,0.0,1
S1_fixed_50pct,B0_persistence,history_censor_frac,"(0.3,1]",5278.0,0.2777466351584916,0.24997196936342536,-0.2276715189218521,0.27774661779403687,0.7857142857142857,0.410325903324145,0.7857142857142857,0.7857142857142857,0.0,0.0,0.0,0.0,0.0,0.0,0.0,0.0,1
S1_fixed_50pct,B0_persistence,history_censor_frac,0,2362.0,0.12552484088623858,0.11297235607511025,0.004736226052045822,0.1255248486995697,0.49915325994919557,0.4999992830307723,0.49915325994919557,0.49915325994919557,0.0,0.0,0.0,0.0,0.0,0.0,0.0,0.0,1
S1_fixed_50pct,B0_persistence,target_cap_tertile,low,6179.0,0.255247018433086,0.22972231456368727,-0.20708346366882324,0.2552470266819,0.7789286292280304,0.4149684563879186,0.7789286292280304,0.7789286292280304,0.0,0.0,0.0,0.0,0.0,0.0,0.0,0.0,1
S1_fixed_50pct,B0_persistence,target_cap_tertile,mid,3743.0,0.14462041785985813,0.13015837518619225,-0.011399327777326107,0.14462041854858398,0.4942559444296019,0.49996700473691674,0.4942559444296019,0.4942559444296019,0.0,0.0,0.0,0.0,0.0,0.0,0.0,0.0,1
S1_fixed_50pct,B0_persistence,target_censoring,censored,4134.0,0.3298068885120595,0.29682619691716916,-0.32573965191841125,0.3298068642616272,0.9762941461054668,0.15213114863716828,0.9762941461054668,0.9762941461054668,0.0,0.0,0.0,0.0,0.0,0.0,0.0,0.0,1
S1_fixed_50pct,B0_persistence,target_censoring,uncensored,5788.0,0.1304533299652096,0.11740799619132072,0.004210649058222771,0.13045331835746765,0.45387007601935037,0.4978674824825774,0.45387007601935037,0.45387007601935037,0.0,0.0,0.0,0.0,0.0,0.0,0.0,0.0,1
S1_fixed_50pct,B0_persistence,target_wind_band,7-11,4703.0,0.12238356149742546,0.1101452046551021,-0.012667638249695301,0.12238355726003647,0.5632574952158197,0.49598234776957595,0.5632574952158197,0.5632574952158197,0.0,0.0,0.0,0.0,0.0,0.0,0.0,0.0,1
S1_fixed_50pct,B0_persistence,target_wind_band,<7,647.0,0.14631546127798475,0.13168391433401952,0.13400404155254364,0.14631547033786774,0.160741885625966,0.3672927059327136,0.160741885625966,0.160741885625966,0.0,0.0,0.0,0.0,0.0,0.0,0.0,0.0,1
S1_fixed_50pct,B0_persistence,target_wind_band,>11,4572.0,0.3167649951395974,0.2850884929886014,-0.29513585567474365,0.3167649805545807,0.8552055993000874,0.3518934245277477,0.8552055993000874,0.8552055993000874,0.0,0.0,0.0,0.0,0.0,0.0,0.0,0.0,1
S1_fixed_50pct,B1,all,all,9922.0,0.08884789871668222,0.10184601772096771,-0.06532824113965034,0.1436315506696701,0.6145240950754836,0.29285147062243444,0.6548074984882081,0.22285829469864948,0.8337835113888328,0.4872485399246216,0.7116105623866156,0.3833414435386658,0.5259826647853256,0.2534924507141113,0.3421084458778472,0.15774320363998412,5
S1_fixed_50pct,B1,history_censor_frac,"(0,0.3]",2282.0,0.08633445358829447,0.09755947590036246,-0.06115982830524445,0.13437939584255218,0.5994210448325411,0.30863251334137176,0.6233128834355829,0.23207712532865904,0.8066608238387379,0.4286012232303619,0.6834355828220859,0.3306888580322266,0.4951796669588081,0.2149316430091858,0.3290972830850131,0.1325302392244339,5
S1_fixed_50pct,B1,history_censor_frac,"(0.3,1]",5278.0,0.09523811309584976,0.10962945059449045,-0.09243055731058121,0.15554800927639006,0.6593047161130254,0.27576884592951273,0.7170898067449791,0.2644562334217507,0.8226600985221675,0.5174831330776215,0.6949602122015915,0.40795075297355654,0.5126942023493748,0.26994051933288576,0.32876089427813565,0.16776051819324495,5
S1_fixed_50pct,B1,history_censor_frac,0,2362.0,0.076996980126392,0.08859492954491689,-0.008794067497365176,0.12594246715307236,0.5290512088850726,0.2934015825223534,0.5460626587637595,0.12099915325994919,0.8848433530906012,0.4763488292694092,0.7760372565622353,0.3792201399803162,0.5854360711261644,0.2539932131767273,0.3845046570702794,0.15971803963184356,5
S1_fixed_50pct,B1,target_cap_tertile,low,6179.0,0.09539475840374557,0.10942068362217272,-0.09743504226207733,0.15464028418064119,0.6631046609970733,0.2831301671886677,0.7204402006797216,0.2776501051950154,0.8072179964395534,0.48188799023628237,0.6743809677941415,0.3774814665317535,0.4840912769056482,0.24863958954811097,0.30849652047256837,0.15446027517318725,5
S1_fixed_50pct,B1,target_cap_tertile,mid,3743.0,0.07804024549563907,0.08934164673418017,-0.012325853481888771,0.1254581928253174,0.5343265752172142,0.2908945052981443,0.5464600587763826,0.13240716003205985,0.8776382580817526,0.4960977852344513,0.7730697301629709,0.3930152118206024,0.5951375901683142,0.2615036129951477,0.3975955116216938,0.16316271126270293,5
S1_fixed_50pct,B1,target_censoring,censored,4134.0,0.11379731655461929,0.13071621643113357,-0.15523750483989715,0.1853563278913498,0.7565779263716832,0.2292483752879954,0.842573778422835,0.3803580067731011,0.7595549104983068,0.5202931702136994,0.609288824383164,0.41129173040390016,0.42728592162554424,0.2732646405696869,0.26240928882438314,0.17048766314983368,5
S1_fixed_50pct,B1,target_censoring,uncensored,5788.0,0.07102811755876379,0.08122587233951888,-0.0011117812944576144,0.11383020430803299,0.5130640849548048,0.2909914545144771,0.52069799585349,0.11036627505183136,0.8868002764340014,0.4636468470096588,0.7846924671734623,0.36337835192680357,0.5964754664823773,0.23937042355537413,0.3990324809951624,0.14864063858985901,5
S1_fixed_50pct,B1,target_wind_band,7-11,4703.0,0.07616676329289526,0.08708544759199946,-0.021311863511800765,0.12212264835834503,0.5674766924387551,0.28528114233047125,0.5999574739527961,0.15190304061237508,0.891813735913247,0.4829776525497437,0.784903253242611,0.3735968589782715,0.5847756751009994,0.24273484647274018,0.390771847756751,0.15000255405902863,5
S1_fixed_50pct,B1,target_wind_band,<7,647.0,0.08960303551959338,0.10152729857040554,0.1382455885410309,0.1400321215391159,0.15916298675671453,0.16175073389479744,0.04358578052550231,0.0,0.6491499227202473,0.37742502689361573,0.4871715610510046,0.29167543053627015,0.31375579598145287,0.18928593695163726,0.19690880989180834,0.11659660041332245,5
S1_fixed_50pct,B1,target_wind_band,>11,4572.0,0.10178552041103621,0.11707462065337175,-0.1394142583012581,0.1662661164999008,0.727359303230072,0.23264010207950045,0.7977252843394576,0.3273840769903762,0.8002187226596675,0.5071832656860351,0.6679790026246719,0.4063372671604156,0.4955380577427822,0.27364436388015745,0.3125984251968504,0.17152843475341797,5
S1_fixed_50pct,B2_recon,all,all,9922.0,0.08239370222242082,0.09422610189702207,0.04451130628585816,0.1325019508600235,0.43564865656932217,0.29515956721203385,0.4034065712557952,0.09635154202781697,0.8386615601693208,0.5035662293434143,0.7388429752066116,0.3997718274593353,0.5545656117718202,0.2650693416595459,0.3706712356379762,0.16475267410278321,5
S1_fixed_50pct,B2_recon,history_censor_frac,"(0,0.3]",2282.0,0.08378690568664222,0.09581909707007175,0.001461555133573711,0.13484997153282166,0.49083542333872054,0.28510699245984605,0.4922874671340929,0.0838737949167397,0.8950043821209466,0.6027125358581543,0.8040315512708152,0.4741945445537567,0.6087642418930763,0.2995661675930023,0.40455740578439964,0.17936021089553833,5
S1_fixed_50pct,B2_recon,history_censor_frac,"(0.3,1]",5278.0,0.0847202582555444,0.09685785016304227,0.07842999398708343,0.13609581887722016,0.3851365318201888,0.29748067656948796,0.32144751799924215,0.10610079575596817,0.781205001894657,0.44635429978370667,0.6776051534672225,0.356196665763855,0.4967032967032967,0.24214322566986085,0.32724516862447894,0.15230618119239808,5
S1_fixed_50pct,B2_recon,history_censor_frac,0,2362.0,0.07584888721472417,0.08680629565953099,0.010310082230716944,0.12220280170440674,0.4952027601502528,0.27823788418961193,0.5006773920406435,0.08662150719729043,0.9126164267569855,0.535620653629303,0.8127011007620661,0.4252404749393463,0.6314987298899238,0.2829703688621521,0.4349703640982218,0.17845215499401093,5
S1_fixed_50pct,B2_recon,target_cap_tertile,low,6179.0,0.08579234478282732,0.09791036570625235,0.05321683809161186,0.1372312545776367,0.4174059030556535,0.30350021054781573,0.3764686842531154,0.1044505583427739,0.8055025084965205,0.48466256260871887,0.7002427577277877,0.3815581798553467,0.5096617575659492,0.25081403851509093,0.3301828774882667,0.15535782873630524,5
S1_fixed_50pct,B2_recon,target_cap_tertile,mid,3743.0,0.07678317259892316,0.08814406447323532,0.03014008216559887,0.12469475120306014,0.46576406505475043,0.27815249923553986,0.4478760352658296,0.08298156558909965,0.8934010152284264,0.5347726345062256,0.8025647876035265,0.42983917593955995,0.6286935613144535,0.2886021971702576,0.43751001870157624,0.1802618235349655,5
S1_fixed_50pct,B2_recon,target_censoring,censored,4134.0,0.07942340252482809,0.09065890851223078,0.031369660422205924,0.1271381437778473,0.42718096275852613,0.3158467902538459,0.3820996613449444,0.13957426221577166,0.7641993226898887,0.4133628487586975,0.6562167392356072,0.3247808337211609,0.4751330430575713,0.2167900264263153,0.3018867924528302,0.13503773510456085,5
S1_fixed_50pct,B2_recon,target_censoring,uncensored,5788.0,0.0845151982400173,0.09677392108374065,0.053897547721862796,0.13633297979831696,0.44169659129873295,0.27926639079675886,0.41862474084312373,0.06548030407740152,0.891845196959226,0.5679927468299866,0.7978576364892882,0.45333309173583985,0.6112992398064961,0.2995521783828735,0.419799585348998,0.18597615957260133,5
S1_fixed_50pct,B2_recon,target_wind_band,7-11,4703.0,0.1035959290653822,0.11910785577020615,0.07495307326316833,0.16923699975013734,0.43549371831251066,0.26762725092268475,0.41637252817350623,0.040995109504571546,0.9184350414628961,0.6278124690055847,0.8345736763767807,0.5109427809715271,0.6398894322772698,0.3442330420017242,0.43635977035934503,0.21544589400291442,5
S1_fixed_50pct,B2_recon,target_wind_band,<7,647.0,0.10545469896358306,0.1190337639340699,0.16059489250183107,0.16251469850540162,0.16214894228766505,0.16163578727247702,0.04853168469860896,0.0,0.6661514683153014,0.5175610423088074,0.4961360123647604,0.39059351086616517,0.32828438948995364,0.2465502440929413,0.2003091190108192,0.1502132922410965,5
S1_fixed_50pct,B2_recon,target_wind_band,>11,4572.0,0.0573205312394857,0.06512079879038284,-0.003230100031942129,0.09046713411808013,0.47451195266775087,0.3154996877246939,0.44028871391076113,0.16692913385826774,0.7810148731408574,0.3737795174121857,0.6747156605424321,0.2867143452167511,0.4988188976377953,0.18625808954238893,0.3272090988626422,0.11466447114944459,5
S1_fixed_50pct,B4,all,all,9922.0,0.16993057629869038,0.17833817778729988,-0.14902527630329132,0.21340108215808867,0.6934458477521654,0.3206861543544347,0.7132029832695022,0.45591614593831886,0.6087885506954243,0.3812366485595703,0.475549284418464,0.25537593066692355,0.3504333803668615,0.15967184603214263,0.23725055432372505,0.09996573477983475,5
S1_fixed_50pct,B4,history_censor_frac,"(0,0.3]",2282.0,0.1055255084927255,0.1149483668479577,-0.06676280871033669,0.14834893643856048,0.6000133152211916,0.3244032920904531,0.6114811568799299,0.2875547765118317,0.719193689745837,0.39229885339736936,0.6169149868536372,0.3019526660442352,0.46809815950920247,0.20062138736248017,0.3226993865030675,0.12698422223329545,5
S1_fixed_50pct,B4,history_censor_frac,"(0.3,1]",5278.0,0.23855482810296014,0.24480478030570035,-0.23905239403247833,0.2784794867038727,0.7983165718193513,0.2946694633007206,0.8158393330807124,0.6768093974990527,0.4344827586206897,0.32093861103057864,0.2751799924213717,0.16846191883087158,0.18897309586964758,0.09278135746717453,0.13137552103069344,0.05718719139695168,5
S1_fixed_50pct,B4,history_censor_frac,0,2362.0,0.0788101544994845,0.09105825419350694,-0.027331748232245445,0.1308291494846344,0.5493752963588866,0.28719178703200055,0.582133784928027,0.12497883149872988,0.8916172734970363,0.5052878618240356,0.7867061812023708,0.4045901715755463,0.5975444538526673,0.26957916617393496,0.39127857747671463,0.16945300698280336,5
S1_fixed_50pct,B4,target_cap_tertile,low,6179.0,0.2129817814666577,0.2198376273188493,-0.2093725711107254,0.2537728130817413,0.765233056265573,0.3128127117456092,0.7805793817769866,0.6155364945784108,0.47104709499919084,0.30854992270469667,0.32529535523547504,0.1737284243106842,0.2251497005988024,0.09937822371721268,0.14856772940605276,0.061478229612112044,5
S1_fixed_50pct,B4,target_cap_tertile,mid,3743.0,0.09886100730780864,0.10983027005140786,-0.04940306544303894,0.14675481021404266,0.5749384575826904,0.29749917293443495,0.6019770237777184,0.1924125033395672,0.8361741918247395,0.5012289464473725,0.7235907026449372,0.39016082882881165,0.5572535399412236,0.25920543968677523,0.38364947902751806,0.16350146532058715,5
S1_fixed_50pct,B4,target_censoring,censored,4134.0,0.2898712625553138,0.2959684976727833,-0.33084996938705447,0.33321758508682253,0.9473273048645945,0.09726424095087113,0.9845186260280601,0.9006773101112724,0.26802128688921145,0.2834025055170059,0.09932268988872762,0.1269211456179619,0.04862119013062409,0.060102565586566924,0.028592162554426703,0.03614852577447891,5
S1_fixed_50pct,B4,target_censoring,uncensored,5788.0,0.08426457820178615,0.09432232733695631,-0.019159466587007047,0.12782377004623413,0.5121144822195495,0.301003454171829,0.5194194885970974,0.1382515549412578,0.8521769177608846,0.4511133134365082,0.74426399447132,0.3471230030059814,0.5659986178299932,0.23078783750534057,0.3862819626814098,0.1455463021993637,5
S1_fixed_50pct,B4,target_wind_band,7-11,4703.0,0.07439897792471654,0.08297926844591227,-0.02552619352936745,0.11072925627231597,0.5851937842414369,0.3083129315839938,0.5987667446310866,0.2568998511588348,0.8264512013608336,0.4162134826183319,0.6693174569423772,0.3011460781097412,0.4972995960025515,0.1947735458612442,0.3411014246225813,0.12173165827989578,5
S1_fixed_50pct,B4,target_wind_band,<7,647.0,0.09538617226247673,0.10838475239168346,0.1484588772058487,0.15038202106952667,0.15845431530319237,0.16071630663652337,0.04482225656877898,0.0,0.6550231839258115,0.3777125120162964,0.4871715610510046,0.296027809381485,0.31931993817619786,0.19647294282913208,0.18794435857805256,0.12240803986787796,5
S1_fixed_50pct,B4,target_wind_band,>11,4572.0,0.27874845393741066,0.2863287326568339,-0.31816097497940066,0.3279327630996704,0.8805081785013872,0.18441303279275212,0.9255030621172354,0.7251531058617673,0.3783464566929134,0.345756334066391,0.27458442694663165,0.2025415599346161,0.20376202974628171,0.11835651695728303,0.1374015748031496,0.0744002640247345,5
S1_fixed_50pct,B4_plain,all,all,9922.0,0.16971067560863567,0.17843742373865887,-0.14964692592620848,0.2142342746257782,0.6932429080612798,0.3206309388665728,0.7139488006450312,0.44730901028018544,0.6204998992138682,0.3859058678150177,0.48439830679298523,0.26032250225543974,0.34486998588994155,0.15868857502937317,0.2325942350332594,0.09913102090358734,5
S1_fixed_50pct,B4_plain,history_censor_frac,"(0,0.3]",2282.0,0.10338463693433568,0.11365906596707587,-0.06764887422323226,0.14834556877613067,0.5999541005408906,0.3209544995050905,0.6120946538124452,0.2819456617002629,0.7595968448729185,0.41731375455856323,0.6281332164767748,0.30747150182724,0.4638036809815951,0.1988028109073639,0.3205959684487292,0.12585889548063278,5
S1_fixed_50pct,B4_plain,history_censor_frac,"(0.3,1]",5278.0,0.23893258636650144,0.24531984708630797,-0.23969239890575408,0.27929280400276185,0.7979692079600367,0.2956478680705047,0.8176960970064417,0.6624100037893141,0.4410003789314135,0.31669193506240845,0.2867752936718454,0.17342061102390288,0.18347859037514208,0.09053315669298172,0.12652519893899203,0.055309587717056276,5
S1_fixed_50pct,B4_plain,history_censor_frac,0,2362.0,0.07911066514070034,0.09156984626442544,-0.0276568952947855,0.13251502215862274,0.5493562221577609,0.28859079925359044,0.5805249788314987,0.12641828958509738,0.8872142252328535,0.510223513841629,0.7871295512277732,0.4089568018913269,0.5906011854360711,0.2722294688224792,0.38458933107535986,0.17122946977615355,5
S1_fixed_50pct,B4_plain,target_cap_tertile,low,6179.0,0.21195468645319263,0.2191832681276955,-0.21104177534580232,0.25381278395652773,0.7669338515770503,0.30862706858497185,0.7864055672438905,0.5992231752710795,0.49493445541349734,0.31895517110824584,0.3446188703673734,0.1831626445055008,0.2241786696876517,0.09963748902082444,0.14898850946755138,0.06101666837930679,5
S1_fixed_50pct,B4_plain,target_cap_tertile,mid,3743.0,0.09997363499722303,0.11117357856637526,-0.048295396566390994,0.14889748394489288,0.5715928038710721,0.302416241046363,0.5943360940422121,0.19652685012022442,0.8277851990382047,0.4964290618896484,0.7151482767833289,0.387699168920517,0.5441090034731498,0.25617098808288574,0.3706118087095912,0.16205076277256011,5
S1_fixed_50pct,B4_plain,target_censoring,censored,4134.0,0.2879044988010589,0.2947005150458457,-0.33068983554840087,0.3332989692687988,0.9436004876766442,0.09969081436567914,0.9840832123850992,0.8725205611998064,0.30058055152394775,0.2847135871648788,0.12747943880019352,0.13723318576812743,0.05157232704402516,0.061676827073097226,0.02931785195936139,0.03629656583070755,5
S1_fixed_50pct,B4_plain,target_censoring,uncensored,5788.0,0.08529235061252687,0.0953980976391581,-0.02033949326723814,0.12919394671916962,0.514428423933789,0.30391043103321963,0.5210089841050449,0.14360746371803731,0.8489979267449896,0.4581810534000397,0.7393227366966137,0.3482373714447021,0.5543538355217692,0.22797788679599762,0.37778161713890807,0.14400967359542846,5
S1_fixed_50pct,B4_plain,target_wind_band,7-11,4703.0,0.07442695200309105,0.08344953713767238,-0.027211926877498627,0.11205445230007172,0.5884413574994887,0.3075639799610044,0.6055709121837125,0.2497554752285775,0.8493302147565384,0.4295305073261261,0.6776100361471402,0.30279225707054136,0.48220284924516266,0.18989793956279755,0.33229853285137145,0.11912778913974761,5
S1_fixed_50pct,B4_plain,target_wind_band,<7,647.0,0.09571066211097208,0.10879222889939169,0.14980664253234863,0.15121784508228303,0.14773812881275883,0.15051881615603327,0.031221020092735703,0.0,0.6401854714064915,0.37636475563049315,0.4825347758887172,0.2871499121189117,0.29180834621329216,0.18820402026176453,0.16506955177743432,0.1176321491599083,5
S1_fixed_50pct,B4_plain,target_wind_band,>11,4572.0,0.2781965375617994,0.2860027062726583,-0.31796676516532896,0.3282595038414001,0.8782436264483963,0.18656912483083238,0.9220472440944881,0.7138232720909887,0.38232720909886264,0.3423814415931702,0.28591426071741033,0.21283945739269255,0.2111111111111111,0.12240813970565796,0.13958880139982502,0.07594313025474549,5
S1_fixed_50pct,B6,all,all,9922.0,0.07506499602471574,0.08611588670197572,0.0007771815522573889,0.12174401134252548,0.523627259461654,0.28757912114098605,0.5340858697843177,0.12096351542027817,0.8893771417053014,0.49510601758956907,0.788591009877041,0.39160107970237734,0.605966539004233,0.260085666179657,0.40495867768595045,0.16218625903129577,5
S1_fixed_50pct,B6,history_censor_frac,"(0,0.3]",2282.0,0.07744185294605804,0.08875612481608341,-0.022733888030052184,0.12518946528434755,0.531832146350997,0.2929133873874413,0.5486415425065732,0.11928133216476774,0.8824715162138475,0.5038220822811127,0.7832602979842244,0.3906371533870697,0.5859772129710781,0.25241454839706423,0.38913234005258546,0.15551796555519104,5
S1_fixed_50pct,B6,history_censor_frac,"(0.3,1]",5278.0,0.0738528078989249,0.08464001155282865,0.008835830166935921,0.11937749087810516,0.5263745633749537,0.2842534117681025,0.5307692307692308,0.13179234558544903,0.8884425918908677,0.49464645981788635,0.7891246684350133,0.39447820782661436,0.617620310723759,0.2643668055534363,0.4149298976885184,0.16510989964008332,5
S1_fixed_50pct,B6,history_censor_frac,0,2362.0,0.07547733363412339,0.08686298478021644,0.005484510460519232,0.12370333224534988,0.5095612891247041,0.2889597281957056,0.5274343776460626,0.09839119390347163,0.8981371718882304,0.48771212100982664,0.7925486875529212,0.38610329627990725,0.599237933954276,0.2579305589199066,0.3979678238780694,0.16209568977355956,5
S1_fixed_50pct,B6,target_cap_tertile,low,6179.0,0.07538472630433542,0.08632875082136333,-0.008744316780939699,0.12166297137737274,0.5411763255623494,0.28717844291108585,0.5574364783945622,0.13688299077520633,0.8868748988509468,0.49463891983032227,0.7836866806926688,0.3904307961463928,0.6004207800614986,0.2584495902061462,0.39867292442142743,0.1607363700866699,5
S1_fixed_50pct,B6,target_cap_tertile,mid,3743.0,0.07453718052971973,0.08576448745172299,0.01649541165679693,0.12187777608633041,0.4946570004618688,0.2858444975632222,0.4955383382313652,0.0946834090301897,0.8935078813785733,0.4958771049976349,0.7966871493454448,0.3935329854488373,0.6151215602457921,0.26278652548789977,0.415335292546086,0.16457975208759307,5
S1_fixed_50pct,B6,target_censoring,censored,4134.0,0.0734124808307074,0.08415880241214639,-0.04661630690097809,0.11883168518543244,0.6135738643185209,0.2625447920661312,0.6533139816158684,0.18829221093372037,0.8885824866956943,0.4889380753040314,0.7844218674407354,0.38951475024223325,0.6161103047895501,0.2606003820896149,0.4099661344944364,0.16261587738990785,5
S1_fixed_50pct,B6,target_censoring,uncensored,5788.0,0.07624528244697394,0.08751370744388216,0.03462733514606953,0.1238240897655487,0.4593841246174441,0.2873033875386227,0.44892881824464403,0.07287491361437456,0.8899447131997235,0.4995113968849182,0.7915687629578438,0.39309123158454895,0.5987214927436074,0.2597180366516113,0.40138217000691084,0.16187940835952758,5
S1_fixed_50pct,B6,target_wind_band,7-11,4703.0,0.08184946848199567,0.09449004076967008,0.03751101605594158,0.13530936241149902,0.4578384549382621,0.2757181099173634,0.4477992770571976,0.054858600893046984,0.920391239634276,0.5410235762596131,0.8316819051669148,0.42698745131492616,0.6248777376142887,0.28290027379989624,0.4205400807994897,0.17703381478786467,5
S1_fixed_50pct,B6,target_wind_band,<7,647.0,0.0998251697840241,0.11271524948703926,0.1524341493844986,0.15456352829933168,0.161920727795978,0.16599442562843025,0.058423493044822264,0.0,0.6497681607418857,0.4318670749664307,0.48995363214837717,0.33080061078071593,0.3149922720247295,0.21329520940780639,0.198145285935085,0.1313415765762329,5
S1_fixed_50pct,B6,target_wind_band,>11,4572.0,0.06458222997290908,0.07373762023165582,-0.05847069099545479,0.10314556062221528,0.6424874680489694,0.2448902367589026,0.6901574803149606,0.20608048993875766,0.8913823272090988,0.45682195425033567,0.7865266841644795,0.3638048887252808,0.6276902887139107,0.24323885142803192,0.4181977252843395,0.1512782245874405,5
S1_fixed_50pct,BQR,all,all,9922.0,0.15183414626422415,0.16013559836437302,-0.15451162159442902,0.21207262575626373,0.7023216370984608,0.3197281083501799,0.734589800443459,0.426708324934489,0.6422092320096755,0.4389367997646332,0.5044749042531748,0.2947704315185547,0.35525095746825236,0.1809634506702423,0.2305381979439629,0.11169593185186386,5
S1_fixed_50pct,BQR,history_censor_frac,"(0,0.3]",2282.0,0.10120996594833868,0.1086107110483229,-0.07354561090469361,0.15014541447162627,0.6066256764223483,0.3279264314595685,0.6303242769500439,0.27370727432077124,0.7586327782646801,0.41671507358551024,0.6268185801928132,0.303947377204895,0.45223488168273446,0.19741516411304474,0.2924627519719544,0.12148699909448624,5
S1_fixed_50pct,BQR,history_censor_frac,"(0.3,1]",5278.0,0.2069850941705643,0.21572755857140202,-0.24204935133457184,0.27705997228622437,0.8068230273412814,0.28965334801165576,0.8321333838575218,0.6284198560060629,0.47851458885941645,0.4270477831363678,0.326790450928382,0.2553994953632355,0.2161045850701023,0.14446144551038742,0.13865100416824555,0.08720190078020096,5
S1_fixed_50pct,BQR,history_censor_frac,0,2362.0,0.07750632087522637,0.0856925106770434,-0.037128199264407157,0.1266850546002388,0.5612631462268612,0.2912552327641599,0.6173581710414903,0.12379339542760373,0.8955122777307366,0.48697243332862855,0.7833192209991533,0.3738805174827576,0.5724809483488569,0.2466343879699707,0.37603725656223536,0.1569695293903351,5
S1_fixed_50pct,BQR,target_cap_tertile,low,6179.0,0.1865417250318579,0.19481758063009996,-0.21063562631607055,0.2518222123384476,0.7721720077290203,0.3108153212337056,0.7910017802233371,0.5779252306198414,0.5173329017640395,0.40342857241630553,0.3663699627771484,0.2474521279335022,0.24418190645735555,0.14339350014925004,0.1509629389868911,0.0855432078242302,5
S1_fixed_50pct,BQR,target_cap_tertile,mid,3743.0,0.09453835967453428,0.10288206686025161,-0.06186128780245781,0.14645341634750367,0.587011607676546,0.3001395717805376,0.641464066257013,0.17707721079348118,0.8483569329414907,0.49755430221557617,0.7324605931071333,0.37288419008255,0.5386053967405824,0.24298447072505952,0.36190221747261553,0.1548692286014557,5
S1_fixed_50pct,BQR,target_censoring,censored,4134.0,0.25097721706463966,0.26073380294217974,-0.33032403588294984,0.3320044219493866,0.9470792130486816,0.10943001991154921,0.9867924528301886,0.840396710208031,0.3284470246734398,0.41143123507499696,0.15960328979196903,0.2321118026971817,0.0757135945815191,0.12530399858951569,0.038848572810836965,0.07421171963214875,5
S1_fixed_50pct,BQR,target_censoring,uncensored,5788.0,0.08102256114174353,0.08828470380240813,-0.02894001230597496,0.1264129713177681,0.5275068791547474,0.3054550512036541,0.5544574982722874,0.1312370421561852,0.8663096060815481,0.4585822820663452,0.7507947477539737,0.3395235061645508,0.5549067035245335,0.2207174450159073,0.36744989633724945,0.13846850991249085,5
S1_fixed_50pct,BQR,target_wind_band,7-11,4703.0,0.06723206855559474,0.0742914628189983,-0.03063250780105591,0.10771992653608323,0.5810912290629255,0.2980223668024581,0.6087603657240059,0.19255794173931534,0.9075058473314905,0.43530874848365786,0.7352328301084414,0.3081672191619873,0.5185626196045077,0.19523849487304687,0.3388050180735701,0.12026498913764953,5
S1_fixed_50pct,BQR,target_wind_band,<7,647.0,0.09458431869405545,0.10244320916676955,0.14518630802631377,0.14667245149612426,0.1442312109246753,0.1613684933671156,0.04265842349304482,0.0003091190108191654,0.6361669242658423,0.36557085514068605,0.4707882534775889,0.2787306010723114,0.3007727975270479,0.18519666492938996,0.16908809891808346,0.11238766014575959,5
S1_fixed_50pct,BQR,target_wind_band,>11,4572.0,0.24696192620770252,0.256603652887721,-0.32435153126716615,0.3286703169345856,0.9060029832764052,0.16104692349967337,0.9619422572178478,0.7279090113735782,0.37016622922134734,0.4530510723590851,0.2718722659667542,0.283259654045105,0.19496937882764653,0.16568032205104827,0.1278652668416448,0.10278344601392746,5
S1_fixed_50pct,BT,all,all,9922.0,0.07944279723098426,0.09130580430506742,-0.03384971027262509,0.12951030284166337,0.5619261460618804,0.2729343555189979,0.6116508768393469,0.11366659947591211,0.9115904051602499,0.5137123167514801,0.8202580124974803,0.4107429802417755,0.6261439225962507,0.27591713666915896,0.4172344285426325,0.1734904408454895,5
S1_fixed_50pct,BT,history_censor_frac,"(0,0.3]",2282.0,0.07956160687099519,0.09099879646634638,-0.027257989440113307,0.1278203994035721,0.5425333917315198,0.28732181283083486,0.5581069237510955,0.1406660823838738,0.8909728308501315,0.49297720193862915,0.7851007887817704,0.3879325032234192,0.5957055214723926,0.2569447815418243,0.40245398773006136,0.16099386513233185,5
S1_fixed_50pct,BT,history_censor_frac,"(0.3,1]",5278.0,0.0809945477071095,0.09341250705410227,-0.04516872111707926,0.13353261947631836,0.583596013284254,0.26105952407365907,0.6547934823796893,0.10564607805987117,0.9214854111405835,0.5351439476013183,0.8376657824933688,0.43190523982048035,0.6442591890867753,0.2925323724746704,0.4237589996210686,0.18429292142391204,5
S1_fixed_50pct,BT,history_censor_frac,0,2362.0,0.07586055226422132,0.08689488761520943,-0.014925313193816691,0.12215492576360702,0.5322397388570514,0.28010190114104205,0.5669771380186284,0.10550381033022863,0.9093988145639289,0.4858551859855652,0.8153259949195597,0.3854927957057953,0.6150719729043184,0.25711936354637144,0.41693480101608804,0.16142506897449493,5
S1_fixed_50pct,BT,target_cap_tertile,low,6179.0,0.08144154772928115,0.09364088569814162,-0.04622416831552982,0.1331646114587784,0.5828199667502126,0.2712274920979744,0.639941738145331,0.1275610940281599,0.9061013108917301,0.51783846616745,0.8166693639747532,0.41443306803703306,0.6156335976695259,0.27865769267082213,0.4026217834601068,0.17523742318153382,5
S1_fixed_50pct,BT,target_cap_tertile,mid,3743.0,0.07614323021816659,0.08745101725515944,-0.013421767856925726,0.1234777182340622,0.5274343165045187,0.27216023383259075,0.5649479027518034,0.09072936147475288,0.9206518835158963,0.5069008648395539,0.8261822067860006,0.40465131402015686,0.643494523109805,0.2713929831981659,0.4413572001068662,0.17060647010803223,5
S1_fixed_50pct,BT,target_censoring,censored,4134.0,0.08561690731418338,0.09839672458040005,-0.10203479081392289,0.13970304727554322,0.6737578192422273,0.2222157466941082,0.7867440735365264,0.16710208030962748,0.9035800677310112,0.5336482644081115,0.8177068214804064,0.4318272590637207,0.6228350266086116,0.2932404220104218,0.4082728592162554,0.18508031368255615,5
S1_fixed_50pct,BT,target_censoring,uncensored,5788.0,0.07503302337404832,0.08624121128187717,0.014850552752614021,0.12223026901483536,0.4820518998753644,0.27752451250961896,0.48659295093296473,0.07550103662750518,0.9173116793365583,0.499473375082016,0.8220801658604009,0.3956838309764862,0.6285072563925362,0.26354421973228453,0.42363510711817554,0.16521250903606416,5
S1_fixed_50pct,BT,target_wind_band,7-11,4703.0,0.07443747566959438,0.08478985397304198,0.02406172836199403,0.11821849942207337,0.475545580806701,0.2702000599318649,0.45290240272166704,0.0785881352328301,0.9196682968318095,0.5326425433158875,0.8372528173506273,0.4175743103027344,0.6535402934297256,0.27493980526924133,0.4468637040187115,0.1714492917060852,5
S1_fixed_50pct,BT,target_wind_band,<7,647.0,0.09548851239683546,0.11104410809444525,0.15870926678180694,0.16035130321979524,0.18072421347214257,0.15080435358580024,0.05285935085007728,0.0006182380216383308,0.8052550231839257,0.41804327964782717,0.61483771251932,0.326024729013443,0.3480680061823802,0.21399382054805755,0.19629057187017002,0.13347140550613404,5
S1_fixed_50pct,BT,target_wind_band,>11,4572.0,0.08232084832260954,0.09521521634789072,-0.12067016512155533,0.1367612287402153,0.7047269878774247,0.18523713950235837,0.8540244969378827,0.165748031496063,0.9183289588801401,0.5077781736850738,0.831846019247594,0.41570470929145814,0.6373140857392826,0.28568545579910276,0.4180227471566054,0.18125328421592712,5
S1_fixed_50pct,ORACLE,all,all,9922.0,0.0751608137057522,0.08616973542531413,-0.00712747540383134,0.12156843096017837,0.5290273871689178,0.2936767719324316,0.5415440435396089,0.1253577907679903,0.8745615803265471,0.4716621577739716,0.7797016730497883,0.3695918083190918,0.5812537794799435,0.24184115529060363,0.39300544245111874,0.15034973323345185,5
S1_fixed_50pct,ORACLE,history_censor_frac,"(0,0.3]",2282.0,0.07739236887771307,0.0886890632163482,-0.026239584013819695,0.12509200125932693,0.5336058310714565,0.2973033375996461,0.5523225241016652,0.12453987730061349,0.8683610867659948,0.48075723052024844,0.7736196319018405,0.37200525403022766,0.5673093777388256,0.24020683467388154,0.38264680105170906,0.1481717824935913,5
S1_fixed_50pct,ORACLE,history_censor_frac,"(0.3,1]",5278.0,0.07407697986463961,0.08483846855591351,-0.00185041498625651,0.11938128620386124,0.5344236355332603,0.2911397841155747,0.5415687760515346,0.13315649867374005,0.8737779461917393,0.4705911338329315,0.7842364532019704,0.3703292906284332,0.5861311102690413,0.24260893762111663,0.4002652519893899,0.15088253617286682,5
S1_fixed_50pct,ORACLE,history_censor_frac,0,2362.0,0.07542671807111098,0.0867105146452789,-0.0004545242823951412,0.12305147349834442,0.5125458427774731,0.2949655008243519,0.5310753598645216,0.10872142252328536,0.8823031329381881,0.4652684092521667,0.7754445385266723,0.36561219692230223,0.5838272650296359,0.24170448184013366,0.3867908552074513,0.15126333832740785,5
S1_fixed_50pct,ORACLE,target_cap_tertile,low,6179.0,0.07580898690461264,0.08678935939087463,-0.017642844654619693,0.12219468653202056,0.5487821508679293,0.29321403601637047,0.5671791552031074,0.14112315908723094,0.8724389059718402,0.4718433439731598,0.7754652856449263,0.3689344346523285,0.5730377083670497,0.24056609272956847,0.3847871823919728,0.14935167729854584,5
S1_fixed_50pct,ORACLE,target_cap_tertile,mid,3743.0,0.07409079976085271,0.08514685097882782,0.010231452714651822,0.12053461223840714,0.4964159298095293,0.29151003242167584,0.49922522041143474,0.09933208656158161,0.8780657226823404,0.4713630676269531,0.7866951643067058,0.37067697644233705,0.5948169917178734,0.24394602477550506,0.4065722682340368,0.15199734270572662,5
S1_fixed_50pct,ORACLE,target_censoring,censored,4134.0,0.07572929144824121,0.08682553864022205,-0.05783014670014382,0.12262119203805924,0.625350686960177,0.27056028830598555,0.6685534591194969,0.19598451862602806,0.8652152878567974,0.46460328102111814,0.7701015965166909,0.36513689160346985,0.5708756652152879,0.23889355659484862,0.3836477987421384,0.1487576335668564,5
S1_fixed_50pct,ORACLE,target_censoring,uncensored,5788.0,0.07475478623729166,0.08570133693007756,0.029086213931441306,0.12081651985645295,0.4602297850028735,0.29008206615977855,0.45082930200414656,0.07491361437456807,0.8812370421561851,0.47670387029647826,0.786558396682792,0.37277366518974303,0.5886662059433311,0.24394643306732178,0.39968901174844507,0.15148687362670898,5
S1_fixed_50pct,ORACLE,target_wind_band,7-11,4703.0,0.0788365397075567,0.0906750438097878,0.029201851040124894,0.12871067225933075,0.4659414462575054,0.277200731958691,0.4625132893897512,0.058260684669359984,0.9178396768020413,0.5183274626731873,0.8267914097384648,0.40641250610351565,0.6291728683818839,0.2674263119697571,0.42300659153731657,0.16659834682941438,5
S1_fixed_50pct,ORACLE,target_wind_band,<7,647.0,0.09988895237324917,0.11284344464703919,0.15287309885025024,0.15479210913181304,0.15802532029791216,0.1633947950879219,0.055332302936630606,0.0,0.6395672333848532,0.42534465789794923,0.4853168469860897,0.32682844400405886,0.30510046367851623,0.21071099042892455,0.1901081916537867,0.12965688109397888,5
S1_fixed_50pct,ORACLE,target_wind_band,>11,4572.0,0.06788040139071345,0.07776064636174551,-0.06713998392224312,0.10951995104551315,0.6464227321758982,0.2584240366132679,0.6916447944006999,0.2121172353455818,0.8632983377077865,0.4302143335342407,0.7729221347331584,0.3377677083015442,0.5710411198600175,0.21992824971675873,0.3908573928258968,0.13656386733055115,5
S2_fixed_70pct,B0_climatology,all,all,9922.0,0.24201163108487075,0.27187566103192096,-0.35942700505256653,0.3854532539844513,0.7971764354770227,0.2401669044246248,0.8685748840959484,0.47591211449304577,0.5171336424108043,0.6100000143051147,0.5118927635557348,0.5900000333786011,0.34267284821608546,0.39000001549720764,0.20338641402942956,0.24000000953674316,1
S2_fixed_70pct,B0_climatology,history_censor_frac,"(0,0.3]",2274.0,0.1842311010331492,0.21087682300624247,-0.2824755907058716,0.30803802609443665,0.7549121701203036,0.22685669398748592,0.8566402814423922,0.3153034300791557,0.6807387862796834,0.6100000739097595,0.6767810026385225,0.5899999737739563,0.46130167106420406,0.39000004529953003,0.2612137203166227,0.24000000953674316,1
S2_fixed_70pct,B0_climatology,history_censor_frac,"(0.3,1]",3854.0,0.3512305627907102,0.3891707262345706,-0.5382095575332642,0.5414343476295471,0.9295640815583561,0.12783009209469026,0.9776855215360665,0.7742605085625325,0.22573949143746758,0.6100000143051147,0.2254800207576544,0.5900000333786011,0.11702127659574468,0.39000001549720764,0.05500778412039439,0.24000002443790436,1
S2_fixed_70pct,B0_climatology,history_censor_frac,0,3794.0,0.16569723006834716,0.18928635591314957,-0.22393934428691864,0.27340561151504517,0.6880269761791102,0.26946501769397285,0.764891934633632,0.2691091196626252,0.7150764364786505,0.6100000739097595,0.7040063257775435,0.5900000333786011,0.5007907221929362,0.38999998569488525,0.31945176594623087,0.24000000953674316,1
S2_fixed_70pct,B0_climatology,target_cap_tertile,low,6179.0,0.24660962379336607,0.27631586133816366,-0.3702513575553894,0.39015844464302063,0.8087039145898436,0.22495980089082224,0.885903867939796,0.48826670982359605,0.5097912283541026,0.6100000739097595,0.5062307816798834,0.5900000333786011,0.3502184819550089,0.39000001549720764,0.2110373846900793,0.23999999463558197,1
S2_fixed_70pct,B0_climatology,target_cap_tertile,mid,3743.0,0.23442119642128736,0.26454571240988684,-0.341558039188385,0.37768593430519104,0.7781467017238513,0.2622503373669196,0.8399679401549559,0.4555169650013358,0.5292546086027251,0.6100001335144043,0.5212396473417045,0.5900000333786011,0.33021640395404755,0.38999998569488525,0.1907560780122896,0.23999999463558197,1
S2_fixed_70pct,B0_climatology,target_censoring,censored,2998.0,0.4111497360390373,0.4525942737154085,-0.6223719716072083,0.6223719716072083,0.9840972848264831,0.013026551774123919,1.0,1.0,0.0,0.6100001335144043,0.0,0.5900000333786011,0.0,0.39000004529953003,0.0,0.24000002443790436,1
S2_fixed_70pct,B0_climatology,target_censoring,uncensored,6924.0,0.16877707899755254,0.19362690296937107,-0.24557535350322723,0.28287065029144287,0.7162421913479524,0.24678483251324534,0.8116695551704217,0.24898902368573078,0.7410456383593299,0.6100000739097595,0.7335355285961872,0.5900000333786011,0.49104563835932985,0.39000001549720764,0.29145002888503757,0.24000002443790436,1
S2_fixed_70pct,B0_climatology,target_wind_band,7-11,4703.0,0.09804853112814073,0.11883517582612393,-0.173473060131073,0.1868574172258377,0.7008236020457597,0.157798896642592,0.8603019349351477,0.04188815649585371,0.9581118435041462,0.6100001335144043,0.9581118435041462,0.5900000333786011,0.6670210503933659,0.3900000751018524,0.41250265787795026,0.24000002443790436,1
S2_fixed_70pct,B0_climatology,target_wind_band,<7,647.0,0.08863208555779097,0.1033444081074065,0.15091635286808014,0.15091635286808014,0.18116680147133754,0.09730951030353022,0.0,0.0,0.893353941267388,0.6100000739097595,0.8129829984544049,0.5899999737739563,0.40494590417310666,0.39000004529953003,0.1205564142194745,0.23999999463558197,1
S2_fixed_70pct,B0_climatology,target_wind_band,>11,4572.0,0.41180494365103915,0.4531506222228712,-0.6229296326637268,0.6229296326637268,0.9834637514938441,0.01639626393513447,1.0,0.9897200349956256,0.010279965004374452,0.6100000739097595,0.010279965004374452,0.5899999737739563,0.00021872265966754156,0.39000001549720764,0.0,0.24000000953674316,1
S2_fixed_70pct,B0_persistence,all,all,9922.0,0.16165526855058895,0.14548974097712947,-0.0603754036128521,0.1616552770137787,0.6157024793388429,0.48642875765608745,0.6157024793388429,0.6157024793388429,0.0,0.0,0.0,0.0,0.0,0.0,0.0,0.0,1
S2_fixed_70pct,B0_persistence,history_censor_frac,"(0,0.3]",2274.0,0.1555009126530513,0.13995082069846915,-0.02659084089100361,0.15550090372562408,0.544415127528584,0.4980233894573824,0.544415127528584,0.544415127528584,0.0,0.0,0.0,0.0,0.0,0.0,0.0,0.0,1
S2_fixed_70pct,B0_persistence,history_censor_frac,"(0.3,1]",3854.0,0.19681369010156063,0.17713232046765523,-0.13540850579738617,0.1968136876821518,0.7602490918526207,0.4269313881525768,0.7602490918526207,0.7602490918526207,0.0,0.0,0.0,0.0,0.0,0.0,0.0,0.0,1
S2_fixed_70pct,B0_persistence,history_censor_frac,0,3794.0,0.12962955654572753,0.11666660005915035,-0.00440504914149642,0.12962955236434937,0.5115972588297312,0.49986548549348375,0.5115972588297312,0.5115972588297312,0.0,0.0,0.0,0.0,0.0,0.0,0.0,0.0,1
S2_fixed_70pct,B0_persistence,target_cap_tertile,low,6179.0,0.17842362632215034,0.16058126295687483,-0.10016991943120956,0.17842362821102142,0.6954199708690727,0.4602293286890035,0.6954199708690727,0.6954199708690727,0.0,0.0,0.0,0.0,0.0,0.0,0.0,0.0,1
S2_fixed_70pct,B0_persistence,target_cap_tertile,mid,3743.0,0.13397381445748774,0.12057643231753913,0.005317982751876116,0.13397382199764252,0.48410366016564255,0.4997472424935135,0.48410366016564255,0.48410366016564255,0.0,0.0,0.0,0.0,0.0,0.0,0.0,0.0,1
S2_fixed_70pct,B0_persistence,target_censoring,censored,2998.0,0.23463809748414438,0.21117428709380698,-0.23286959528923035,0.23463809490203857,0.985657104736491,0.11889985962552276,0.985657104736491,0.985657104736491,0.0,0.0,0.0,0.0,0.0,0.0,0.0,0.0,1
S2_fixed_70pct,B0_persistence,target_censoring,uncensored,6924.0,0.13005467335376641,0.1170492052668754,0.014312290586531162,0.13005466759204865,0.45551704217215483,0.49801733550438393,0.45551704217215483,0.45551704217215483,0.0,0.0,0.0,0.0,0.0,0.0,0.0,0.0,1
S2_fixed_70pct,B0_persistence,target_wind_band,7-11,4703.0,0.12800358295442257,0.11520322388299037,0.024253854528069496,0.1280035823583603,0.44886242823729533,0.4973780742596262,0.44886242823729533,0.44886242823729533,0.0,0.0,0.0,0.0,0.0,0.0,0.0,0.0,1
S2_fixed_70pct,B0_persistence,target_wind_band,<7,647.0,0.15261095296159685,0.13734985664198998,0.14029952883720398,0.15261095762252808,0.160741885625966,0.3672927059327136,0.160741885625966,0.160741885625966,0.0,0.0,0.0,0.0,0.0,0.0,0.0,0.0,1
S2_fixed_70pct,B0_persistence,target_wind_band,>11,4572.0,0.19755105803983836,0.17779595161986161,-0.1758277267217636,0.19755105674266815,0.8517060367454068,0.35539114186602705,0.8517060367454068,0.8517060367454068,0.0,0.0,0.0,0.0,0.0,0.0,0.0,0.0,1
S2_fixed_70pct,B1,all,all,9922.0,0.09126813241643494,0.1042066297899473,-0.0655794009566307,0.14522604048252105,0.6154015997687217,0.2986336292202706,0.6512799838742189,0.23410602701068334,0.8160653094134247,0.47309675216674807,0.6956258818786536,0.3672658681869507,0.5057044950614795,0.2391267955303192,0.33184841765773027,0.14826809465885163,5
S2_fixed_70pct,B1,history_censor_frac,"(0,0.3]",2274.0,0.09284858437309905,0.10518698384412055,-0.0600235216319561,0.14496337473392487,0.595546857089613,0.30369841814664433,0.6181178540017591,0.21565523306948106,0.8233948988566404,0.4829357862472534,0.7092348284960422,0.3708188235759735,0.5057167985927881,0.2392022877931595,0.343183817062445,0.147936674952507,5
S2_fixed_70pct,B1,history_censor_frac,"(0.3,1]",3854.0,0.10179571162459315,0.11644690432077473,-0.10349753201007843,0.16187180876731871,0.6877488773283073,0.279314634496737,0.7401141670991178,0.3305137519460301,0.7661131292163985,0.47751115560531615,0.6266216917488323,0.370664244890213,0.45111572392319665,0.24127452075481415,0.2911779968863518,0.14961079955101014,5
S2_fixed_70pct,B1,history_censor_frac,0,3794.0,0.07962679398267221,0.09118518984239884,-0.030391624569892882,0.12847447097301484,0.5538104761887663,0.2979919413393922,0.580917237743806,0.14723247232472322,0.8624143384290985,0.46271533370018003,0.7575645756457565,0.36168423295021057,0.5611491829204006,0.23689984083175658,0.36636794939377965,0.14710280001163484,5
S2_fixed_70pct,B1,target_cap_tertile,low,6179.0,0.09883680391366689,0.11259980147214992,-0.09392800331115722,0.15614667236804963,0.6589226549378676,0.2926407676451928,0.7032853212493931,0.29250687813562065,0.7823919728111345,0.47047741413116456,0.6531477585369801,0.36268943548202515,0.4623078167988348,0.23446933329105377,0.29969250687813564,0.14509952962398528,5
S2_fixed_70pct,B1,target_cap_tertile,mid,3743.0,0.07877365708076939,0.09035105730148082,-0.01878110393881798,0.12719810754060745,0.5435563954165568,0.2942930422330008,0.5654288004274646,0.13769703446433343,0.871653753673524,0.4774207830429077,0.7657493988779054,0.37482073307037356,0.5773443761688485,0.24681538045406343,0.3849318728292813,0.15349880158901213,5
S2_fixed_70pct,B1,target_censoring,censored,2998.0,0.13039875190864733,0.1479723634358689,-0.18772484064102174,0.20283863246440886,0.8104016555824171,0.2068934989372749,0.881320880587058,0.5024016010673783,0.656837891927952,0.48174782991409304,0.494996664442962,0.37258840203285215,0.3250166777851901,0.24087791740894318,0.1981987991994663,0.14899266064167022,5
S2_fixed_70pct,B1,target_censoring,uncensored,6924.0,0.07432509410943715,0.08525664864169875,-0.012692046235315502,0.12028055936098099,0.5309691665900014,0.29222538191981207,0.5516753321779319,0.11793760831889082,0.8850086655112651,0.46935094594955445,0.7824956672443675,0.3649612903594971,0.5839399191218948,0.23836856782436372,0.38971692663200463,0.1479543626308441,5
S2_fixed_70pct,B1,target_wind_band,7-11,4703.0,0.06989015547672332,0.08039983861003615,-0.006889579072594643,0.11421605050563813,0.5303015577203452,0.27576184988419816,0.5581118435041462,0.08836912608972995,0.9284286625558155,0.48340888023376466,0.8361896661705295,0.37367255091667173,0.6245375292366575,0.24303508102893828,0.4217733361684031,0.1508071392774582,5
S2_fixed_70pct,B1,target_wind_band,<7,647.0,0.09232803292635834,0.10471385276328722,0.14258871078491211,0.14489323198795317,0.16703801364693466,0.1684671202382549,0.05780525502318392,0.0,0.6664605873261206,0.4010170042514801,0.5013910355486862,0.3095363199710846,0.32982998454404944,0.20088717341423035,0.198145285935085,0.1244791328907013,5
S2_fixed_70pct,B1,target_wind_band,>11,4572.0,0.11310865514555642,0.1286237701345167,-0.15540944635868073,0.17717165350914002,0.7663895127114841,0.22871647032084658,0.8311023622047244,0.4171478565179353,0.7216535433070865,0.4726893961429596,0.5785214348206474,0.36884514689445497,0.40835520559930016,0.24051794409751892,0.25826771653543307,0.14902274906635285,5
S2_fixed_70pct,B2_recon,all,all,9922.0,0.07832661299579542,0.08953480087103005,0.017532471846789122,0.12587106972932816,0.46231194754115795,0.3000853907590507,0.4426325337633542,0.11032049989921386,0.8400524087885508,0.48377483487129214,0.7387220318484177,0.37769743204116824,0.5503527514613988,0.24686212837696075,0.36174158435799236,0.15262911319732667,5
S2_fixed_70pct,B2_recon,history_censor_frac,"(0,0.3]",2274.0,0.08613316333856189,0.09914422614968284,-0.00044656316749751567,0.14124142229557038,0.493458511351572,0.2820372019001259,0.4952506596306069,0.08170624450307827,0.892788038698329,0.5886235713958741,0.8122251539138083,0.46831573247909547,0.6251539138082673,0.31134740710258485,0.4175021987686895,0.1949437141418457,5
S2_fixed_70pct,B2_recon,history_censor_frac,"(0.3,1]",3854.0,0.07400216312506619,0.08383661976984971,0.05964205712080002,0.11601412892341614,0.387549586729563,0.30598393427717924,0.3164504411001557,0.13233004670472237,0.7523611831863,0.3854883134365082,0.640373637778931,0.298913836479187,0.45578619615983396,0.19540995955467225,0.2916969382459782,0.12024908661842346,5
S2_fixed_70pct,B2_recon,history_censor_frac,0,3794.0,0.07804045968065033,0.08956351907880354,-0.014467007108032703,0.12667141258716583,0.5195883978476957,0.2881734177453723,0.5392725355824987,0.10511333684765418,0.8975224037954666,0.5207727789878845,0.7945703742751713,0.40341328382492064,0.6015814443858725,0.2604775905609131,0.3994728518713758,0.16015920639038086,5
S2_fixed_70pct,B2_recon,target_cap_tertile,low,6179.0,0.08033713157648151,0.09147998456214165,0.016353917634114624,0.12774493992328645,0.4558180482511699,0.3093251182931409,0.4308140475805146,0.12561903220585857,0.8111344877811945,0.467432564496994,0.7052273830716944,0.36204919815063474,0.5115714516912122,0.23445346653461457,0.32772293251335166,0.14459847509860993,5
S2_fixed_70pct,B2_recon,target_cap_tertile,mid,3743.0,0.07500761905776196,0.0863236627392164,0.019478045962750913,0.12277766466140747,0.4730321729520143,0.28378338185384006,0.46214266631044615,0.08506545551696501,0.887790542345712,0.5107528626918793,0.7940154955917713,0.4035297930240631,0.6143734971947635,0.26734650433063506,0.41790008014961266,0.165886190533638,5
S2_fixed_70pct,B2_recon,target_censoring,censored,2998.0,0.06978573211532012,0.07961497444627265,-0.01633858848363161,0.11097150146961213,0.46327483236820244,0.32973246718019117,0.42174783188792525,0.1932621747831888,0.7324883255503669,0.36856170892715456,0.6125416944629754,0.28451700806617736,0.42541694462975316,0.18537624180316925,0.26344229486324217,0.11364509463310242,5
S2_fixed_70pct,B2_recon,target_censoring,uncensored,6924.0,0.08202470093335536,0.09382995390705298,0.032198190689086914,0.13232238888740538,0.4618950312050112,0.28615269452036796,0.4516753321779318,0.07440785673021375,0.8866262276140959,0.53366060256958,0.7933564413633738,0.418043315410614,0.6044482957827845,0.2734846889972687,0.4043038705950318,0.1695086717605591,5
S2_fixed_70pct,B2_recon,target_wind_band,7-11,4703.0,0.0874965263211788,0.0999332642799519,0.04064943790435791,0.1404459685087204,0.4658275962435911,0.2769158872604097,0.46225813310652775,0.056644694875611315,0.9172017860939825,0.5751503109931946,0.8293004465234957,0.44970954656600953,0.6299808632787582,0.29216798543930056,0.4206251328938976,0.18090410232543946,5
S2_fixed_70pct,B2_recon,target_wind_band,<7,647.0,0.10090125956568274,0.11392162717661644,0.1545083373785019,0.15639931261539458,0.1598764546690076,0.16359689607884456,0.05285935085007728,0.0,0.6491499227202473,0.4531251907348633,0.4921174652241113,0.34218546748161316,0.31468315301391037,0.21907882690429686,0.1910355486862442,0.13401236534118652,5
S2_fixed_70pct,B2_recon,target_wind_band,>11,4572.0,0.06569933856447542,0.0753873271107777,-0.025630800798535348,0.10655840337276459,0.5014942896323079,0.31320952761318577,0.4776027996500437,0.18114610673665793,0.7877077865266842,0.3941185474395752,0.6804461942257218,0.3086474061012268,0.5017935258092738,0.20418985188007355,0.3253280839895013,0.12617847919464112,5
S2_fixed_70pct,B4,all,all,9922.0,0.11505215822630946,0.12490599813841777,-0.07577230930328369,0.15915580093860626,0.6399588395311953,0.3237639884479552,0.6572263656520863,0.35099778270509974,0.6966539004233018,0.41536463499069215,0.567788752267688,0.3049361050128937,0.41598468050796206,0.19220721125602722,0.2764362023785527,0.1186724528670311,5
S2_fixed_70pct,B4,history_censor_frac,"(0,0.3]",2274.0,0.09855139619562686,0.10903224646098779,-0.04014577344059944,0.1455434590578079,0.5737727471827022,0.318249300635328,0.5813544415127528,0.24186455584872474,0.7698328935795955,0.45420491099357607,0.6645558487247142,0.3546684205532074,0.5059806508355321,0.23928408324718475,0.3381706244503079,0.1505400210618973,5
S2_fixed_70pct,B4,history_censor_frac,"(0.3,1]",3854.0,0.16041477321601555,0.16830197606190642,-0.1462007075548172,0.19875996708869934,0.7749819644280448,0.308628004422374,0.791437467566165,0.6320186818889465,0.47727036844836535,0.32621119916439056,0.3073170731707317,0.19978151619434356,0.19932537623248572,0.10460196882486343,0.13149974052932017,0.06160560175776482,5
S2_fixed_70pct,B4,history_censor_frac,0,3794.0,0.07886217791198286,0.09033794658263243,-0.025583507493138313,0.12708412110805511,0.5424701865654639,0.2931417316975411,0.5663679493937797,0.1309435951502372,0.8756457564575646,0.4826483964920044,0.7743806009488666,0.3819456934928894,0.5821296784396416,0.2529815465211868,0.38666315234580917,0.15754138827323913,5
S2_fixed_70pct,B4,target_cap_tertile,low,6179.0,0.13315391321725698,0.14232668549107771,-0.10886472761631012,0.17603236734867095,0.694966529911695,0.3247861838211758,0.7116361870852889,0.4638938339537142,0.6054377731024438,0.3800346374511719,0.46557695419970874,0.26382909119129183,0.33011814209419,0.15847742557525635,0.2149862437287587,0.09676679223775864,5
S2_fixed_70pct,B4,target_cap_tertile,mid,3743.0,0.0851695121966368,0.09614766868287786,-0.021142847090959548,0.13129572570323944,0.5491513271451123,0.3007338379849661,0.5674058242051829,0.16462730430136255,0.8472348383649478,0.4736879527568817,0.7365215068127171,0.37279614210128786,0.5577344376168848,0.2478888601064682,0.37787870691958325,0.15483463406562806,5
S2_fixed_70pct,B4,target_censoring,censored,2998.0,0.20004066066832604,0.2080795913919092,-0.24107709228992463,0.24229389429092407,0.9487596947127122,0.08358562523680689,0.990126751167445,0.8919279519679787,0.2997998665777185,0.31011140942573545,0.10800533689126084,0.1763909190893173,0.035757171447631755,0.08418145179748535,0.01781187458305537,0.04855903759598732,5
S2_fixed_70pct,B4,target_censoring,uncensored,6924.0,0.07825326592111512,0.08889293739694357,-0.00419753547757864,0.12315811067819596,0.5062521723107752,0.2965757791150171,0.5130849220103986,0.11678220681686886,0.8684864240323513,0.46093789935112,0.7668688619295205,0.36059445738792417,0.5806181398035818,0.23898092806339263,0.38841709994222995,0.14903061985969543,5
S2_fixed_70pct,B4,target_wind_band,7-11,4703.0,0.06953280146934061,0.07983481350932481,0.010323261690791697,0.11298988461494446,0.48415880067806827,0.27562837342833973,0.4875611311928556,0.07029555602806718,0.9206038698702954,0.4737860918045044,0.829555602806719,0.3686897814273834,0.6348713587072081,0.24357600808143615,0.4269615139272805,0.1519332319498062,5
S2_fixed_70pct,B4,target_wind_band,<7,647.0,0.09827526459726613,0.1115412355121557,0.15248360931873323,0.15423405468463897,0.15805214619842217,0.1586621122625112,0.04482225656877898,0.0,0.6581143740340031,0.4196692228317261,0.48995363214837717,0.3267727971076965,0.31468315301391037,0.21351159512996673,0.18670788253477588,0.13236166834831237,5
S2_fixed_70pct,B4,target_wind_band,>11,4572.0,0.1642499239756567,0.17315988762437923,-0.19663605093955994,0.20734099745750428,0.868419297386086,0.18821948376739195,0.9184164479440071,0.689413823272091,0.47174103237095366,0.3546600937843323,0.3095363079615048,0.23626553118228913,0.20516185476815396,0.13635170608758926,0.1342957130358705,0.0825214371085167,5
S2_fixed_70pct,B4_plain,all,all,9922.0,0.11800145483388738,0.12701539806671489,-0.07655239403247834,0.16081006228923797,0.6426172507134761,0.32676238983430206,0.6606934085869784,0.36047167909695627,0.6745414231001814,0.40470590591430666,0.5552308002418866,0.2984327733516693,0.4069340858697843,0.19416649639606476,0.2725660149163475,0.12134308367967606,5
S2_fixed_70pct,B4_plain,history_censor_frac,"(0,0.3]",2274.0,0.0983882923726207,0.10912517392722129,-0.038036714494228366,0.14559939801692962,0.5690825344802085,0.31761741752108724,0.5782761653474054,0.23817062445030784,0.7796833773087071,0.463500440120697,0.6685136323658751,0.3571371972560883,0.5053649956024626,0.24117940962314605,0.3475813544415128,0.15234564542770385,5
S2_fixed_70pct,B4_plain,history_censor_frac,"(0.3,1]",3854.0,0.16713405956614344,0.17247117693332092,-0.14900610148906707,0.20114199221134185,0.782371048850779,0.3107963320820674,0.7984950700570835,0.6500259470679813,0.42241826673585886,0.29535235166549684,0.2868188894654904,0.18314841389656067,0.1893617021276596,0.10449091196060181,0.12444213803840168,0.06196626797318459,5
S2_fixed_70pct,B4_plain,history_censor_frac,0,3794.0,0.0798473359089547,0.09156357886305358,-0.026037907972931863,0.1289570927619934,0.5447276372957864,0.2965744111432125,0.570110701107011,0.1396415392725356,0.8676331049024777,0.4805492877960205,0.7599894570374275,0.3803547739982605,0.5689509752240379,0.25708223283290865,0.37807063784923567,0.16307696998119353,5
S2_fixed_70pct,B4_plain,target_cap_tertile,low,6179.0,0.13589934496890524,0.14350475260218096,-0.10774319022893905,0.17572952806949615,0.6958351605079611,0.3266651548527366,0.7119598640556724,0.46690402977828127,0.5823596051140961,0.36794658899307253,0.46269622916329506,0.2566101223230362,0.32934131736526945,0.15836542546749116,0.21696067324809842,0.09684965312480927,5
S2_fixed_70pct,B4_plain,target_cap_tertile,mid,3743.0,0.08845535193667245,0.09979452666018411,-0.025062164478003978,0.1361807942390442,0.5547643347048938,0.3072549960259182,0.5760619823670853,0.1847715736040609,0.8267165375367351,0.46538872718811036,0.7079882447234838,0.36747422218322756,0.5350253807106599,0.25326742231845856,0.36436013892599517,0.16177718639373778,5
S2_fixed_70pct,B4_plain,target_censoring,censored,2998.0,0.2051463768589469,0.2099817967687231,-0.24012579023838043,0.24123094081878663,0.9533161807083251,0.07839265755483957,0.9915276851234156,0.8988659106070713,0.24996664442961974,0.2796184152364731,0.10113408939292863,0.16191660463809968,0.03602401601067378,0.08502468019723892,0.019946631087391593,0.049228817224502563,5
S2_fixed_70pct,B4_plain,target_censoring,uncensored,6924.0,0.0802688615018353,0.09109204981301464,-0.00572728777769953,0.12598889470100402,0.5080887423188261,0.30068392813454736,0.5174465626805315,0.12735413056036973,0.8583766608896592,0.45886712074279784,0.7518486424032351,0.35754247307777404,0.5675332177931832,0.24142345190048217,0.38194685153090696,0.1525675982236862,5
S2_fixed_70pct,B4_plain,target_wind_band,7-11,4703.0,0.06921484959789524,0.07951814951079446,0.012589475070126355,0.11265970319509507,0.4788763368998388,0.2774602078527345,0.4808845417818414,0.07148628534977673,0.9178822028492452,0.46835254430770873,0.82326174782054,0.36236956119537356,0.6275568785881352,0.23975928425788878,0.42364448224537526,0.1500514566898346,5
S2_fixed_70pct,B4_plain,target_wind_band,<7,647.0,0.10161824979066528,0.11517080998320846,0.15738006234169005,0.15887801051139833,0.1485937757181781,0.1527752146338784,0.03554868624420402,0.0,0.6383307573415765,0.4226769685745239,0.4751159196290572,0.3266584098339081,0.2927357032457496,0.21197526454925536,0.16692426584234932,0.1309737205505371,5
S2_fixed_70pct,B4_plain,target_wind_band,>11,4572.0,0.17050437217593367,0.17754973937216603,-0.20135302245616912,0.21061348021030427,0.8809607997046166,0.1734050166203644,0.9341207349081365,0.7087489063867017,0.42935258092738404,0.3366924703121185,0.29085739282589673,0.22866972386837006,0.19615048118985126,0.1447471559047699,0.1321084864391951,0.09044925719499589,5
S2_fixed_70pct,B6,all,all,9922.0,0.07445067528476539,0.08539303837247023,0.001445997878909111,0.12072470039129257,0.5197019494244323,0.2913738391752438,0.526647853255392,0.12277766579318686,0.8835113888328966,0.47896249294281007,0.7803467042934893,0.3759749948978424,0.5948800645031243,0.24805965423583984,0.39300544245111874,0.15400565266609192,5
S2_fixed_70pct,B6,history_censor_frac,"(0,0.3]",2274.0,0.08364969422875287,0.09603216833167552,-0.006847618651227095,0.13574894666671752,0.5138452411107035,0.2913114626260479,0.5236587510993844,0.10861917326297274,0.8883905013192612,0.544615626335144,0.7895338610378188,0.4285497009754181,0.593051890941073,0.2824045717716217,0.39313984168865435,0.1759727418422699,5
S2_fixed_70pct,B6,history_censor_frac,"(0.3,1]",3854.0,0.06599778012728022,0.07550552088326101,0.021648807823657988,0.1063694790005684,0.5175494081547894,0.2892505744944752,0.5106382978723405,0.13617021276595745,0.8796574987026465,0.43320236206054685,0.7758692267773741,0.3419289171695709,0.603425012973534,0.22733418941497802,0.3996886351842242,0.14076129496097564,5
S2_fixed_70pct,B6,history_censor_frac,0,3794.0,0.07752365600651559,0.08906017355332933,-0.014105382841080427,0.1263019025325775,0.5253988521019817,0.2932983684213926,0.5447021613073273,0.11765946230890881,0.8845018450184503,0.486095929145813,0.779388508170796,0.3790479600429535,0.5872957301001581,0.2485276699066162,0.386136004217185,0.15429309606552125,5
S2_fixed_70pct,B6,target_cap_tertile,low,6179.0,0.074698528034753,0.08549462248945122,-0.007641549687832594,0.1204805389046669,0.5367180745954929,0.2914287674592339,0.5494092895290501,0.13808059556562552,0.8804984625343906,0.47703899145126344,0.775530021039003,0.3734963655471802,0.5890273507039974,0.24553163349628448,0.3858229486972002,0.15193494260311127,5
S2_fixed_70pct,B6,target_cap_tertile,mid,3743.0,0.07404151628338321,0.08522534180318739,0.016447856556624174,0.12112775593996047,0.49161147722780296,0.2890684069407635,0.48907293614747527,0.09751536200908362,0.8884851723216671,0.4821378529071808,0.78829815655891,0.38006680011749266,0.604541811381245,0.25223296582698823,0.4048624098316858,0.15742400884628296,5
S2_fixed_70pct,B6,target_censoring,censored,2998.0,0.06610497368474474,0.07558038789149786,-0.058448657393455505,0.106229767203331,0.6381606436150966,0.25987377684101387,0.6783855903935957,0.2218145430286858,0.8728485657104736,0.4334656298160553,0.7607738492328219,0.3408959209918976,0.5858572381587724,0.22535756528377532,0.3846564376250834,0.13859106302261354,5
S2_fixed_70pct,B6,target_censoring,uncensored,6924.0,0.07806425318725843,0.08964178564889355,0.027379588596522807,0.12700081318616868,0.4684109088144363,0.28923432603299737,0.46094742923165805,0.07989601386481802,0.8881282495667244,0.4986620366573334,0.7888214904679376,0.39116376638412476,0.5987868284228769,0.2578893661499023,0.3966204506065858,0.16067994832992555,5
S2_fixed_70pct,B6,target_wind_band,7-11,4703.0,0.08116257123921607,0.09347784561365001,0.0356760174036026,0.13313060998916626,0.4578979247405604,0.27809933942770326,0.4508611524558792,0.05511375717627046,0.9154156921114183,0.5295487761497497,0.82228364873485,0.41526430249214175,0.621390601743568,0.27362915873527527,0.41377843929406766,0.1708182007074356,5
S2_fixed_70pct,B6,target_wind_band,<7,647.0,0.10033934964054196,0.1132473716755336,0.1527927279472351,0.15522867143154145,0.16524737139166015,0.16931108621005103,0.06244204018547141,0.0,0.6540958268933539,0.4326027810573578,0.49891808346213296,0.3313539445400238,0.32395672333848535,0.2137063354253769,0.19783616692426584,0.13179907202720642,5
S2_fixed_70pct,B6,target_wind_band,>11,4572.0,0.0638828671084817,0.07313481394063501,-0.055182415246963504,0.10308054536581039,0.6334369538153888,0.25657966766002077,0.6702974628171479,0.20975503062117234,0.8831583552055993,0.4334873080253601,0.7770341207349082,0.3418744444847107,0.6059492563429572,0.22661897540092468,0.39925634295713036,0.139853897690773,5
S2_fixed_70pct,BQR,all,all,9922.0,0.10604842568063803,0.11480561693064735,-0.08474381417036056,0.16104477643966675,0.6491529513568411,0.32038800618989605,0.6753880266075388,0.32370489820600684,0.7221931062285829,0.47218828201293944,0.6028623261439225,0.35079429149627683,0.4314452731304173,0.22257427871227264,0.2758919572666801,0.13370930254459382,5
S2_fixed_70pct,BQR,history_censor_frac,"(0,0.3]",2274.0,0.0949108781047303,0.10332488524506611,-0.04899211227893829,0.14688017666339875,0.5809736521782344,0.31831153776419324,0.5947229551451187,0.22251539138082674,0.809146877748461,0.49093601703643797,0.684608619173263,0.36933466196060183,0.49217238346525943,0.23786273300647737,0.31996481970096746,0.14325390458106996,5
S2_fixed_70pct,BQR,history_censor_frac,"(0.3,1]",3854.0,0.1405850539201427,0.15038606072998628,-0.16078162491321563,0.20493710041046143,0.7901494045084139,0.2931315634454795,0.8181629475869228,0.5722885313959523,0.5103788271925273,0.44871155023574827,0.38287493513233006,0.31875966787338256,0.24665282823040996,0.19276895523071289,0.15054488842760766,0.11271180659532547,5
S2_fixed_70pct,BQR,history_censor_frac,0,3794.0,0.07764110305348022,0.08554366475625605,-0.028931914642453194,0.12494813352823257,0.5467911685118201,0.2948319598093037,0.5787032156035846,0.13183974696889827,0.885239852398524,0.4847994685173035,0.7773326304691619,0.37222301959991455,0.5827622561939905,0.24368754029273987,0.3768054823405377,0.149318128824234,5
S2_fixed_70pct,BQR,target_cap_tertile,low,6179.0,0.12021727863199398,0.12936097998734425,-0.1177931234240532,0.17916330993175505,0.7047067774221383,0.32032013357810024,0.7260398122673571,0.42874251497005994,0.6331121540702379,0.4540062606334686,0.5111183039326752,0.33190755248069764,0.34966823110535683,0.20625041723251342,0.21802880725036414,0.12151172310113907,5
S2_fixed_70pct,BQR,target_cap_tertile,mid,3743.0,0.08265827275880304,0.09077740738554174,-0.03018552213907242,0.13113445937633514,0.5574438700697796,0.29859472650179475,0.5917713064386855,0.15030724018167246,0.8692492652952177,0.5022034049034119,0.7543147208121828,0.38197279572486875,0.5664440288538606,0.2495219349861145,0.3714133048356933,0.15384524762630464,5
S2_fixed_70pct,BQR,target_censoring,censored,2998.0,0.17603161846591361,0.18777765003060443,-0.25314956307411196,0.25384508073329926,0.9471565150893866,0.09874953276493752,0.9922615076717811,0.8091394262841896,0.3440293529019346,0.439674973487854,0.19086057371581053,0.3087275564670563,0.07131420947298199,0.18354070484638213,0.03302201467645097,0.10676116198301315,5
S2_fixed_70pct,BQR,target_censoring,uncensored,6924.0,0.0757466330795034,0.08320969618632738,-0.011826363485306501,0.12086347937583923,0.520121367868948,0.29620792315849653,0.5381860196418256,0.11351819757365685,0.8859329867128828,0.48626609444618224,0.7812536106296938,0.3690086305141449,0.5873772385904101,0.23947528302669524,0.38105141536683995,0.14537748396396638,5
S2_fixed_70pct,BQR,target_wind_band,7-11,4703.0,0.06660245934613374,0.07344463263030729,0.004120260197669268,0.10813405215740204,0.4973801114634805,0.27432982410342,0.5039761854135658,0.06761641505422071,0.9345524133531787,0.48998862504959106,0.845120136083351,0.3704184591770172,0.6469912821603232,0.2396037071943283,0.41951945566659576,0.14434192478656768,5
S2_fixed_70pct,BQR,target_wind_band,<7,647.0,0.09732406400518356,0.10619474824070296,0.15199049413204194,0.1536758601665497,0.1518702359209397,0.1624602084475338,0.04698608964451313,0.0,0.6689335394126739,0.4073903918266296,0.514064914992272,0.3146149396896362,0.3088098918083462,0.2047470450401306,0.1731066460587326,0.12248180508613586,5
S2_fixed_70pct,BQR,target_wind_band,>11,4572.0,0.1478592396953346,0.15857025848946038,-0.20965519547462463,0.21651434302330017,0.8756467358943528,0.17716185646458388,0.9406386701662293,0.6329396325459318,0.5112860892388451,0.46304766535758973,0.3662292213473316,0.33572770953178405,0.22707786526684162,0.20757969617843627,0.14269466316710414,0.12436086237430573,5
S2_fixed_70pct,BT,all,all,9922.0,0.07769940294356514,0.08908076510467475,-0.022515302058309317,0.12559946328401567,0.5411703150080364,0.27106410665310643,0.5813747228381374,0.09526305180407177,0.9142713162668817,0.5093392312526703,0.8338036686151986,0.40913564562797544,0.6473694819592823,0.27616063952445985,0.44001209433581934,0.1741568326950073,5
S2_fixed_70pct,BT,history_censor_frac,"(0,0.3]",2274.0,0.08550133453788548,0.09788864025069273,-0.01589159423019737,0.1376605749130249,0.5246564822191975,0.280442360129187,0.5329815303430079,0.10800351802990324,0.9050131926121372,0.5615725517272949,0.8171503957783642,0.4436464250087738,0.6191732629727353,0.29417325258255006,0.4200527704485488,0.1841398447751999,5
S2_fixed_70pct,BT,history_censor_frac,"(0.3,1]",3854.0,0.07303321701834548,0.08413583217758347,-0.029315908066928388,0.11968135088682175,0.5568921085882372,0.24637230290499312,0.6344058121432278,0.056045666839647124,0.9436948624805398,0.5047633230686188,0.88287493513233,0.41672544479370116,0.7087701089776856,0.2885090708732605,0.4860923715620135,0.1838650792837143,5
S2_fixed_70pct,BT,history_censor_frac,0,3794.0,0.07776315837590889,0.08882474597419635,-0.019577181432396173,0.12438213676214219,0.5350977433959451,0.2875509963590126,0.5565102793885082,0.12746441750131787,0.8899314707432788,0.4826805591583252,0.7939377965208223,0.38074115514755247,0.6018977332630469,0.25282077193260194,0.40516605166051656,0.15831155478954315,5
S2_fixed_70pct,BT,target_cap_tertile,low,6179.0,0.07925142256317255,0.09080220389381857,-0.03308806456625461,0.12817272245883943,0.5590997383272072,0.268880936974628,0.6036899174623725,0.10506554458650266,0.9089820359281436,0.5132095575332641,0.8350542158925393,0.4131878614425659,0.6449910988833144,0.2794481158256531,0.4321411231590872,0.176468688249588,5
S2_fixed_70pct,BT,target_cap_tertile,mid,3743.0,0.07513730590120496,0.08623898838062463,-0.005061629170086235,0.12135149538516998,0.5115721566620154,0.27198281199505303,0.5445364680737377,0.0790809511087363,0.9230029388191291,0.5029500186443329,0.8317392465936415,0.4024461627006531,0.6512957520705316,0.2707336127758026,0.45300561047288274,0.1703403741121292,5
S2_fixed_70pct,BT,target_censoring,censored,2998.0,0.080643957186791,0.09268798147965356,-0.10701170414686204,0.13145347982645034,0.6718334954612633,0.199169809147363,0.8000667111407604,0.13215476984656438,0.9216811207471647,0.5061460614204407,0.8616410940627084,0.4182754695415497,0.6785190126751168,0.2902668178081512,0.46064042695130086,0.1855703890323639,5
S2_fixed_70pct,BT,target_censoring,uncensored,6924.0,0.0764244500808859,0.08751888834381594,0.014070517895743252,0.12306475937366486,0.4845948940087911,0.2781000137987088,0.48668399768919696,0.0792894280762565,0.9110629693818602,0.5107218325138092,0.8217504332755633,0.40517820715904235,0.6338821490467937,0.27005285024642944,0.43108030040439055,0.1692149132490158,5
S2_fixed_70pct,BT,target_wind_band,7-11,4703.0,0.07574904219267402,0.08635789809066989,0.02948124799877405,0.12056149542331696,0.4676219785251402,0.27247937747964723,0.440314692749309,0.07467573889007018,0.9148628534977673,0.533336591720581,0.8341058898575378,0.4193519055843353,0.6474590686795663,0.2765804767608643,0.4400595364660854,0.17247502207756044,5
S2_fixed_70pct,BT,target_wind_band,<7,647.0,0.09735924831578592,0.11343306979884216,0.1632502257823944,0.1646866112947464,0.173104432735785,0.14678487112711547,0.04760432766615147,0.0,0.8024729520865532,0.42296135425567627,0.60741885625966,0.32980217337608336,0.323338485316847,0.21672951877117158,0.16290571870170018,0.13495826721191406,5
S2_fixed_70pct,BT,target_wind_band,>11,4572.0,0.07692351201084732,0.08843546817329648,-0.10229002535343171,0.12525042295455932,0.6689123211999014,0.1967090424046789,0.8020122484689415,0.12992125984251968,0.9294838145231846,0.496877920627594,0.8655293088363955,0.40985341668128966,0.6931321084864391,0.28413907885551454,0.47917760279965005,0.18143394589424133,5
S2_fixed_70pct,ORACLE,all,all,9922.0,0.07480426214628708,0.08578942244303019,-0.004654385289177299,0.12109754532575608,0.525321559514895,0.29400015180011096,0.5361217496472486,0.12223342068131424,0.875488812739367,0.4692132592201233,0.7801854464825639,0.3677782595157623,0.5804878048780487,0.2405325561761856,0.3929248135456561,0.14952369332313536,5
S2_fixed_70pct,ORACLE,history_censor_frac,"(0,0.3]",2274.0,0.08343271259374084,0.09574018234467727,-0.011208217125386,0.13517582416534424,0.5191243663355782,0.2947758228145344,0.5268249780123131,0.11345646437994723,0.8767810026385223,0.5280941367149353,0.7850483729111698,0.41468690037727357,0.5790677220756376,0.27258222699165346,0.3885664028144239,0.16997714042663575,5
S2_fixed_70pct,ORACLE,history_censor_frac,"(0.3,1]",3854.0,0.06677124347832812,0.07641704771539999,0.009862610651180149,0.10747139602899551,0.5286192017538918,0.2907088283686077,0.5320186818889465,0.12755578619615984,0.8749351323300466,0.4304369390010834,0.7865594187856771,0.3388251066207886,0.5865594187856773,0.2211650162935257,0.40508562532433834,0.13737935721874237,5
S2_fixed_70pct,ORACLE,history_censor_frac,0,3794.0,0.07779270643432186,0.0893458547529778,-0.015472805872559548,0.12650111615657805,0.5256861625988887,0.29661604848214285,0.5458618871903005,0.12208750658935161,0.8752767527675276,0.4733115375041962,0.7707959936742225,0.36907380223274233,0.5751713231418029,0.2409968376159668,0.3831839746968898,0.14960094392299653,5
S2_fixed_70pct,ORACLE,target_cap_tertile,low,6179.0,0.07527667347899906,0.08618837791935186,-0.015416594501584769,0.12136778980493546,0.5457670666116896,0.2933198225668742,0.5640394885903868,0.13840427253600907,0.8734099368829907,0.46972064971923827,0.7761126395856934,0.36750187277793883,0.573976371581162,0.23969898223876954,0.38630846415277553,0.14884641766548157,5
S2_fixed_70pct,ORACLE,target_cap_tertile,mid,3743.0,0.07402439850086165,0.08513082081647616,0.013112029293552041,0.12065141946077347,0.49156981269387057,0.29197252843735494,0.4900347314987978,0.09553833823136522,0.8789206518835158,0.4683756291866302,0.7869088966069997,0.36823455691337587,0.5912369756879509,0.24190861582756043,0.40384718140528986,0.15064174234867095,5
S2_fixed_70pct,ORACLE,target_censoring,censored,2998.0,0.06916054184519045,0.07917202838871965,-0.06921650618314742,0.11130023896694183,0.6507425056719014,0.26047158738711684,0.7016010673782522,0.21927951967978654,0.8560373582388259,0.4301447570323944,0.7613742494996665,0.3375897169113159,0.5573048699132755,0.21950832903385162,0.3837891927951968,0.1362555056810379,5
S2_fixed_70pct,ORACLE,target_censoring,uncensored,6924.0,0.07724791804788841,0.08865466614245579,0.023300154507160185,0.12533965110778808,0.47101595631173127,0.2909844975939122,0.4644714038128249,0.08021374927787406,0.8839110340843442,0.4861294090747833,0.7883304448295783,0.3808495044708252,0.59052570768342,0.24963575303554536,0.39688041594454077,0.15526863932609558,5
S2_fixed_70pct,ORACLE,target_wind_band,7-11,4703.0,0.0797325271854065,0.09172414864044984,0.030925432592630385,0.13016705214977264,0.46329375099416376,0.2786669154007305,0.45851584095258346,0.0576653200085052,0.9152030618753987,0.5178630828857422,0.822326174782054,0.4063066065311432,0.6212204975547524,0.26731871366500853,0.41628747607909844,0.16651712059974672,5
S2_fixed_70pct,ORACLE,target_wind_band,<7,647.0,0.09953271735004701,0.11236788708966312,0.15158407390117645,0.15384275317192078,0.1637451562920474,0.1685968282598661,0.060587326120556416,0.0,0.6531684698608965,0.4255239725112915,0.4908809891808346,0.326763516664505,0.32364760432766615,0.21101082265377044,0.19969088098918084,0.13013601303100586,5
S2_fixed_70pct,ORACLE,target_wind_band,>11,4572.0,0.06623537741404488,0.0759234373308613,-0.06336351856589317,0.10713428407907485,0.6402945945888628,0.2605235445476305,0.6832458442694663,0.2059492563429571,0.8660979877515311,0.4253521502017975,0.7777777777777778,0.333950138092041,0.5749343832020998,0.21715659499168397,0.3962379702537183,0.13478696942329407,5
S3_fixed_85pct,B0_climatology,all,all,9922.0,0.22681651796752877,0.26676931883588634,-0.35942700505256653,0.3854532539844513,0.7910462761584869,0.23642837690007185,0.8685748840959484,0.4514210844587785,0.6554122152791776,0.770000159740448,0.536383793590002,0.6199999451637268,0.34267284821608546,0.39000001549720764,0.20338641402942956,0.24000000953674316,1
S3_fixed_85pct,B0_climatology,history_censor_frac,"(0,0.3]",2252.0,0.20891721499339408,0.24806921014256178,-0.3494149446487427,0.36610308289527893,0.8014632039028837,0.20343200767972652,0.9045293072824157,0.39520426287744226,0.7326820603907638,0.7700000405311584,0.599911190053286,0.619999885559082,0.3574600355239787,0.39000004529953003,0.1993783303730018,0.23999999463558197,1
S3_fixed_85pct,B0_climatology,history_censor_frac,"(0.3,1]",2979.0,0.35868211639666764,0.4195118036075447,-0.5931085348129272,0.5931473970413208,0.9554221457521986,0.0719198793727066,0.9986572675394427,0.8529707955689829,0.29741524001342734,0.7700000405311584,0.1470292044310171,0.619999885559082,0.04833836858006042,0.39000001549720764,0.015105740181268883,0.24000002443790436,1
S3_fixed_85pct,B0_climatology,history_censor_frac,0,4691.0,0.15166870568386784,0.17874816825873802,-0.2158350646495819,0.2628474235534668,0.6816592293027954,0.2567159374127918,0.7687060328288211,0.2234065231293967,0.8456619057770198,0.7700000405311584,0.7531443189085483,0.6199999451637268,0.5224898742272437,0.39000004529953003,0.32487742485610743,0.24000002443790436,1
S3_fixed_85pct,B0_climatology,target_cap_tertile,low,6179.0,0.23079155099601262,0.27099772561043806,-0.3702513575553894,0.39015844464302063,0.802729835510763,0.22137462897850424,0.885903867939796,0.46480012947078814,0.6454118789448131,0.7700001001358032,0.5296973620326914,0.6199999451637268,0.3502184819550089,0.39000001549720764,0.2110373846900793,0.23999999463558197,1
S3_fixed_85pct,B0_climatology,target_cap_tertile,mid,3743.0,0.22025447439739737,0.25978900212203254,-0.341558039188385,0.37768593430519104,0.7717588828275453,0.25822058085887456,0.8399679401549559,0.4293347582153353,0.6719209190488913,0.7700001001358032,0.547421854127705,0.6200000047683716,0.33021640395404755,0.38999998569488525,0.1907560780122896,0.23999999463558197,1
S3_fixed_85pct,B0_climatology,target_censoring,censored,2211.0,0.42084726703377234,0.48653562907108766,-0.6718387007713318,0.6718387007713318,0.9904040775140246,0.007456089785066435,1.0,1.0,0.014473089099954772,0.7699999809265137,0.0,0.6199999451637268,0.0,0.39000004529953003,0.0,0.24000000953674316,1
S3_fixed_85pct,B0_climatology,target_censoring,uncensored,7711.0,0.17118145297135906,0.20375501304804688,-0.26984819769859314,0.303337037563324,0.7338837682091816,0.23926348553190047,0.8308909350278822,0.2941252755803398,0.8391907664375567,0.7700001001358032,0.6901828556607444,0.619999885559082,0.44092854363895734,0.39000001549720764,0.2617040591362988,0.24000002443790436,1
S3_fixed_85pct,B0_climatology,target_wind_band,7-11,4703.0,0.100055800405888,0.1195683495277679,-0.173473060131073,0.1868574172258377,0.6984047070358734,0.15432888162682135,0.8603019349351477,0.015734637465447586,0.9997873697639804,0.7700000405311584,0.9842653625345524,0.6199999451637268,0.6670210503933659,0.3900000751018524,0.41250265787795026,0.24000002443790436,1
S3_fixed_85pct,B0_climatology,target_wind_band,<7,647.0,0.09107653207075099,0.10421021693971841,0.15091635286808014,0.15091635286808014,0.18116680147133754,0.09730951030353022,0.0,0.0,0.893353941267388,0.7699999809265137,0.8129829984544049,0.6199999451637268,0.40494590417310666,0.39000004529953003,0.1205564142194745,0.23999999463558197,1
S3_fixed_85pct,B0_climatology,target_wind_band,>11,4572.0,0.37641831708555407,0.44119230605874327,-0.6229296326637268,0.6229296326637268,0.9726484895675501,0.03201247906288266,1.0,0.9634733158355205,0.26749781277340334,0.7700000405311584,0.03652668416447944,0.6199999451637268,0.00021872265966754156,0.39000001549720764,0.0,0.24000000953674316,1
S3_fixed_85pct,B0_persistence,all,all,9922.0,0.1371212576727543,0.12340913124519914,-0.019790323451161385,0.1371212601661682,0.5712557952025801,0.49489656661776105,0.5712557952025801,0.5712557952025801,0.0,0.0,0.0,0.0,0.0,0.0,0.0,0.0,1
S3_fixed_85pct,B0_persistence,history_censor_frac,"(0,0.3]",2252.0,0.1558392597800766,0.14025533319538588,0.007724315393716097,0.15583926439285278,0.49156305506216696,0.49992881289251173,0.49156305506216696,0.49156305506216696,0.0,0.0,0.0,0.0,0.0,0.0,0.0,0.0,1
S3_fixed_85pct,B0_persistence,history_censor_frac,"(0.3,1]",2979.0,0.13165490895999923,0.11848941756879455,-0.061865635216236115,0.13165491819381714,0.7183618663981202,0.44979783825973363,0.7183618663981202,0.7183618663981202,0.0,0.0,0.0,0.0,0.0,0.0,0.0,0.0,1
S3_fixed_85pct,B0_persistence,history_censor_frac,0,4691.0,0.13160672176774632,0.1184460488001317,-0.006279472261667252,0.13160672783851624,0.5160946493285014,0.4997408951276577,0.5160946493285014,0.5160946493285014,0.0,0.0,0.0,0.0,0.0,0.0,0.0,0.0,1
S3_fixed_85pct,B0_persistence,target_cap_tertile,low,6179.0,0.14267288473906362,0.12840559560372078,-0.0406891293823719,0.14267289638519287,0.6306845767923612,0.48261945815373153,0.6306845767923612,0.6306845767923612,0.0,0.0,0.0,0.0,0.0,0.0,0.0,0.0,1
S3_fixed_85pct,B0_persistence,target_cap_tertile,mid,3743.0,0.12795654924563027,0.11516089366269706,0.014709734357893467,0.1279565393924713,0.4731498797755811,0.499278550554632,0.4731498797755811,0.4731498797755811,0.0,0.0,0.0,0.0,0.0,0.0,0.0,0.0,1
S3_fixed_85pct,B0_persistence,target_censoring,censored,2211.0,0.1546541569979414,0.13918874084625993,-0.15345077216625214,0.15465417504310608,0.9859791949344188,0.1175764521105062,0.9859791949344188,0.9859791949344188,0.0,0.0,0.0,0.0,0.0,0.0,0.0,0.0,1
S3_fixed_85pct,B0_persistence,target_censoring,uncensored,7711.0,0.13209399267366356,0.11888459268626443,0.018534565344452858,0.13209399580955505,0.45234081182725977,0.4977234189614904,0.45234081182725977,0.45234081182725977,0.0,0.0,0.0,0.0,0.0,0.0,0.0,0.0,1
S3_fixed_85pct,B0_persistence,target_wind_band,7-11,4703.0,0.13966859741856855,0.12570173679521282,0.03668028861284256,0.13966859877109528,0.4367425047841803,0.49598234776957595,0.4367425047841803,0.4367425047841803,0.0,0.0,0.0,0.0,0.0,0.0,0.0,0.0,1
S3_fixed_85pct,B0_persistence,target_wind_band,<7,647.0,0.15335979131000027,0.13802381152865784,0.1410483717918396,0.1533597856760025,0.160741885625966,0.3672927059327136,0.160741885625966,0.160741885625966,0.0,0.0,0.0,0.0,0.0,0.0,0.0,0.0,1
S3_fixed_85pct,B0_persistence,target_wind_band,>11,4572.0,0.1322029571286024,0.11898266098161381,-0.10063982754945755,0.13220295310020447,0.7677165354330708,0.42228883084414304,0.7677165354330708,0.7677165354330708,0.0,0.0,0.0,0.0,0.0,0.0,0.0,0.0,1
S3_fixed_85pct,B1,all,all,9922.0,0.08539618314387465,0.09787292046719234,-0.051364324241876605,0.13785775303840636,0.604495756608639,0.3028641563736341,0.6385607740374925,0.224853860108849,0.8165289256198347,0.4730229675769806,0.6972989316670026,0.37112940549850465,0.5061479540415239,0.24632009863853455,0.3307599274339851,0.15437009632587434,5
S3_fixed_85pct,B1,history_censor_frac,"(0,0.3]",2252.0,0.09289822844642862,0.10566658438004346,-0.03652772195637226,0.14701724648475648,0.5658279537429128,0.3152805391779621,0.5628774422735346,0.21900532859680286,0.7994671403197158,0.5031065702438354,0.691563055062167,0.39355950951576235,0.5047957371225578,0.2610586106777191,0.3433392539964476,0.1635985791683197,5
S3_fixed_85pct,B1,history_censor_frac,"(0.3,1]",2979.0,0.08839437810240795,0.10210554057484027,-0.09747303128242493,0.14518983662128448,0.721730811331365,0.2623389923893897,0.7984558576703591,0.3524672708962739,0.7605236656596173,0.4601443290710449,0.6104733131923463,0.3645136058330536,0.4186639812017455,0.24690096974372863,0.261631419939577,0.15670897662639618,5
S3_fixed_85pct,B1,history_censor_frac,0,4691.0,0.07989069842786053,0.0914435223788479,-0.02920576184988022,0.1288043588399887,0.5486093068185334,0.2992651974371964,0.5733532295885738,0.14662118951183117,0.8602856533788105,0.46675930023193357,0.7551907908761458,0.3645627796649933,0.5623534427627371,0.23887571394443513,0.3686207631635046,0.14845448434352876,5
S3_fixed_85pct,B1,target_cap_tertile,low,6179.0,0.09006198988092465,0.10322020029432925,-0.07538002133369445,0.14546809792518617,0.6455709584968081,0.29649228926722426,0.6915682149215083,0.271791552031073,0.7917462372552192,0.47690337896347046,0.666612720504936,0.3736912250518799,0.47205049360737983,0.24831978976726532,0.30399741058423696,0.155833637714386,5
S3_fixed_85pct,B1,target_cap_tertile,mid,3743.0,0.07769380007461689,0.08904555149794871,-0.011718855332583189,0.1252944752573967,0.5366882031843809,0.30095711059668695,0.551055303232701,0.1473684210526316,0.8574405557039807,0.46661715507507323,0.7479561848784397,0.3669003427028656,0.5624365482233502,0.24301896393299102,0.3749398877905423,0.15195405185222627,5
S3_fixed_85pct,B1,target_censoring,censored,2211.0,0.11755044124472916,0.13423331782636388,-0.1836459904909134,0.18754641115665435,0.8561990767817133,0.16029836024788222,0.9452736318407962,0.5706015377657169,0.5996381727725011,0.46097692251205447,0.4292175486205337,0.36503031849861145,0.2610583446404342,0.2472917228937149,0.14816824966078695,0.15677703320980071,5
S3_fixed_85pct,B1,target_censoring,uncensored,7711.0,0.07617648859569812,0.08744718598902762,-0.01343477237969637,0.12361036390066146,0.5323240485418943,0.29504829832552804,0.5506160031124367,0.1257165088834133,0.8787187135261314,0.47647697329521177,0.7741667747373882,0.37287822365760803,0.5764232914018934,0.2460414946079254,0.3831150304759435,0.15367994606494903,5
S3_fixed_85pct,B1,target_wind_band,7-11,4703.0,0.07150373294523377,0.08220530475875842,0.00862562358379364,0.11642290204763413,0.49385475989169175,0.2734623278040522,0.49997873697639805,0.0675313629598129,0.9284711886030192,0.492456316947937,0.8413778439294066,0.385099732875824,0.6431639379119711,0.25342291295528413,0.4371677652562195,0.15801743865013124,5
S3_fixed_85pct,B1,target_wind_band,<7,647.0,0.09587110497195625,0.10847153901286362,0.14702765345573426,0.14926183521747588,0.1640379376851312,0.16801159841172728,0.06491499227202473,0.0,0.6615146831530139,0.4107264459133148,0.49675425038639875,0.3162905752658844,0.3143740340030912,0.20453168153762818,0.19721792890262752,0.12613601386547088,5
S3_fixed_85pct,B1,target_wind_band,>11,4572.0,0.09820434562450443,0.11248960692338558,-0.14114829450845717,0.15829293429851532,0.7806376674580073,0.21571026231298704,0.8622922134733159,0.41850393700787397,0.72331583552056,0.4618486285209656,0.5774715660542432,0.3645192563533783,0.39234470691163603,0.24492737054824829,0.24020122484689416,0.15461373925209046,5
S3_fixed_85pct,B2_recon,all,all,9922.0,0.07666170484744547,0.08797457030047408,-0.0017654526978731155,0.12425140291452408,0.4943729474630654,0.30215787849644726,0.48582946986494663,0.12926829268292683,0.8526305180407177,0.4745049297809601,0.7466841362628502,0.3682120442390442,0.5471679096956259,0.23832009732723236,0.3568836928038702,0.14780165553092955,5
S3_fixed_85pct,B2_recon,history_censor_frac,"(0,0.3]",2252.0,0.08619545541124106,0.09964885528897256,-0.0003660875430796295,0.14257265031337737,0.4977412659466314,0.29236789470272656,0.49245115452930727,0.10452930728241563,0.8825044404973358,0.5549742460250855,0.7913854351687389,0.443951153755188,0.5809058614564832,0.2930106520652771,0.3928063943161634,0.18464475870132446,5
S3_fixed_85pct,B2_recon,history_censor_frac,"(0.3,1]",2979.0,0.06522698843847075,0.07426074293793297,0.029634721018373965,0.10303708165884018,0.431706147446528,0.3148330669183528,0.3700570661295737,0.16079221215172876,0.774756629741524,0.3682007074356079,0.6598187311178247,0.27790197134017947,0.45767035918093324,0.17450553476810454,0.2759986572675394,0.10607586652040482,5
S3_fixed_85pct,B2_recon,history_censor_frac,0,4691.0,0.07934642322575886,0.0910790260495492,-0.02237779274582863,0.12892802953720092,0.5325522150018152,0.29158451481318637,0.5561713920272864,0.12112555958217863,0.8877424856107441,0.5033822238445282,0.7803879769771903,0.3892031669616699,0.5878064378597314,0.25259006321430205,0.3910040503091025,0.15661223828792573,5
S3_fixed_85pct,B2_recon,target_cap_tertile,low,6179.0,0.0777085513276494,0.08899633427051998,-0.009412065334618091,0.12532759159803392,0.4987153602415423,0.30961753984759455,0.4879430328532125,0.14594594594594595,0.8335329341317366,0.4639605224132538,0.7254895614177052,0.3573082983493805,0.5158439877002751,0.2291383683681488,0.3264929600258942,0.14159119725227357,5
S3_fixed_85pct,B2_recon,target_cap_tertile,mid,3743.0,0.07493355512765384,0.08628782716103685,0.010857688891701401,0.12247482240200043,0.48720442794444185,0.2892361258370742,0.48234036868821806,0.10173657493988779,0.884157093240716,0.4919118404388428,0.7816724552497997,0.38621214032173157,0.5988779054234572,0.2534774214029312,0.40705316590969814,0.1580539733171463,5
S3_fixed_85pct,B2_recon,target_censoring,censored,2211.0,0.06271624218971371,0.07177849179815693,-0.060505333542823794,0.10039804428815842,0.5410346675467752,0.3351860538077594,0.5044776119402986,0.2719131614654003,0.7319764812302125,0.3606223285198212,0.604161013116237,0.26689280569553375,0.38371777476255087,0.1654934376478195,0.2171867933061963,0.10109272003173828,5
S3_fixed_85pct,B2_recon,target_censoring,uncensored,7711.0,0.08066033251392776,0.09261852433608855,0.015077222976833582,0.13109095096588136,0.4809934813620303,0.29055757672308025,0.48048242770068733,0.08836726753987809,0.8872260407210479,0.5071588516235351,0.7875502528854883,0.397263640165329,0.5940344961742965,0.25920191407203674,0.39693943716768254,0.16119466722011566,5
S3_fixed_85pct,B2_recon,target_wind_band,7-11,4703.0,0.08081392638675208,0.09250284789698068,0.0272724449634552,0.13038086742162705,0.47355733929511407,0.2761898866323206,0.4748033170316819,0.05753774186689346,0.9196257707846056,0.5362338542938232,0.8324473740165852,0.41826834082603453,0.6340208377631299,0.2720212459564209,0.4264512013608335,0.1690431594848633,5
S3_fixed_85pct,B2_recon,target_wind_band,<7,647.0,0.09840975919539768,0.11141147342850728,0.15138314366340638,0.153502357006073,0.16185806065945632,0.1650010117688329,0.05935085007727976,0.0,0.6596599690880989,0.4329830050468445,0.49582689335394126,0.33188254237174986,0.31282843894899537,0.2138732612133026,0.19319938176197837,0.13200309872627258,5
S3_fixed_85pct,B2_recon,target_wind_band,>11,4572.0,0.06931286646982429,0.07999990585160968,-0.0533079668879509,0.11380690187215806,0.5628403440019566,0.3080153557929758,0.5575240594925635,0.22134733158355205,0.8110236220472441,0.41688320636749265,0.6939632545931759,0.32186263203620913,0.49098862642169727,0.207112854719162,0.30848643919510066,0.1281872272491455,5
S3_fixed_85pct,B4,all,all,9922.0,0.08999732548944797,0.0999197817555984,-0.035792659223079684,0.13363237977027892,0.6029821133970248,0.325151102522293,0.6153598064906269,0.2946986494658335,0.7324531344487,0.43734591007232665,0.6130618826849425,0.3283983051776886,0.45119935496875635,0.2129717767238617,0.2982664785325539,0.13220360577106477,5
S3_fixed_85pct,B4,history_censor_frac,"(0,0.3]",2252.0,0.09310526511384601,0.10501877550794422,-0.012516173766925931,0.14532057344913482,0.5457426837885385,0.32210811040829035,0.5341918294849023,0.22202486678507993,0.7676731793960924,0.4894609272480011,0.6781527531083482,0.3876234531402588,0.5032859680284192,0.2643303692340851,0.3446714031971581,0.16703908145427704,5
S3_fixed_85pct,B4,history_censor_frac,"(0.3,1]",2979.0,0.10449476292047814,0.11027057496939038,-0.07008664384484291,0.13312139213085175,0.7449565889917488,0.3287689165097914,0.7556226921785834,0.6035582410204767,0.4853977844914401,0.32270694971084596,0.31722054380664655,0.20142732858657836,0.208257804632427,0.11527493298053741,0.12930513595166163,0.06849480643868447,5
S3_fixed_85pct,B4,history_censor_frac,0,4691.0,0.07929876523765023,0.09089868882996015,-0.025188707560300828,0.12834576070308684,0.5403006451986935,0.2945520413557171,0.5652526113835002,0.1334470262204221,0.8724365806864208,0.485128116607666,0.7696866339799616,0.3805985987186432,0.5804732466425069,0.25035811960697174,0.3832871455979535,0.15593817532062532,5
S3_fixed_85pct,B4,target_cap_tertile,low,6179.0,0.09699151966404526,0.10632135976323054,-0.054871515929698945,0.13928655087947844,0.6460485159646321,0.329519993003012,0.6612720504936074,0.37627447807088527,0.6653827480174785,0.419723254442215,0.5410907913901927,0.3067755401134491,0.3879268490046933,0.19578897058963776,0.25411878944813077,0.12076485753059388,5
S3_fixed_85pct,B4,target_cap_tertile,mid,3743.0,0.07845120585150071,0.08935196168903178,-0.004296999209327623,0.12429839521646499,0.5318874563130692,0.3046449712277907,0.5395671920919048,0.1600320598450441,0.8431739246593641,0.46643762588500975,0.7318728292813251,0.3640935182571411,0.5556505476890196,0.2413374274969101,0.37114613946032593,0.15108683407306672,5
S3_fixed_85pct,B4,target_censoring,censored,2211.0,0.13290124945957524,0.13871925053455242,-0.1643370658159256,0.16526301503181456,0.9519016610815438,0.08348076323071811,0.9896879240162824,0.9108095884215288,0.2583446404341927,0.31348803639411926,0.08900949796472184,0.19285120964050292,0.031840796019900496,0.11097242087125778,0.014925373134328356,0.06580914109945298,5
S3_fixed_85pct,B4,target_censoring,uncensored,7711.0,0.07769534443667253,0.08879468443096253,0.0010652950033545495,0.12456282675266266,0.5029352816073125,0.29847003277068873,0.5080274931915445,0.11803916482946439,0.868395798210349,0.4728600740432739,0.7633251199585008,0.3672641754150391,0.5714433925560887,0.24221839606761933,0.3795097912073661,0.15124109983444214,5
S3_fixed_85pct,B4,target_wind_band,7-11,4703.0,0.07626760554454973,0.08759325644596674,0.021380461938679218,0.1239306777715683,0.47220829454695634,0.2755090745490096,0.4722092281522432,0.057452689772485646,0.9207314480119073,0.5023053467273713,0.8318520093557303,0.3934497177600861,0.6340208377631299,0.2597865045070648,0.42772698277695087,0.1621254563331604,5
S3_fixed_85pct,B4,target_wind_band,<7,647.0,0.09840725007448259,0.11149967661641096,0.15161498486995698,0.15389399230480194,0.16271232415671316,0.1654204069700472,0.059969088098918086,0.0,0.6615146831530139,0.43046369552612307,0.5013910355486862,0.33183616399765015,0.31375579598145287,0.21461515128612518,0.19443585780525502,0.13264914751052856,5
S3_fixed_85pct,B4,target_wind_band,>11,4572.0,0.10293032017324917,0.11096078275215397,-0.12112466841936112,0.14074476659297944,0.7998070967063758,0.25178320412024463,0.8412073490813649,0.5804461942257217,0.5488188976377952,0.3714991271495819,0.40380577427821523,0.2609965085983276,0.2825896762904637,0.16458311676979065,0.17979002624671916,0.1013613373041153,5
S3_fixed_85pct,B4_plain,all,all,9922.0,0.08767873550839557,0.09955096281712138,-0.04304159879684448,0.13734711110591888,0.608178413085122,0.3196901807055458,0.6322314049586777,0.27359403346099576,0.7754283410602701,0.45387824177742003,0.6382181011892764,0.34371577501296996,0.4481556137875429,0.21853114068508148,0.29046563192904656,0.13504254519939424,5
S3_fixed_85pct,B4_plain,history_censor_frac,"(0,0.3]",2252.0,0.09228314486510894,0.10531326821011174,-0.017866084817796946,0.14872637391090393,0.5497669596683413,0.318631019005743,0.5490230905861456,0.21474245115452933,0.7976021314387212,0.5074120759963989,0.6899644760213144,0.39685970544815063,0.5056838365896981,0.2679298460483551,0.3400532859680284,0.17033481895923613,5
S3_fixed_85pct,B4_plain,history_censor_frac,"(0.3,1]",2979.0,0.09549925362562481,0.10606555338932769,-0.07593692541122436,0.1367986410856247,0.7390275374929066,0.3155098403606893,0.7707284323598522,0.5189660960053709,0.616045652903659,0.3578603625297546,0.4079892581403156,0.24204431474208832,0.22181940248405504,0.12927426099777223,0.13138637126552535,0.073970465362072,5
S3_fixed_85pct,B4_plain,history_censor_frac,0,4691.0,0.08050191748610941,0.09264759955563834,-0.03423752449452877,0.13223259150981903,0.5531247041709886,0.2975447302687863,0.5842251119164358,0.14602430185461523,0.8659987209550202,0.48915413618087766,0.7595821786399488,0.3827691376209259,0.5642720102323598,0.2514986127614975,0.36768279684502236,0.15688339471817017,5
S3_fixed_85pct,B4_plain,target_cap_tertile,low,6179.0,0.0920938523560865,0.10374671956497852,-0.05838761776685715,0.14054282009601593,0.6437463955840921,0.31962635801547223,0.6695581809354264,0.33445541349732966,0.737303770836705,0.4417925238609314,0.5891891891891892,0.3287266671657562,0.4041430652209096,0.20426055788993835,0.2610778443113772,0.12438582628965378,5
S3_fixed_85pct,B4_plain,target_cap_tertile,mid,3743.0,0.08039019503233834,0.0926245452523313,-0.01770816445350647,0.13207158744335173,0.5494622592349656,0.31094627449652956,0.5706118087095913,0.17312316323804436,0.8383649479027518,0.4738295614719391,0.7191557574138392,0.3684600591659546,0.5208121827411167,0.2420892298221588,0.3389794282660967,0.1526347815990448,5
S3_fixed_85pct,B4_plain,target_censoring,censored,2211.0,0.11900479997041091,0.13140305039814146,-0.16816518902778627,0.16830652952194214,0.9339585972493222,0.07260150798230842,0.9974672094075079,0.7878787878787878,0.4514699231117142,0.3547037601470947,0.2121212121212121,0.2389769434928894,0.0559023066485753,0.12776753455400466,0.020985979194934418,0.0725753128528595,5
S3_fixed_85pct,B4_plain,target_censoring,uncensored,7711.0,0.07869651160416577,0.09041791060059494,-0.007164505403488874,0.12847001552581788,0.5147664059281973,0.3012794406364442,0.5275061600311244,0.12613150045389704,0.868317987290883,0.4823148846626282,0.7603942419919595,0.37374789714813234,0.5606276747503566,0.2445560872554779,0.36773440539489044,0.15295397043228148,5
S3_fixed_85pct,B4_plain,target_wind_band,7-11,4703.0,0.07574991079171287,0.08699934021855961,0.018131046555936337,0.1230932742357254,0.4766434446946244,0.2754843880898481,0.47850308313842227,0.061194981926429935,0.9231554327025304,0.5066642820835113,0.8337656814799065,0.39554752707481383,0.6352966191792473,0.25980990529060366,0.4284924516266213,0.16157048642635347,5
S3_fixed_85pct,B4_plain,target_wind_band,<7,647.0,0.0995157537290933,0.11269326453448761,0.15374172627925872,0.15532240271568298,0.15182704285987206,0.15393325188749282,0.03585780525502318,0.0,0.6438948995363215,0.4293292224407196,0.48748068006182377,0.32997835874557496,0.2992272024729521,0.21234930157661439,0.17619783616692425,0.13073879480361938,5
S3_fixed_85pct,B4_plain,target_wind_band,>11,4572.0,0.09827425428655989,0.11060240898289131,-0.13381451666355132,0.14946559965610504,0.8080621166888508,0.2300471716853479,0.8747594050743658,0.5307961504811899,0.642082239720035,0.4030537962913513,0.45839895013123366,0.29234296679496763,0.27672790901137356,0.17694445550441742,0.16465441819772528,0.1083635225892067,5
S3_fixed_85pct,B6,all,all,9922.0,0.07503182031588757,0.08612827996468408,-0.008630598848685622,0.12188521921634674,0.5332596548219128,0.29104910839316417,0.546059262245515,0.12398709937512598,0.8822817980245918,0.48186110854148867,0.7876033057851239,0.37789012789726256,0.5910703487200161,0.24756360054016113,0.39135254988913526,0.15352692306041718,5
S3_fixed_85pct,B6,history_censor_frac,"(0,0.3]",2252.0,0.0863320600861753,0.09965662809045683,-0.0027453060261905192,0.14229869544506074,0.5139591105074972,0.2965770081726898,0.5151865008880995,0.11580817051509769,0.8801953818827709,0.5527113556861878,0.7894316163410302,0.43926199078559874,0.5702486678507993,0.29267139434814454,0.3821492007104796,0.1838730037212372,5
S3_fixed_85pct,B6,history_censor_frac,"(0.3,1]",2979.0,0.06057896133207132,0.06908117183374633,0.012375243892893194,0.09654377549886703,0.5390778403673228,0.28535468312300394,0.5395099026518966,0.1284994964753273,0.8802954011413225,0.4059033036231995,0.7958375293722726,0.3181584239006042,0.6089291708627056,0.20580664575099944,0.40584088620342396,0.12566834539175034,5
S3_fixed_85pct,B6,history_censor_frac,0,4691.0,0.07878516223660821,0.09045944499193272,-0.024795614928007127,0.12817833721637725,0.5388304182105907,0.2914781726235071,0.5650394372202089,0.12504796418674058,0.8845448731613729,0.4960848391056061,0.7814964826263057,0.38635984659194944,0.5897250053293541,0.252426341176033,0.38657002771264126,0.15665018260478974,5
S3_fixed_85pct,B6,target_cap_tertile,low,6179.0,0.0756318201752855,0.08666999311552796,-0.018598662689328194,0.1224199503660202,0.5515143604444372,0.29055147620532357,0.5705130279980579,0.13733613853374332,0.8786858715002428,0.48014661073684695,0.7851755947564331,0.3755623817443848,0.5831364298430166,0.24479331970214843,0.3847548146949345,0.15136495232582092,5
S3_fixed_85pct,B6,target_cap_tertile,mid,3743.0,0.07404133163535861,0.08523401184844995,0.007824827404692768,0.1210024893283844,0.5031245156176442,0.2893534171947457,0.5056906224953246,0.10195030724018168,0.8882180069462997,0.4846914231777191,0.7916110072134652,0.38173283338546754,0.6041677798557308,0.2521367847919464,0.4022441891530858,0.1570959210395813,5
S3_fixed_85pct,B6,target_censoring,censored,2211.0,0.06390792522432004,0.07247274288925512,-0.0802954688668251,0.09990345239639283,0.6897972529553178,0.23934714586658426,0.7428312980551787,0.24866576209859792,0.8385345997286295,0.409292608499527,0.7484396200814112,0.3189932107925415,0.5531433740388965,0.20449479818344116,0.36996834011759383,0.12416553795337677,5
S3_fixed_85pct,B6,target_censoring,uncensored,7711.0,0.07822141077723574,0.09004377633010666,0.011918100528419018,0.1281881332397461,0.48837512240420333,0.28897021793051,0.48963817922448455,0.08823758267410194,0.8948255738555311,0.5026689052581788,0.7988328362080146,0.39477784633636476,0.6019452729866425,0.2599128484725952,0.3974841136039424,0.1619458019733429,5
S3_fixed_85pct,B6,target_wind_band,7-11,4703.0,0.07906226638301354,0.09101628332429576,0.025540358386933804,0.12954459488391876,0.4735773679608147,0.276288330182963,0.4741229002764193,0.05821815862215607,0.9242611099298321,0.5284197211265564,0.8342334679991495,0.4137244403362274,0.6319795874973421,0.27166489958763124,0.42168828407399533,0.16929832398891448,5
S3_fixed_85pct,B6,target_wind_band,<7,647.0,0.097004058740607,0.1097379208192332,0.14844651520252228,0.15085455179214477,0.16672217633756276,0.16780025877834998,0.05873261205564142,0.0,0.6673879443585781,0.4316321313381195,0.510355486862442,0.3309582591056824,0.32426584234930445,0.21320864856243132,0.20834621329211744,0.13149613738059998,5
S3_fixed_85pct,B6,target_wind_band,>11,4572.0,0.06777652151569355,0.07775913791893889,-0.06600918769836425,0.1099068358540535,0.646522022207547,0.2564070522469502,0.6890201224846895,0.20918635170603675,0.8695100612423448,0.44107654094696047,0.7788713910761155,0.3476706027984619,0.586745406824147,0.22763341367244722,0.38604549431321084,0.14042126536369323,5
S3_fixed_85pct,BQR,all,all,9922.0,0.08531004283631645,0.09488273702036815,-0.05770948007702827,0.13966648578643798,0.6147711825824219,0.30335091962538707,0.6578310824430559,0.23690788147550895,0.8625881878653499,0.49920986890792846,0.6875226768796614,0.37736257910728455,0.4907478330981657,0.24465753138065338,0.31237653698851037,0.14997607171535493,5
S3_fixed_85pct,BQR,history_censor_frac,"(0,0.3]",2252.0,0.09272431041813764,0.10261835095401668,-0.03571162670850754,0.15011531710624695,0.5624529408269433,0.3149445244410604,0.5734458259325045,0.19866785079928953,0.8473357015985791,0.5338626742362976,0.7070159857904085,0.40682085156440734,0.5045293072824156,0.2658365249633789,0.33321492007104797,0.1636997193098068,5
S3_fixed_85pct,BQR,history_censor_frac,"(0.3,1]",2979.0,0.09020063775488697,0.10188770700017251,-0.10854494571685791,0.15160198509693146,0.7494011934727831,0.2661303634442521,0.821282309499832,0.4341725411211816,0.8414232964081906,0.4842522442340851,0.5240684793554884,0.3506926417350769,0.3223900637797919,0.22119171917438507,0.19154078549848944,0.1354081779718399,5
S3_fixed_85pct,BQR,history_censor_frac,0,4691.0,0.07864493670613464,0.0867206376495701,-0.03598710373044014,0.12707073986530304,0.5543912802142599,0.292451355436092,0.59454274141974,0.12999360477510127,0.8833510978469409,0.4920729696750641,0.7819654657855468,0.38015722036361693,0.5910466851417608,0.24939205050468444,0.3791089319974419,0.15263907015323638,5
S3_fixed_85pct,BQR,target_cap_tertile,low,6179.0,0.09001035932219373,0.10037803300922106,-0.07678394466638565,0.14792765974998473,0.6531917462409558,0.30395589167949527,0.6946107784431138,0.3033500566434698,0.8418514322705939,0.49593310952186587,0.6326913740087393,0.3708832561969757,0.4301666936397475,0.23813224136829375,0.2708205211199223,0.1456650823354721,5
S3_fixed_85pct,BQR,target_cap_tertile,mid,3743.0,0.07755069056107315,0.08581102077267325,-0.026221076771616936,0.12602880597114563,0.5513459453806906,0.2914222479605537,0.5971146139460326,0.1272241517499332,0.8968207320331285,0.5046192288398743,0.7780390061448037,0.38805875182151794,0.5907560780122896,0.2554295897483826,0.3809778252738445,0.15709273219108583,5
S3_fixed_85pct,BQR,target_censoring,censored,2211.0,0.11882981003823592,0.13448380446409086,-0.1993443876504898,0.19970014393329621,0.9092253233431468,0.09125103116229787,0.9946630483943917,0.6896426956128449,0.7268204432383537,0.48274853825569153,0.31035730438715514,0.3476845383644104,0.09805517865219357,0.21875264942646028,0.036273179556761646,0.13406924307346343,5
S3_fixed_85pct,BQR,target_censoring,uncensored,7711.0,0.07569881144175752,0.08352779471482141,-0.01709804479032755,0.12245284169912338,0.5303413932915437,0.2898425526877211,0.5612501621060823,0.10709376215795616,0.901517312929581,0.503929877281189,0.7956685254830761,0.38587225675582887,0.603345869537025,0.25208532214164736,0.3915445467513941,0.15453709959983825,5
S3_fixed_85pct,BQR,target_wind_band,7-11,4703.0,0.0707119511966753,0.07793527203835364,0.008586067613214255,0.11437413394451142,0.4891680061408682,0.27454311359761585,0.4920263661492664,0.06557516478843292,0.9314054858600894,0.5112183928489685,0.842696151392728,0.3916480839252472,0.646566021688284,0.25563105940818787,0.42815224324899,0.15610685348510742,5
S3_fixed_85pct,BQR,target_wind_band,<7,647.0,0.09585581742474662,0.10426934982679634,0.14864800572395326,0.15045681297779084,0.1552408128934615,0.16707850848027653,0.05347758887171561,0.0,0.6624420401854714,0.4099059820175171,0.5143740340030912,0.31507452130317687,0.32117465224111286,0.20468183159828185,0.18763523956723338,0.12407848834991456,5
S3_fixed_85pct,BQR,target_wind_band,>11,4572.0,0.09883403864176658,0.11098745909487714,-0.15510695576667785,0.16415654122829437,0.8090030041032849,0.18501671077740509,0.9139107611548557,0.4466754155730534,0.8201224846894138,0.49949498772621154,0.5524059492563429,0.3714823544025421,0.35446194225721783,0.2390266865491867,0.21093613298337707,0.14733449816703797,5
S3_fixed_85pct,BT,all,all,9922.0,0.07721367024451815,0.08856256963165005,-0.009855559538118541,0.12492291331291198,0.5145472284896881,0.2729005199814112,0.5190687361419069,0.09754081838339045,0.9107438016528926,0.49967001080513,0.8277363434791372,0.39877159595489503,0.6496069340858698,0.269047349691391,0.45254988913525496,0.17036364376544952,5
S3_fixed_85pct,BT,history_censor_frac,"(0,0.3]",2252.0,0.08823738026773462,0.10169198471576782,-0.0016245261766016483,0.144658100605011,0.5000667347788718,0.2813888392378875,0.49182948490230904,0.09351687388987566,0.9119005328596803,0.5804227232933045,0.8198046181172292,0.4624493718147278,0.6142095914742451,0.309169602394104,0.41678507992895203,0.1937060385942459,5
S3_fixed_85pct,BT,history_censor_frac,"(0.3,1]",2979.0,0.06643881192734105,0.07644165217619067,0.004957976564764976,0.10815421789884568,0.48485793837855395,0.2402169197951388,0.47881839543470966,0.045652903658945955,0.9417925478348439,0.44250481724739077,0.882510909701242,0.36317957043647764,0.7456864719704599,0.255013045668602,0.5535414568647197,0.1663490891456604,5
S3_fixed_85pct,BT,history_censor_frac,0,4691.0,0.07876406631243271,0.08995689287411014,-0.023214289173483848,0.126097571849823,0.5403529132216914,0.2853421840379585,0.5577062460029845,0.13242379023662332,0.890471114900874,0.49720569252967833,0.7967597527179706,0.39080451130867006,0.605585163078235,0.2586983472108841,0.40558516307823494,0.16170710027217866,5
S3_fixed_85pct,BT,target_cap_tertile,low,6179.0,0.07853191726730854,0.09004590694663164,-0.013622781285084784,0.12731941491365434,0.518968681855535,0.27247032385834735,0.5150024275772779,0.10390030749312187,0.9068457679236122,0.5014063596725464,0.8302314290338243,0.4002621531486511,0.6526298753843663,0.2706463634967804,0.4514322705939472,0.17187828719615936,5
S3_fixed_85pct,BT,target_cap_tertile,mid,3743.0,0.07503748847753398,0.08611385435800026,-0.0036365697626024483,0.120966736972332,0.507248227595334,0.27333834881851715,0.5257814587229495,0.08704247929468341,0.9171787336361208,0.4968036115169525,0.8236174191824739,0.3963109731674194,0.6446166176863478,0.26640766859054565,0.454394870424793,0.16786321997642517,5
S3_fixed_85pct,BT,target_censoring,censored,2211.0,0.07285310807998016,0.08389405785906875,-0.08043930828571319,0.1193038672208786,0.603647661169363,0.22801072172510367,0.6277702397105382,0.1351424694708277,0.9251922207146087,0.4452582061290741,0.8614201718679331,0.36379371881484984,0.7153324287652646,0.2540551543235779,0.5279963817277251,0.16528356671333314,5
S3_fixed_85pct,BT,target_censoring,uncensored,7711.0,0.07846398835446414,0.0899011871299223,0.010383148677647114,0.12653408348560333,0.4889991728996529,0.27897137067900646,0.48790040202308393,0.08675917520425366,0.9066009596680068,0.5152716636657715,0.8180780702891972,0.40880091190338136,0.630761250162106,0.2733461260795593,0.43091687200103745,0.1718202590942383,5
S3_fixed_85pct,BT,target_wind_band,7-11,4703.0,0.07696732209637751,0.08772316852315602,0.03160542268306017,0.12239200174808502,0.46532005523806375,0.2719034594690096,0.4406549011269402,0.07301722304911759,0.911673399957474,0.5341930747032165,0.830618753986817,0.4195683538913727,0.6476716989155858,0.2772974669933319,0.44371677652562197,0.17321794629096984,5
S3_fixed_85pct,BT,target_wind_band,<7,647.0,0.0975388550796939,0.11366107661394691,0.16365517377853395,0.16537165641784668,0.17953885151750942,0.15128306402752006,0.051004636785162295,0.0,0.8160741885625967,0.434253466129303,0.6309119010819165,0.3386646032333374,0.3372488408037094,0.22245749533176423,0.17094281298299846,0.13863060474395753,5
S3_fixed_85pct,BT,target_wind_band,>11,4572.0,0.07459078764441902,0.08587424272782271,-0.07705862671136857,0.12180229872465134,0.6125931199383734,0.23228579238830002,0.6659667541557306,0.13657042869641295,0.9231846019247595,0.47341508269309995,0.8526246719160104,0.38588491678237913,0.6958005249343832,0.2671539545059204,0.5014873140857393,0.17191818356513977,5
S3_fixed_85pct,ORACLE,all,all,9922.0,0.07505599510957064,0.08609994227254139,-0.008643500600010156,0.12167712301015854,0.5333498694960268,0.2929201291256973,0.5457569038500303,0.126244708728079,0.8774843781495667,0.4772834062576294,0.783088087079218,0.3734710574150085,0.5820600685345696,0.24369603097438813,0.38949808506349526,0.1512608379125595,5
S3_fixed_85pct,ORACLE,history_censor_frac,"(0,0.3]",2252.0,0.08606333518533126,0.09927186818298642,-0.0019664431601995602,0.1416939914226532,0.5130183741532299,0.29966843925958486,0.5086145648312611,0.12264653641207815,0.8717584369449378,0.5433294892311096,0.7793960923623445,0.43081617951393125,0.5591474245115453,0.2868943095207214,0.37806394316163405,0.18057726919651032,5
S3_fixed_85pct,ORACLE,history_censor_frac,"(0.3,1]",2979.0,0.06073214902508768,0.06921389613558195,0.00968440662836656,0.09648416191339493,0.5430368105120548,0.2847751235272147,0.5487076200067136,0.12729103726082577,0.8818395434709634,0.4114749789237976,0.7996643168848607,0.3203457534313202,0.6017455521987244,0.20464920103549958,0.4061765693185633,0.12519235014915467,5
S3_fixed_85pct,ORACLE,history_censor_frac,0,4691.0,0.07886801975997822,0.09049993252870851,-0.023488003015518188,0.12806634604930878,0.5369587226670418,0.29419288170258706,0.5617139202728629,0.1273076103176295,0.877467490940098,0.4873681366443634,0.7743338307397144,0.37967853546142577,0.5805585163078235,0.24775441288948058,0.38439565124706887,0.15374163389205933,5
S3_fixed_85pct,ORACLE,target_cap_tertile,low,6179.0,0.07564158811148627,0.0866494017404687,-0.01910942606627941,0.12225541323423386,0.5531151108394551,0.2919326154562996,0.572972972972973,0.141673409936883,0.8754167340993689,0.4776452422142029,0.7798025570480661,0.3728266716003418,0.5747855640071209,0.24230878055095673,0.3818417219614824,0.15015536844730376,5
S3_fixed_85pct,ORACLE,target_cap_tertile,mid,3743.0,0.07408928948337863,0.08519288642099908,0.008633803389966489,0.1207224816083908,0.500721115485596,0.2915900389477983,0.5008282126636387,0.10077477958856532,0.8808976756612343,0.47668607234954835,0.7885118888592039,0.3745348513126373,0.5940689286668448,0.24598609507083893,0.4021373230029388,0.1530857652425766,5
S3_fixed_85pct,ORACLE,target_censoring,censored,2211.0,0.06480765633261036,0.07342922780549725,-0.0824926659464836,0.10108623504638672,0.6947953311545335,0.23969685002189522,0.7524197195838986,0.2576209859791949,0.8298507462686567,0.41320396661758424,0.738218000904568,0.31995566487312316,0.5361374943464495,0.20291089713573457,0.36526458616010854,0.12416282296180725,5
S3_fixed_85pct,ORACLE,target_censoring,uncensored,7711.0,0.0779945344735778,0.08973305726237858,0.012531509902328253,0.12758122086524964,0.48705808947696855,0.29034474518082015,0.48649980547270133,0.08857476332511996,0.891142523667488,0.4956571161746979,0.7959538321877837,0.388815712928772,0.5952275969394372,0.25539047420024874,0.3964466346777331,0.15903074145317078,5
S3_fixed_85pct,ORACLE,target_wind_band,7-11,4703.0,0.07894636222392847,0.09092117329694631,0.02680550776422024,0.12936294376850127,0.47160789349507837,0.2777865196797401,0.4688921964703381,0.06085477354879863,0.9219221773336169,0.5208577752113343,0.8290452902402722,0.40808079242706297,0.6258133106527748,0.26821560263633726,0.41900914310014886,0.16705762445926667,5
S3_fixed_85pct,ORACLE,target_wind_band,<7,647.0,0.09742374322888149,0.11012081877672249,0.1489194631576538,0.15135777592658997,0.16591869472771575,0.16959536945744522,0.062442040185471406,0.0,0.6624420401854714,0.4239536106586456,0.5032457496136012,0.32536630630493163,0.32117465224111286,0.20970942378044127,0.20587326120556412,0.12918392568826675,5
S3_fixed_85pct,ORACLE,target_wind_band,>11,4572.0,0.06788881891271611,0.07774129034647369,-0.06740551069378853,0.10957087278366089,0.6488574117548976,0.2575627386997994,0.6932195975503062,0.21137357830271214,0.8622047244094488,0.4400074124336243,0.7754155730533683,0.34467716217041017,0.5739720034995626,0.22328345179557801,0.3851268591426072,0.13813560903072358,5
S4_random_uniform,B0_climatology,all,all,9922.0,0.2518210717539043,0.2834012011919227,-0.35942700505256653,0.3854532539844513,0.8105958455389664,0.23883484008010844,0.8685748840959484,0.5412215279177586,0.5589598871195324,0.6599999666213989,0.44658335013102196,0.5199999809265137,0.28976012900624876,0.3400000035762787,0.16972384599879056,0.21000000834465027,1
S4_random_uniform,B0_climatology,history_censor_frac,"(0,0.3]",2471.0,0.19248979888292567,0.21914219912294802,-0.2731131911277771,0.30348625779151917,0.7558881717019367,0.24244896148070902,0.820720356131121,0.3982193443949818,0.7082152974504249,0.6599999666213989,0.5953055443140429,0.5199999809265137,0.4144071226224201,0.3399999439716339,0.254552812626467,0.21000000834465027,1
S4_random_uniform,B0_climatology,history_censor_frac,"(0.3,1]",4570.0,0.31888924143328057,0.35571872624023027,-0.46770724654197693,0.4767533838748932,0.8911195475439414,0.17258180287108874,0.9483588621444201,0.7024070021881839,0.39584245076586433,0.6600000262260437,0.29540481400437635,0.5199999809265137,0.17658643326039386,0.3399999737739563,0.09102844638949671,0.21000002324581146,1
S4_random_uniform,B0_climatology,history_censor_frac,0,2881.0,0.19632160623132128,0.22380137635390515,-0.2616974413394928,0.3109302222728729,0.7297868708387112,0.2817893382479776,0.7830614370010414,0.4081916001388407,0.6896910794862895,0.6599999666213989,0.5588337382853176,0.5199999809265137,0.3623741756334606,0.3399999439716339,0.22179798681013538,0.21000000834465027,1
S4_random_uniform,B0_climatology,target_cap_tertile,low,3310.0,0.25951621986452905,0.2911059278480518,-0.3741587698459625,0.39363130927085876,0.8239932105472151,0.22186806660703826,0.8848942598187312,0.5570996978851964,0.5359516616314199,0.6599999666213989,0.4377643504531722,0.5199999809265137,0.2957703927492447,0.3399999737739563,0.18036253776435046,0.21000000834465027,1
S4_random_uniform,B0_climatology,target_cap_tertile,mid,6612.0,0.24796884243657696,0.27954417680719995,-0.3520522117614746,0.381359338760376,0.8038890581558291,0.24661771276514216,0.8604053236539625,0.5332728372655777,0.5704779189352692,0.6599999666213989,0.45099818511796735,0.5199999809265137,0.2867513611615245,0.3399999737739563,0.16439806412583183,0.21000000834465027,1
S4_random_uniform,B0_climatology,target_censoring,censored,3551.0,0.3717616304537002,0.41327640309191993,-0.55060213804245,0.55060213804245,0.9502425725021011,0.07685929852455792,1.0,0.8400450577302169,0.25457617572514785,0.6599999666213989,0.15995494226978316,0.5199999809265137,0.069276260208392,0.3400000035762787,0.019994367783722895,0.21000002324581146,1
S4_random_uniform,B0_climatology,target_censoring,uncensored,6371.0,0.18496988293849453,0.21101274695445765,-0.25287187099456787,0.29340437054634094,0.7327610429261754,0.2619453732701086,0.7953225553288338,0.3746664573850259,0.7286140323340135,0.6599999666213989,0.6063412337152724,0.5199999809265137,0.41265107518442945,0.3399999439716339,0.25317846491916496,0.21000000834465027,1
S4_random_uniform,B0_climatology,target_wind_band,7-11,4703.0,0.10262249258938759,0.12366241092647579,-0.173473060131073,0.1868574172258377,0.7304551902993544,0.17097521967900464,0.8603019349351477,0.1701041888156496,0.9942589836274718,0.6599999666213989,0.8298958111843504,0.5199999809265137,0.5556028067191154,0.3399999439716339,0.3414841590474165,0.21000002324581146,1
S4_random_uniform,B0_climatology,target_wind_band,<7,647.0,0.083409865347919,0.09750427060011821,0.15091635286808014,0.15091635286808014,0.18116680147133754,0.09730951030353022,0.0,0.0,0.893353941267388,0.6600000262260437,0.8129829984544049,0.5199999809265137,0.40494590417310666,0.3399999737739563,0.1205564142194745,0.20999999344348907,1
S4_random_uniform,B0_climatology,target_wind_band,>11,4572.0,0.42912705783338684,0.4740238706388375,-0.6229296326637268,0.6229296326637268,0.98210548969987,0.017134525798556333,1.0,0.9995625546806649,0.06386701662292213,0.6600000262260437,0.0004374453193350831,0.5199999809265137,0.0,0.3399999737739563,0.0,0.21000002324581146,1
S4_random_uniform,B0_persistence,all,all,9922.0,0.18923788926211416,0.17031409907245035,-0.09595943242311478,0.18923787772655487,0.644728885305382,0.47859539253764405,0.644728885305382,0.644728885305382,0.0,0.0,0.0,0.0,0.0,0.0,0.0,0.0,1
S4_random_uniform,B0_persistence,history_censor_frac,"(0,0.3]",2471.0,0.15801114609931607,0.1422100304622536,-0.036899298429489136,0.15801113843917847,0.5653581545932821,0.4957099067278771,0.5653581545932821,0.5653581545932821,0.0,0.0,0.0,0.0,0.0,0.0,0.0,0.0,1
S4_random_uniform,B0_persistence,history_censor_frac,"(0.3,1]",4570.0,0.24441749067280108,0.21997573987741828,-0.18836385011672974,0.2444174885749817,0.7741794310722101,0.41812156076543,0.7741794310722101,0.7741794310722101,0.0,0.0,0.0,0.0,0.0,0.0,0.0,0.0,1
S4_random_uniform,B0_persistence,history_censor_frac,0,2881.0,0.1284917955128725,0.1156426152324964,-3.765043948078528e-05,0.12849178910255432,0.5074626865671642,0.4999443052072903,0.5074626865671642,0.5074626865671642,0.0,0.0,0.0,0.0,0.0,0.0,0.0,0.0,1
S4_random_uniform,B0_persistence,target_cap_tertile,low,3310.0,0.2654634616132319,0.23891711362764192,-0.22037363052368164,0.2654634714126587,0.7984894259818731,0.40112848636940746,0.7984894259818731,0.7984894259818731,0.0,0.0,0.0,0.0,0.0,0.0,0.0,0.0,1
S4_random_uniform,B0_persistence,target_cap_tertile,mid,6612.0,0.15107898961265864,0.13597108966868687,-0.03367706760764122,0.1510789841413498,0.5677555958862673,0.49538790783193004,0.5677555958862673,0.5677555958862673,0.0,0.0,0.0,0.0,0.0,0.0,0.0,0.0,1
S4_random_uniform,B0_persistence,target_censoring,censored,3551.0,0.29268906273365325,0.26342015450679224,-0.2871953248977661,0.2926890552043915,0.9695860321036328,0.1717234941793521,0.9695860321036328,0.9695860321036328,0.0,0.0,0.0,0.0,0.0,0.0,0.0,0.0,1
S4_random_uniform,B0_persistence,target_censoring,uncensored,6371.0,0.13157737803978872,0.11841963935696644,0.01062957476824522,0.13157737255096436,0.46366347512164496,0.4986779090352456,0.46366347512164496,0.46366347512164496,0.0,0.0,0.0,0.0,0.0,0.0,0.0,0.0,1
S4_random_uniform,B0_persistence,target_wind_band,7-11,4703.0,0.1348421795694892,0.12135796071607051,-0.00019530431018210948,0.134842187166214,0.5251966829683181,0.4993647235912786,0.5251966829683181,0.5251966829683181,0.0,0.0,0.0,0.0,0.0,0.0,0.0,0.0,1
S4_random_uniform,B0_persistence,target_wind_band,<7,647.0,0.14812010681253773,0.1333080949938325,0.13580867648124695,0.14812010526657104,0.160741885625966,0.3672927059327136,0.160741885625966,0.160741885625966,0.0,0.0,0.0,0.0,0.0,0.0,0.0,0.0,1
S4_random_uniform,B0_persistence,target_wind_band,>11,4572.0,0.25101090499468,0.2259098128364311,-0.22726579010486603,0.2510108947753906,0.8361767279090113,0.37011512751087405,0.8361767279090113,0.8361767279090113,0.0,0.0,0.0,0.0,0.0,0.0,0.0,0.0,1
S4_random_uniform,B1,all,all,9922.0,0.0850379881192043,0.09717208633785351,-0.05127563029527664,0.13618386685848236,0.5964021171759337,0.29778068731153406,0.6285829469864946,0.20413223140495868,0.8343277565007055,0.4682823956012726,0.7219713767385608,0.3642080068588257,0.526587381576295,0.2375803232192993,0.3450917153799637,0.14733884930610658,5
S4_random_uniform,B1,history_censor_frac,"(0,0.3]",2471.0,0.0943346835404125,0.10707957974265762,-0.06694078519940376,0.14826298654079437,0.6095341414394319,0.3070663944607792,0.6314042897612302,0.23626062322946179,0.7915014164305949,0.46585917472839355,0.6841764467826791,0.359649533033371,0.49178470254957507,0.23277376890182494,0.31995143666531767,0.14392957985401153,5
S4_random_uniform,B1,history_censor_frac,"(0.3,1]",4570.0,0.08277908157011091,0.09483015617482388,-0.06209451258182526,0.13325151652097703,0.6251454362275946,0.28475038960795174,0.667964989059081,0.22568927789934357,0.8405251641137855,0.4708061099052429,0.7220568927789934,0.36748228073120115,0.5291028446389496,0.2401395857334137,0.3477899343544858,0.14888227581977845,5
S4_random_uniform,B1,history_censor_frac,0,2881.0,0.08064752249738945,0.09238944303406127,-0.02067831000313163,0.13047519326210022,0.5395447065472654,0.3015035753981494,0.5636931620964942,0.14238111766747658,0.8612287400208262,0.4663574993610382,0.7542519958347796,0.36292398571968076,0.5524470669906283,0.23764317333698273,0.3623741756334606,0.14781465232372284,5
S4_random_uniform,B1,target_cap_tertile,low,3310.0,0.08641254459268602,0.0986775153937593,-0.07960348054766656,0.13784967362880707,0.6469744361229293,0.28138193440155784,0.6930513595166163,0.24803625377643507,0.8253776435045317,0.4652495443820953,0.7068277945619336,0.36176676154136655,0.5120241691842901,0.23560120463371276,0.3351057401812689,0.1458241730928421,5
S4_random_uniform,B1,target_cap_tertile,mid,6612.0,0.0843498783298479,0.09641846108451897,-0.037094568461179735,0.13534994721412658,0.5710853634381002,0.3024751063120851,0.5963097398669086,0.1821536600120992,0.8388082274652147,0.46980066895484923,0.7295523290986086,0.36543012857437135,0.5338777979431337,0.23857108056545256,0.3500907441016334,0.14809709489345552,5
S4_random_uniform,B1,target_censoring,censored,3551.0,0.10265166190259056,0.11697610704526576,-0.1328854337334633,0.1629488080739975,0.7362355755707031,0.24412690984276778,0.8050689946493945,0.35837792171219374,0.758603210363278,0.47393972277641294,0.6286116586876936,0.36988680362701415,0.44156575612503524,0.2415099859237671,0.28014643762320474,0.14982315003871918,5
S4_random_uniform,B1,target_censoring,uncensored,6371.0,0.0752206665676732,0.08613393258930215,-0.005788827361539006,0.12126590460538864,0.5184632361902446,0.2962108085738714,0.5302150368858892,0.11816041437764872,0.8765342960288809,0.4651291728019714,0.7740072202166065,0.36104286909103395,0.5739758279704913,0.23539004027843474,0.38129022131533513,0.14595417082309722,5
S4_random_uniform,B1,target_wind_band,7-11,4703.0,0.07542629192175129,0.08649640350229301,-0.010938484547659754,0.12197699397802353,0.5399308796537424,0.2826051922970201,0.568403146927493,0.11044014458856048,0.911673399957474,0.4864401400089264,0.8088879438656177,0.3763704180717468,0.6034871358707208,0.24495936334133148,0.4040825005315756,0.15172867774963378,5
S4_random_uniform,B1,target_wind_band,<7,647.0,0.09029513097798576,0.10199717649786785,0.1383074164390564,0.14018106162548066,0.1642562790285198,0.16208485208806744,0.04853168469860896,0.0,0.6482225656877898,0.3878021717071533,0.5239567233384853,0.29782689213752744,0.32797527047913444,0.19258732199668885,0.2006182380216383,0.11906337291002274,5
S4_random_uniform,B1,target_wind_band,>11,4572.0,0.09418112805511636,0.1074708402840722,-0.11959711164236068,0.15023213624954224,0.7156459026851733,0.24944239269327212,0.7725721784776903,0.3293963254593176,0.7811023622047244,0.46099341511726377,0.660586176727909,0.36109098196029665,0.4755905511811024,0.2363569438457489,0.30485564304461943,0.14682458341121674,5
S4_random_uniform,B2_recon,all,all,9922.0,0.08087716392628773,0.09272438865046129,0.03545405976474285,0.13104846477508544,0.4416776254889762,0.2985542440380762,0.40983672646643826,0.10407175972586172,0.8390042330175367,0.4946260988712311,0.735517032856279,0.38970388770103453,0.5459584761136868,0.2565351903438568,0.35724652287845193,0.1593644380569458,5
S4_random_uniform,B2_recon,history_censor_frac,"(0,0.3]",2471.0,0.08827564521642847,0.10203532050349964,0.01032348070293665,0.1467214286327362,0.4891812128185945,0.2868919112563262,0.48077701335491707,0.094293808174828,0.8876568191015783,0.5883909106254578,0.7962768110076892,0.4699255406856537,0.6073654390934844,0.31354349851608276,0.3990287333063537,0.19618696868419647,5
S4_random_uniform,B2_recon,history_censor_frac,"(0.3,1]",4570.0,0.07849010798302672,0.08939503810595344,0.07347791343927383,0.12464058101177215,0.375771083130905,0.2998346466151217,0.2996498905908096,0.11549234135667397,0.7708971553610503,0.420038503408432,0.66,0.3297150909900665,0.4728227571115974,0.21674529016017913,0.29781181619256014,0.13409890234470367,5
S4_random_uniform,B2_recon,history_censor_frac,0,2881.0,0.07831805194876777,0.0900197095041729,-0.0033072582096792757,0.12777047157287597,0.5054789216656157,0.2842410738333214,0.5237764665046859,0.09434224227698715,0.9053106560222146,0.5325199723243713,0.8031933356473446,0.416056227684021,0.6093023255813954,0.2707566797733307,0.41568899687608474,0.16785977482795716,5
S4_random_uniform,B2_recon,target_cap_tertile,low,3310.0,0.0801778376975492,0.09152265271780632,0.06155724450945854,0.12803998738527297,0.3919068377105761,0.2923758604196015,0.32138972809667676,0.09909365558912386,0.8172205438066464,0.483089417219162,0.7106948640483384,0.38110392093658446,0.5178247734138972,0.2499643385410309,0.32290030211480364,0.15427794456481933,5
S4_random_uniform,B2_recon,target_cap_tertile,mid,6612.0,0.08122725010552616,0.09332598361977285,0.0223866761662066,0.13255452811717988,0.46659312874767317,0.29847847957459916,0.4541137326073805,0.10656382335148215,0.8499092558983665,0.5004013776779175,0.7479431336963097,0.39400907754898074,0.560042347247429,0.2598245620727539,0.3744404113732608,0.16191076636314392,5
S4_random_uniform,B2_recon,target_censoring,censored,3551.0,0.07194213785453847,0.08248281602105871,0.01543052732013166,0.11647282540798187,0.44084926843638766,0.3215006137802416,0.3863700366094058,0.16665727963953816,0.7561813573641227,0.3925288558006287,0.6453393410306956,0.30755898356437683,0.4595888482117713,0.20251308381557465,0.28048437059983106,0.12531511932611467,5
S4_random_uniform,B2_recon,target_censoring,uncensored,6371.0,0.08585727341942564,0.09843272712275898,0.04661456272006035,0.1391724795103073,0.44213932630419234,0.2848778680562262,0.422916339664103,0.06918851043792183,0.8851671637105636,0.5515319466590881,0.78577931250981,0.4354889214038849,0.5940982577303406,0.2866454184055328,0.4000313922461152,0.17834249436855315,5
S4_random_uniform,B2_recon,target_wind_band,7-11,4703.0,0.09648775646073715,0.11092993114957864,0.06956629753112793,0.15786145329475404,0.4272764524474706,0.2699654375892463,0.39872421858388263,0.0404847969381246,0.9211141824367426,0.6104945778846741,0.8277695088241547,0.48699638843536375,0.625728258558367,0.32350712418556216,0.4152668509462045,0.20240696966648103,5
S4_random_uniform,B2_recon,target_wind_band,<7,647.0,0.1065638816698096,0.12005832056013847,0.16167062520980835,0.16366129219532013,0.16178902355269764,0.16144209110861243,0.04945904173106646,0.0,0.6630602782071098,0.5123925745487213,0.5100463678516228,0.3925378680229187,0.314064914992272,0.250785169005394,0.19505409582689334,0.15321483612060546,5
S4_random_uniform,B2_recon,target_wind_band,>11,4572.0,0.06118426736688829,0.07012908674343811,-0.01749694114550948,0.09885206371545792,0.4960994632551559,0.3167069202937755,0.4722659667541557,0.18420822397200348,0.779440069991251,0.37292344570159913,0.6725284339457568,0.28922266364097593,0.4967191601049869,0.18845799565315247,0.3205161854768154,0.11595888286828995,5
S4_random_uniform,B4,all,all,9922.0,0.11403073192915938,0.1299853852536386,-0.11126555204391479,0.18165668249130248,0.6586972196971205,0.2985431872720952,0.7072162870389034,0.2942551904857892,0.7682322112477323,0.5122323989868164,0.6435396089498086,0.39885849356651304,0.45095746825236843,0.2639127284288406,0.28689780286232613,0.16528704166412353,5
S4_random_uniform,B4,history_censor_frac,"(0,0.3]",2471.0,0.09433769489416513,0.10894286909547887,-0.06615082174539566,0.1559802621603012,0.6009551106234151,0.30070608272511523,0.6310805341966816,0.20445163901254554,0.8379603399433428,0.5288425505161285,0.7178470254957507,0.41126265525817873,0.5130716309186564,0.2687867283821106,0.32820720356131117,0.16670821905136107,5
S4_random_uniform,B4,history_censor_frac,"(0.3,1]",4570.0,0.14526616274205972,0.16406784800772062,-0.1811395913362503,0.22507270574569702,0.7517858074894098,0.27701062477102195,0.8124288840262583,0.44809628008752733,0.6505032822757112,0.48259387612342836,0.5099781181619256,0.3743194878101349,0.33076586433260396,0.24839518666267396,0.20301969365426692,0.15632035136222838,5
S4_random_uniform,B4,history_censor_frac,0,2881.0,0.08137386823548227,0.09396983601401968,-0.03912190534174442,0.1348101705312729,0.5605597345566707,0.28515503647830204,0.605623047552933,0.1272474835126692,0.8951752863589032,0.5450003385543823,0.79166955918084,0.4271447479724884,0.5883373828531759,0.28434709906578065,0.3845192641443943,0.17829156816005706,5
S4_random_uniform,B4,target_cap_tertile,low,3310.0,0.1573801757066069,0.17578092754954508,-0.19704214632511138,0.2354385495185852,0.7647490091762379,0.28176411929402007,0.8072507552870091,0.5042900302114803,0.6025377643504533,0.45429062843322754,0.4565558912386707,0.34036374688148496,0.2936555891238671,0.21318913102149964,0.1798187311178248,0.1306229591369629,5
S4_random_uniform,B4,target_cap_tertile,mid,6612.0,0.09232978533155635,0.10705990960338899,-0.06832535788416863,0.15473320782184602,0.6056071677951427,0.292358074345,0.6571385359951603,0.18911070780399272,0.8511796733212341,0.5412383556365967,0.7371445856019359,0.4281412482261658,0.5297035692679976,0.2893051981925964,0.34050211736237146,0.18264005482196807,5
S4_random_uniform,B4,target_censoring,censored,3551.0,0.17597082855950458,0.19897808132455647,-0.268612277507782,0.2733126640319824,0.8803109646707064,0.14722763306495193,0.9678963672205013,0.6165023936919177,0.5460996902281048,0.48216785192489625,0.3819205857504928,0.3716575562953949,0.20354829625457618,0.24375444650650024,0.09918332863981977,0.15259139537811278,5
S4_random_uniform,B4,target_censoring,uncensored,6371.0,0.07950722178407135,0.09153097248518317,-0.023565313778817654,0.13057044446468352,0.5351765151921443,0.28982921500977005,0.5619212054622509,0.11464448281274524,0.8920420656097944,0.5289894819259644,0.789358028566944,0.41401944160461424,0.5888557526291006,0.27514832019805907,0.3915240935488934,0.1723632127046585,5
S4_random_uniform,B4,target_wind_band,7-11,4703.0,0.07337668627277158,0.08389686087733553,-0.01691849660128355,0.1179157093167305,0.5467323665137038,0.2761389959721578,0.571379970231767,0.11405485860089304,0.9205188177758877,0.517489242553711,0.8239421645758027,0.3971248209476471,0.6209653412715288,0.2562453806400299,0.41722304911758445,0.15830065906047822,5
S4_random_uniform,B4,target_wind_band,<7,647.0,0.09526492077022376,0.10827454984433826,0.14853924810886382,0.15048272609710694,0.15862315610651417,0.15369813808095775,0.039258114374034,0.0,0.6726429675425039,0.4296723484992981,0.5051004636785162,0.3263894855976105,0.32179289026275115,0.20998454391956328,0.1891808346213292,0.13016074001789094,5
S4_random_uniform,B4,target_wind_band,>11,4572.0,0.15850524123402007,0.18046684646351843,-0.2450818032026291,0.2516355365514755,0.8446374260979803,0.1665171291170769,0.9414698162729659,0.521259842519685,0.6251093613298337,0.5185083031654358,0.4775590551181102,0.41089720726013185,0.29435695538057743,0.2794313311576843,0.16666666666666666,0.1774444490671158,5
S4_random_uniform,B4_plain,all,all,9922.0,0.11755358333513741,0.13502804994389803,-0.13208816647529603,0.192080295085907,0.6783635965190401,0.2881822105680498,0.7393469058657528,0.29594839750050395,0.7773029631122756,0.5401963472366333,0.6509776254787341,0.4263465106487274,0.4441443257407781,0.28556017875671386,0.27339246119733923,0.1779169648885727,5
S4_random_uniform,B4_plain,history_censor_frac,"(0,0.3]",2471.0,0.09685176936363049,0.1127457262587163,-0.0831973597407341,0.16339238584041596,0.616432642582445,0.29106907052713477,0.6569809793605828,0.2008903278025091,0.8597329016592472,0.5666976928710937,0.7333063537029543,0.4433581531047821,0.5165520032375557,0.28918657302856443,0.3322541481181708,0.1787632554769516,5
S4_random_uniform,B4_plain,history_censor_frac,"(0.3,1]",4570.0,0.14879611960430864,0.16912691934366345,-0.19985687136650085,0.23626225292682648,0.7664099802927425,0.2612188796088252,0.838730853391685,0.44035010940919034,0.6611816192560175,0.5089352548122406,0.5263019693654267,0.40374048352241515,0.3351422319474836,0.2752100706100464,0.1950109409190372,0.17231860756874084,5
S4_random_uniform,B4_plain,history_censor_frac,0,2881.0,0.08575066475599166,0.10004984399775303,-0.06652280837297439,0.14660170674324036,0.5918170548083513,0.28623457981098094,0.6523429364803888,0.1484206872613676,0.8908018049288442,0.5670544862747192,0.7781325928497049,0.4476147174835205,0.5549461992363762,0.2988677561283112,0.34724054147865324,0.18607151806354522,5
S4_random_uniform,B4_plain,target_cap_tertile,low,3310.0,0.1581720662847994,0.17682509073188601,-0.20337508022785186,0.2382216066122055,0.7677793534879929,0.27106875008240694,0.815166163141994,0.4820543806646526,0.6240483383685801,0.479958313703537,0.4848338368580061,0.36590815186500547,0.31057401812688823,0.23179275393486024,0.18912386706948642,0.140425381064415,5
S4_random_uniform,B4_plain,target_cap_tertile,mid,6612.0,0.09721976927533989,0.11410424398378911,-0.09640158861875534,0.16898171603679657,0.6336016250176435,0.2860233845243276,0.7013914095583786,0.2027828191167574,0.8540229885057471,0.5703517913818359,0.7341500302480339,0.4566022276878357,0.5110102843315184,0.31247641444206237,0.31557773744706596,0.19668542146682738,5
S4_random_uniform,B4_plain,target_censoring,censored,3551.0,0.17894117727217934,0.20389634637008708,-0.2825565218925476,0.28581514954566956,0.8823287063315473,0.1343406853425826,0.9795550549141087,0.5912700647704872,0.5699239650802591,0.5119048118591308,0.4075471698113208,0.40455082654953,0.21008166713601803,0.2721188485622406,0.09112925936355956,0.16985638439655304,5
S4_random_uniform,B4_plain,target_censoring,uncensored,6371.0,0.08333802124591502,0.09664297372204946,-0.048221726715564725,0.1398353546857834,0.5646796999652473,0.28831707983992183,0.6054622508240465,0.13134515774603672,0.8928896562549051,0.5559651494026184,0.7866582954010359,0.43849475383758546,0.5746036728927955,0.29305195808410645,0.374980379846178,0.18240967392921448,5
S4_random_uniform,B4_plain,target_wind_band,7-11,4703.0,0.07214248700571578,0.08227344787819431,-0.02993912287056446,0.11482046097517014,0.5657959116677898,0.26472200748919816,0.5977886455453966,0.11367212417605783,0.9323410588985753,0.5364158987998963,0.8418881564958538,0.41244566440582275,0.6395917499468424,0.2654650270938873,0.4367425047841803,0.16331193447113038,5
S4_random_uniform,B4_plain,target_wind_band,<7,647.0,0.09303828033761134,0.10606806353553426,0.1463135987520218,0.1481848329305649,0.15404575725328748,0.14858524523339636,0.03493044822256569,0.0,0.6763523956723339,0.4319505453109741,0.510355486862442,0.3269211769104004,0.3038639876352396,0.20856259465217591,0.16136012364760433,0.12826584428548812,5
S4_random_uniform,B4_plain,target_wind_band,>11,4572.0,0.16773507657150427,0.1933924429275411,-0.2765616774559021,0.27776562571525576,0.868354730346768,0.12929310320421641,0.9846456692913386,0.5253280839895014,0.632108486439195,0.5594033122062683,0.4744969378827647,0.4547156810760498,0.26294838145231847,0.3171273052692413,0.12121609798775153,0.19996675550937654,5
S4_random_uniform,B6,all,all,9922.0,0.07557736416881414,0.08660070848554609,-0.005945656727999449,0.12216973751783371,0.5304048715782244,0.28929092661839095,0.5419270308405564,0.12495464624067729,0.8825438419673454,0.4914003014564514,0.7859907276758717,0.38804674744606016,0.6011086474501108,0.25683512091636657,0.4017133642410804,0.16012438237667084,5
S4_random_uniform,B6,history_censor_frac,"(0,0.3]",2471.0,0.08548337827274181,0.0982968834112357,-0.0209059813991189,0.139643993973732,0.5382068652416484,0.2990189512896202,0.5490084985835694,0.13678672602185352,0.8636179684338325,0.5228919506072998,0.7659247268312425,0.413038444519043,0.5678672602185351,0.2733241617679596,0.3698907324969648,0.17061756253242494,5
S4_random_uniform,B6,history_censor_frac,"(0.3,1]",4570.0,0.06875061981212878,0.07847592648908716,0.005033278698101639,0.10977640897035598,0.5313813113738398,0.28216446993965705,0.5368052516411378,0.12520787746170678,0.8922975929978119,0.4739124596118927,0.7989059080962801,0.37498817443847654,0.6217943107221007,0.24826563596725465,0.42336980306345734,0.15448840856552123,5
S4_random_uniform,B6,history_censor_frac,0,2881.0,0.07791004756320732,0.08945701028437919,-0.010529749817214907,0.12684125304222107,0.5221643105895805,0.2916144326648645,0.5439777854911488,0.11440472058313085,0.8833044081916002,0.49213050603866576,0.7827143353002429,0.3873259246349335,0.5968066643526553,0.25628599524497986,0.39465463380770566,0.16006456911563874,5
S4_random_uniform,B6,target_cap_tertile,low,3310.0,0.07015956300606226,0.08015188462770802,-0.011485656024888158,0.11243089586496353,0.5440468221776735,0.27764614242796576,0.5564350453172204,0.12404833836858006,0.901510574018127,0.49591057896614077,0.8115407854984895,0.39221933484077454,0.6323867069486405,0.2601667582988739,0.42326283987915403,0.16231782734394073,5
S4_random_uniform,B6,target_cap_tertile,mid,6612.0,0.07828954230685235,0.08982902169931559,-0.003172305738553405,0.12704505324363707,0.523575643434822,0.29465614003008433,0.5346642468239564,0.12540834845735027,0.8730490018148821,0.48914246559143065,0.773200241984271,0.38595795035362246,0.5854506957047791,0.2551672637462616,0.3909255898366606,0.15902632772922515,5
S4_random_uniform,B6,target_censoring,censored,3551.0,0.07206341407312407,0.08225312288812898,-0.060641560703516006,0.11521597355604171,0.6373964243936552,0.2573277650066471,0.6828499014362152,0.20411151788228668,0.8736130667417628,0.4735212683677673,0.7778653900309772,0.3752035915851593,0.598873556744579,0.24862460494041444,0.4029287524640946,0.15476936995983123,5
S4_random_uniform,B6,target_censoring,uncensored,6371.0,0.07753593217851361,0.08902391935612025,0.024540162459015847,0.12604555487632751,0.47077106149384285,0.2889114550504427,0.4633809449066081,0.08083503374666458,0.8875215821692042,0.5013655662536621,0.7905195416732067,0.3952051281929016,0.6023544184586407,0.26141138672828673,0.4010359441218019,0.16310909986495972,5
S4_random_uniform,B6,target_wind_band,7-11,4703.0,0.07912296322183282,0.09113083431443353,0.03311212062835693,0.129935684800148,0.45965255299413077,0.2721120592599077,0.4501807357006166,0.052944928768870934,0.9246438443546673,0.535008716583252,0.8372953433978312,0.4214935123920441,0.643206463959175,0.2790057361125946,0.42836487348500957,0.17435680329799652,5
S4_random_uniform,B6,target_wind_band,<7,647.0,0.10117731532355456,0.11430385720398953,0.15508330166339873,0.1568959891796112,0.15802923285621046,0.16242884897105653,0.05255023183925811,0.0,0.6420401854714065,0.43617618680000303,0.49366306027820706,0.3356908857822418,0.3078825347758887,0.2173044741153717,0.19072642967542502,0.1339783638715744,5
S4_random_uniform,B6,target_wind_band,>11,4572.0,0.06830743399745283,0.07802041124274411,-0.06891032904386521,0.10926704555749893,0.6558806354789539,0.24716195442286523,0.7055555555555555,0.21671041119860016,0.8732720909886265,0.454357385635376,0.7745844269466317,0.3610507369041443,0.5993000874890638,0.23962334394454957,0.4041557305336833,0.1491841733455658,5
S4_random_uniform,BQR,all,all,9922.0,0.12797919837147825,0.1384037669558154,-0.12137030363082886,0.19070694148540496,0.6709289882004339,0.3191056404520217,0.7062084257206209,0.3731102600282201,0.7315259020358799,0.4743769824504852,0.5554323725055432,0.3397390007972717,0.3917556944164483,0.20747089087963105,0.2526909897198145,0.12424046695232391,5
S4_random_uniform,BQR,history_censor_frac,"(0,0.3]",2471.0,0.10066001560012854,0.10943689635357937,-0.06364320069551468,0.1546831101179123,0.6068444791884797,0.32613915357972,0.6229866450829624,0.27405908539053014,0.7823553217320922,0.46523486375808715,0.6337515176042088,0.3426872670650482,0.44645892351274785,0.21749421656131745,0.2855524079320113,0.13155735433101653,5
S4_random_uniform,BQR,history_censor_frac,"(0.3,1]",4570.0,0.17411663166184133,0.1870333715075525,-0.21071028113365173,0.2511093407869339,0.7844400569797727,0.29047845670998196,0.8230196936542669,0.5822757111597374,0.6064770240700219,0.469359028339386,0.3721663019693654,0.3153602719306946,0.2389059080962801,0.17785963416099548,0.14919037199124727,0.10240794122219085,5
S4_random_uniform,BQR,history_censor_frac,0,2881.0,0.07822481811845708,0.08610937072418975,-0.029166197776794432,0.12579055577516557,0.5458360473628636,0.2931411893258924,0.592294342242277,0.12627559875043387,0.8862894828184658,0.49017783999443054,0.7789656369316209,0.375881153345108,0.587296077750781,0.24584503173828126,0.3886844845539743,0.15259678959846495,5
S4_random_uniform,BQR,target_cap_tertile,low,3310.0,0.18607647946059389,0.1974857169066311,-0.22322377264499665,0.2614268124103546,0.7878273119663763,0.29871344431965907,0.8077341389728095,0.5982477341389728,0.5291842900302115,0.42657473087310793,0.3577039274924471,0.286568820476532,0.23601208459214504,0.16079992949962615,0.1375226586102719,0.09111187160015106,5
S4_random_uniform,BQR,target_cap_tertile,mid,6612.0,0.09889541125638862,0.10882704972393395,-0.07038194835186004,0.15530421137809752,0.612409107428312,0.31280920660819794,0.6553841500302481,0.26040532365396246,0.8328191167574108,0.4983070433139801,0.6544162129461586,0.36635624766349795,0.4697217180883243,0.23083461225032806,0.3103448275862069,0.14082480370998382,5
S4_random_uniform,BQR,target_censoring,censored,3551.0,0.21736067600980488,0.23238797008809747,-0.3055821120738983,0.3089687407016754,0.9309589772987238,0.12580307817603353,0.9793297662630245,0.811208110391439,0.456941706561532,0.4627183794975281,0.1870459025626584,0.30286827087402346,0.08420163334272036,0.16503792107105256,0.040664601520698396,0.09321398735046386,5
S4_random_uniform,BQR,target_censoring,uncensored,6371.0,0.07816070408585625,0.08601985464648658,-0.01869628895074129,0.12479143291711807,0.5259962474551776,0.3017316464609662,0.5539789671951028,0.12892795479516558,0.8845707110343746,0.48087515234947203,0.7607596923559881,0.36028960943222044,0.5631768953068592,0.2311217427253723,0.37086799560508554,0.1415336698293686,5
S4_random_uniform,BQR,target_wind_band,7-11,4703.0,0.07273358219567953,0.08053838639911054,-0.018284208513796328,0.11767452508211136,0.5500950629420756,0.2990741507419146,0.5676376780778226,0.15211567084839464,0.9022326174782054,0.4607673525810242,0.7672549436529874,0.34018227458000183,0.551477780140336,0.2147752732038498,0.34790559217520733,0.1296256199479103,5
S4_random_uniform,BQR,target_wind_band,<7,647.0,0.09453231629784545,0.10255316506568027,0.145119372010231,0.1468422919511795,0.15107972892958216,0.1659800145891782,0.05069551777434313,0.0,0.6525502318392581,0.3745066404342651,0.4942812982998454,0.28639450669288635,0.3075734157650695,0.1874954581260681,0.17712519319938175,0.1119984969496727,5
S4_random_uniform,BQR,target_wind_band,>11,4572.0,0.18954093624908586,0.20300049140487494,-0.2651219844818115,0.2720393776893616,0.8687908476138853,0.18020235901689288,0.9415135608048993,0.6532370953630796,0.5671041119860017,0.5025095880031586,0.34619422572178477,0.3468319773674011,0.23937007874015745,0.20278402864933015,0.16544181977252842,0.12043340504169464,5
S4_random_uniform,BT,all,all,9922.0,0.07831100845355386,0.08986233751583074,-0.02092147134244442,0.12701944410800933,0.5364898566568512,0.27412417600539574,0.5657730296311227,0.10122959080830478,0.9100382987300947,0.5042340099811554,0.8242088288651482,0.40342146158218384,0.6383793590002016,0.2717385470867157,0.4300745817375529,0.1712227463722229,5
S4_random_uniform,BT,history_censor_frac,"(0,0.3]",2471.0,0.08685441589633472,0.09960339926397685,-0.023479838296771048,0.14065820574760438,0.5385497734794884,0.29187137840421756,0.5481991096721975,0.1365439093484419,0.88328611898017,0.5315013885498047,0.7795224605422906,0.42032697796821594,0.586483205180089,0.27903600931167605,0.3848644273573452,0.17451882362365723,5
S4_random_uniform,BT,history_censor_frac,"(0.3,1]",4570.0,0.07357603950442286,0.08459801575416098,-0.020073072495870294,0.1200431913137436,0.5370716097683272,0.25561310630566686,0.5798249452954047,0.07124726477024071,0.9332603938730853,0.49920827746391294,0.8644638949671772,0.4048813819885254,0.6869584245076586,0.2769347667694092,0.4705470459518599,0.17576761543750763,5
S4_random_uniform,BT,history_censor_frac,0,2881.0,0.07849429491881496,0.08985809831803887,-0.02007296574302018,0.12638776749372482,0.5338002814440148,0.2855418903121962,0.5585560569246789,0.11850052065255119,0.8961471711211384,0.4888191521167755,0.7986810135369663,0.38660603761672974,0.605831308573412,0.25723705887794496,0.4046511627906977,0.16118639707565308,5
S4_random_uniform,BT,target_cap_tertile,low,3310.0,0.07365582607528955,0.08452616115646788,-0.031529160868376496,0.12002714276313782,0.5576626902064146,0.2580146197609453,0.5992145015105741,0.08737160120845922,0.9315407854984894,0.5146344244480133,0.8639879154078549,0.41366281509399416,0.6741389728096676,0.2794531583786011,0.44465256797583075,0.17612085342407227,5
S4_random_uniform,BT,target_cap_tertile,mid,6612.0,0.08064141584497173,0.09253365387237808,-0.015611207764595746,0.13051982820034028,0.5258906311503397,0.28117902854799376,0.5490320629159104,0.10816696914700544,0.8992740471869329,0.49902750849723815,0.8042952208106474,0.39829459190368655,0.6204779189352692,0.26787657141685484,0.4227767695099819,0.16877072155475617,5
S4_random_uniform,BT,target_censoring,censored,3551.0,0.07984364907422752,0.09158486152126,-0.08680321350693702,0.12970624417066573,0.6406577617699045,0.2267900151270117,0.7256547451422135,0.14288932695015488,0.9139960574486061,0.5021142840385437,0.8442128977752745,0.40822808146476747,0.6640946212334554,0.2796569764614105,0.4462404956350324,0.17764235734939576,5
S4_random_uniform,BT,target_censoring,uncensored,6371.0,0.07745676157802221,0.08890225546540234,0.01579899142961949,0.1255219027400017,0.47842986119986614,0.2802724795433296,0.47665986501334173,0.07800973159629572,0.9078323654057447,0.5054154396057129,0.8130591743839272,0.4007424175739288,0.6240464605242505,0.2673250615596771,0.42106419714330556,0.16764464378356933,5
S4_random_uniform,BT,target_wind_band,7-11,4703.0,0.07571294532525216,0.0863037038144773,0.030914373323321344,0.1204725220799446,0.4630011572438876,0.27099548484619,0.4372102913034233,0.06957261322560068,0.91554327025303,0.5309130311012268,0.8344460982351691,0.4167297542095184,0.6477142249627897,0.2749019682407379,0.44426961513927277,0.1715096801519394,5
S4_random_uniform,BT,target_wind_band,<7,647.0,0.09926775251666352,0.1155558953598191,0.16646815538406373,0.16738883554935455,0.1663048609870031,0.13531532974115879,0.02998454404945904,0.0,0.8040185471406491,0.4287851691246033,0.5950540958268934,0.334408038854599,0.32302936630602785,0.2197032481431961,0.15301391035548687,0.13683153092861175,5
S4_random_uniform,BT,target_wind_band,>11,4572.0,0.0780178495479482,0.08988694870839521,-0.10076071918010712,0.12804113775491716,0.6644704003002371,0.20607501730534922,0.773840769903762,0.14811898512685914,0.9193788276465442,0.4874675810337067,0.8461067366579178,0.39949822425842285,0.673403324584427,0.27584817409515383,0.4546806649168854,0.17579439282417297,5
S4_random_uniform,ORACLE,all,all,9922.0,0.07545628389817635,0.08651005787831653,-0.011600363533943892,0.12217045426368714,0.5382134890176917,0.29214354976475404,0.5536988510380971,0.12870389034468857,0.877464220923201,0.4798774361610413,0.7826849425519049,0.37650251388549805,0.5843378351138884,0.24690282940864564,0.39115097762547874,0.15357852578163148,5
S4_random_uniform,ORACLE,history_censor_frac,"(0,0.3]",2471.0,0.08564594695423716,0.09850127600776575,-0.02555268220603466,0.13990654349327086,0.5460651821836083,0.30067533556782366,0.5583164710643465,0.14698502630513963,0.8577903682719548,0.5160874128341675,0.7588021044111695,0.40547955632209776,0.5531363820315661,0.2668207108974457,0.3674625657628491,0.1663634181022644,5
S4_random_uniform,ORACLE,history_censor_frac,"(0.3,1]",4570.0,0.06808388995122841,0.07781017359664578,-0.0006065465975552797,0.10908968299627304,0.5376161754921107,0.2855617859168105,0.5490153172866521,0.12319474835886216,0.888183807439825,0.4594490110874176,0.7988183807439825,0.3606621325016022,0.6030634573304158,0.23562930822372435,0.4099781181619256,0.14610547125339507,5
S4_random_uniform,ORACLE,history_censor_frac,0,2881.0,0.07841122417100724,0.09002556331718027,-0.017072617169469596,0.1277078479528427,0.5324266750638301,0.29456082466527406,0.5571676501214856,0.12176327664005553,0.8773342589378688,0.4812252581119537,0.7775772301284276,0.3767761290073395,0.5813953488372092,0.24770216941833495,0.3816036098576883,0.15446720719337464,5
S4_random_uniform,ORACLE,target_cap_tertile,low,3310.0,0.06978122058687478,0.07985495000644617,-0.01787296626716852,0.11250749975442886,0.5536344164998377,0.28022484022531724,0.5705135951661632,0.1261027190332326,0.8975830815709969,0.4830652356147766,0.8093051359516616,0.3791873097419739,0.6131117824773413,0.24843744933605194,0.4106948640483384,0.15438006222248077,5
S4_random_uniform,ORACLE,target_cap_tertile,mid,6612.0,0.0782972487439731,0.08984163789281911,-0.00846026772633195,0.12700777053833007,0.5304936962218805,0.2976053216242506,0.5452813067150635,0.13000604960677556,0.8673926194797339,0.47828160524368285,0.7693587416817907,0.37515848875045776,0.5699334543254688,0.24613459408283234,0.3813672111312765,0.15317725837230683,5
S4_random_uniform,ORACLE,target_censoring,censored,3551.0,0.07253899109898379,0.08298152927391889,-0.06617746725678444,0.11677470058202744,0.644352183027969,0.2611787471353656,0.6936637566882569,0.20720923683469444,0.8638130104196001,0.4582951307296753,0.7701492537313432,0.35980905294418336,0.5722894959166431,0.2352435827255249,0.3839481836102506,0.14622416496276855,5
S4_random_uniform,ORACLE,target_censoring,uncensored,6371.0,0.07708229343042133,0.08847675150164351,0.018819240666925908,0.12517788112163544,0.47905503627393176,0.29162046276138354,0.4756867053837702,0.08494741798775703,0.8850729869722178,0.4919067621231079,0.7896719510280961,0.38580693006515504,0.5910532098571653,0.25340135097503663,0.39516559409825774,0.15767760574817657,5
S4_random_uniform,ORACLE,target_wind_band,7-11,4703.0,0.07884431534551532,0.09067032411004047,0.024690686911344528,0.1287957713007927,0.4737386162298421,0.2757701957734853,0.47165638953859235,0.059834148415904745,0.9224324899000639,0.5263631701469421,0.8339783117159261,0.4130699634552002,0.6324048479693813,0.2717414259910583,0.4239846906230066,0.16913374662399291,5
S4_random_uniform,ORACLE,target_wind_band,<7,647.0,0.09798214578975159,0.11079612651756779,0.15032904744148254,0.1523008555173874,0.16340466794124925,0.16276521029668584,0.05038639876352395,0.0,0.6615146831530139,0.43197835683822633,0.508500772797527,0.3323369324207306,0.32241112828438945,0.2145007759332657,0.20216383307573418,0.13215456306934356,5
S4_random_uniform,ORACLE,target_wind_band,>11,4572.0,0.06878346138271607,0.07879378086663824,-0.07184645831584931,0.11109143942594528,0.657576269848338,0.2540940122261501,0.7093175853018373,0.21776027996500438,0.8617672790901137,0.438838130235672,0.7687226596675416,0.34513735175132754,0.5719597550306211,0.22593787014484407,0.3841207349081365,0.14060936570167543,5
S5_wind_triggered,B0_climatology,all,all,9922.0,0.24374867448193896,0.2764564561263467,-0.35942700505256653,0.3854532539844513,0.8041840458000492,0.24412704207594577,0.8685748840959484,0.5308405563394477,0.550292279782302,0.6499999761581421,0.4569643217093328,0.529999852180481,0.34267284821608546,0.39000001549720764,0.20338641402942956,0.24000000953674316,1
S5_wind_triggered,B0_climatology,history_censor_frac,"(0,0.3]",2368.0,0.20907874320904296,0.2420306582291304,-0.334739089012146,0.3509199917316437,0.8139612066940503,0.20970905095692494,0.8990709459459459,0.4970439189189189,0.6338682432432432,0.6500000357627869,0.49915540540540543,0.5299999117851257,0.36021959459459457,0.39000004529953003,0.20650337837837837,0.24000002443790436,1
S5_wind_triggered,B0_climatology,history_censor_frac,"(0.3,1]",4205.0,0.37670854434158374,0.4212533003234042,-0.5683915615081787,0.5708540678024292,0.9553668255212792,0.10973594368686984,0.9890606420927467,0.8730083234244946,0.20499405469678952,0.6499999761581421,0.1248513674197384,0.5299999713897705,0.0741973840665874,0.39000004529953003,0.030915576694411414,0.24000000953674316,1
S5_wind_triggered,B0_climatology,history_censor_frac,0,3349.0,0.10131873852924006,0.11899140971606956,-0.1145077496767044,0.17708200216293335,0.607445943165004,0.25076325059885246,0.6957300686772171,0.12511197372349955,0.924753657808301,0.6500000357627869,0.8441325768886234,0.529999852180481,0.6673633920573305,0.39000004529953003,0.41773663780232906,0.24000002443790436,1
S5_wind_triggered,B0_climatology,target_cap_tertile,low,9922.0,0.24374867448193896,0.2764564561263467,-0.35942700505256653,0.3854532539844513,0.8041840458000492,0.24412704207594577,0.8685748840959484,0.5308405563394477,0.550292279782302,0.6499999761581421,0.4569643217093328,0.529999852180481,0.34267284821608546,0.39000001549720764,0.20338641402942956,0.24000000953674316,1
S5_wind_triggered,B0_climatology,target_censoring,censored,3167.0,0.4687985645734741,0.5157790020195355,-0.6764651536941528,0.6764651536941528,0.999453895755712,0.0016803670677346904,1.0,1.0,0.0,0.6500000953674316,0.0,0.529999852180481,0.0,0.39000001549720764,0.0,0.24000000953674316,1
S5_wind_triggered,B0_climatology,target_censoring,uncensored,6755.0,0.1382367570992755,0.1642529768008502,-0.21078750491142273,0.24901585280895233,0.7126341398326793,0.247548326877323,0.8069578090303479,0.31088082901554404,0.8082901554404145,0.6500001549720764,0.6712065136935603,0.529999852180481,0.5033308660251665,0.39000001549720764,0.2987416728349371,0.24000002443790436,1
S5_wind_triggered,B0_climatology,target_wind_band,7-11,4703.0,0.098183512940366,0.11885294174450092,-0.173473060131073,0.1868574172258377,0.7078725350148136,0.1655484824877072,0.8603019349351477,0.14862853497767384,0.9908568998511589,0.6500000357627869,0.8513714650223262,0.5299999117851257,0.6670210503933659,0.3900000751018524,0.41250265787795026,0.24000002443790436,1
S5_wind_triggered,B0_climatology,target_wind_band,<7,647.0,0.08774319836377545,0.10236726527454325,0.15091635286808014,0.15091635286808014,0.18116680147133754,0.09730951030353022,0.0,0.0,0.893353941267388,0.6500000953674316,0.8129829984544049,0.5299999117851257,0.40494590417310666,0.39000004529953003,0.1205564142194745,0.23999999463558197,1
S5_wind_triggered,B0_climatology,target_wind_band,>11,4572.0,0.4155615567606943,0.46321171304212483,-0.6229296326637268,0.6229296326637268,0.9914205270563134,0.016681573616802437,1.0,0.9991251093613298,0.048556430446194225,0.6500000357627869,0.0008748906386701663,0.5299999117851257,0.00021872265966754156,0.39000001549720764,0.0,0.24000000953674316,1
S5_wind_triggered,B0_persistence,all,all,9922.0,0.20018103963518438,0.1801629340814528,-0.11290273815393448,0.2001810371875763,0.6769804474904253,0.46763011152628825,0.6769804474904253,0.6769804474904253,0.0,0.0,0.0,0.0,0.0,0.0,0.0,0.0,1
S5_wind_triggered,B0_persistence,history_censor_frac,"(0,0.3]",2368.0,0.1737226345474089,0.15635037021270975,-0.050204597413539886,0.17372262477874756,0.5899493243243243,0.4918425754787781,0.5899493243243243,0.5899493243243243,0.0,0.0,0.0,0.0,0.0,0.0,0.0,0.0,1
S5_wind_triggered,B0_persistence,history_censor_frac,"(0.3,1]",4205.0,0.2723311959173393,0.2450980737598061,-0.22865372896194458,0.272331178188324,0.8492271105826397,0.3578273679221598,0.8492271105826397,0.8492271105826397,0.0,0.0,0.0,0.0,0.0,0.0,0.0,0.0,1
S5_wind_triggered,B0_persistence,history_censor_frac,0,3349.0,0.12829752099720015,0.11546776803000697,-0.011898347176611423,0.12829752266407013,0.5222454464019111,0.4995048949854043,0.5222454464019111,0.5222454464019111,0.0,0.0,0.0,0.0,0.0,0.0,0.0,0.0,1
S5_wind_triggered,B0_persistence,target_cap_tertile,low,9922.0,0.20018103963518438,0.1801629340814528,-0.11290273815393448,0.2001810371875763,0.6769804474904253,0.46763011152628825,0.6769804474904253,0.6769804474904253,0.0,0.0,0.0,0.0,0.0,0.0,0.0,0.0,1
S5_wind_triggered,B0_persistence,target_censoring,censored,3167.0,0.33600912881614586,0.302408212578594,-0.3358954191207886,0.33600911498069763,0.9968424376381434,0.05610340597314598,0.9968424376381434,0.9968424376381434,0.0,0.0,0.0,0.0,0.0,0.0,0.0,0.0,1
S5_wind_triggered,B0_persistence,target_censoring,uncensored,6755.0,0.13649968383413258,0.12284971468834457,-0.008355334401130676,0.13649968802928925,0.5270170244263509,0.49926954682931146,0.5270170244263509,0.5270170244263509,0.0,0.0,0.0,0.0,0.0,0.0,0.0,0.0,1
S5_wind_triggered,B0_persistence,target_wind_band,7-11,4703.0,0.12415462994384444,0.11173916621909556,0.014589217491447926,0.12415463477373123,0.48075696364022963,0.499629568332036,0.48075696364022963,0.48075696364022963,0.0,0.0,0.0,0.0,0.0,0.0,0.0,0.0,1
S5_wind_triggered,B0_persistence,target_wind_band,<7,647.0,0.15251207714713247,0.13726086869916462,0.1402006596326828,0.1525120735168457,0.160741885625966,0.3672927059327136,0.160741885625966,0.160741885625966,0.0,0.0,0.0,0.0,0.0,0.0,0.0,0.0,1
S5_wind_triggered,B0_persistence,target_wind_band,>11,4572.0,0.28513161345586274,0.25661844951430646,-0.2798652648925781,0.2851316034793854,0.9518810148731408,0.21401763571542473,0.9518810148731408,0.9518810148731408,0.0,0.0,0.0,0.0,0.0,0.0,0.0,0.0,1
S5_wind_triggered,B1,all,all,9922.0,0.10904459978178416,0.12137967035174409,-0.09190896898508072,0.16275237500667572,0.6775553615001346,0.32503327755684,0.6963313848014513,0.3955049385204596,0.6162668816770813,0.4460463523864746,0.5343479137270711,0.35019371509552,0.39602902640596654,0.23309916853904725,0.26160048377343276,0.14495565891265869,5
S5_wind_triggered,B1,history_censor_frac,"(0,0.3]",2368.0,0.10333890136365931,0.11703637186295734,-0.06446712166070938,0.1616295039653778,0.6113456543715727,0.3245012084913893,0.6225506756756757,0.2914695945945946,0.7267736486486486,0.49615117311477663,0.6296452702702703,0.3936697840690613,0.46452702702702703,0.26357938051223756,0.3046452702702703,0.16618496775627137,5
S5_wind_triggered,B1,history_censor_frac,"(0.3,1]",4205.0,0.1380008579638214,0.15053691754061718,-0.15078817903995514,0.19447208046913148,0.8228733950770796,0.28501794351877663,0.8389060642092746,0.6625445897740785,0.3551010701545779,0.4017031967639923,0.2965992865636148,0.3157079637050629,0.2188822829964328,0.21432295739650725,0.141640903686088,0.1329388976097107,5
S5_wind_triggered,B1,history_censor_frac,0,3349.0,0.07672152668493529,0.08784091442228323,-0.03738381341099739,0.12371908575296402,0.5419095732915296,0.2973877455012573,0.569483427888922,0.1337712750074649,0.866049567034936,0.46629558801651,0.7654822335025381,0.36275306940078733,0.5700209017617199,0.23512272536754608,0.3817856076440728,0.1450331389904022,5
S5_wind_triggered,B1,target_cap_tertile,low,9922.0,0.10904459978178416,0.12137967035174409,-0.09190896898508072,0.16275237500667572,0.6775553615001346,0.32503327755684,0.6963313848014513,0.3955049385204596,0.6162668816770813,0.4460463523864746,0.5343479137270711,0.35019371509552,0.39602902640596654,0.23309916853904725,0.26160048377343276,0.14495565891265869,5
S5_wind_triggered,B1,target_censoring,censored,3167.0,0.18526893512760195,0.200408226756602,-0.254548579454422,0.254548579454422,0.9926288755204004,0.022952183201047298,1.0,0.9842753394379539,0.0466056204610041,0.39711586833000184,0.0157246605620461,0.31285696029663085,0.001894537417113988,0.2126555174589157,0.0,0.1318844437599182,5
S5_wind_triggered,B1,target_censoring,uncensored,6755.0,0.07330774263297515,0.08432808809649833,-0.015657358430325986,0.11971482485532761,0.5298369575175764,0.29419954739553505,0.553960029607698,0.11946706143597337,0.8833456698741673,0.4689868152141571,0.7774981495188749,0.36769858598709104,0.5808142116950407,0.24268393516540526,0.3842487046632124,0.15108394324779512,5
S5_wind_triggered,B1,target_wind_band,7-11,4703.0,0.06597350283200921,0.07585062392644773,-0.0007577493553981185,0.1074054554104805,0.500961250292751,0.26520054338648424,0.5076759515203062,0.06319370614501382,0.9445460344460983,0.47840824723243713,0.8607271954071869,0.37533788084983827,0.6681267276206677,0.24689048826694487,0.4551562832234744,0.15350542068481446,5
S5_wind_triggered,B1,target_wind_band,<7,647.0,0.09809837489514114,0.11117443408020569,0.15206320583820343,0.15362078249454497,0.14616113765267089,0.14991544159641723,0.030293663060278208,0.0,0.6358578052550232,0.4210664451122284,0.4788253477588872,0.32296754121780397,0.2856259659969088,0.2073353946208954,0.16661514683153014,0.1274683192372322,5
S5_wind_triggered,B1,target_wind_band,>11,4572.0,0.15489883785187378,0.1696574247712222,-0.22019729316234588,0.22097736597061157,0.9344088540280511,0.12515544229369593,0.9846456692913386,0.7933070866141733,0.2758092738407699,0.4162922024726868,0.20647419072615922,0.3281819760799408,0.13175853018372702,0.2225586086511612,0.07594050743657042,0.13863561451435089,5
S5_wind_triggered,B2_recon,all,all,9922.0,0.10510129044361405,0.11314639694422061,-0.05151691883802414,0.14178359210491182,0.6484284839179594,0.3437412072955554,0.6443458980044345,0.40143116307196125,0.5882886514815562,0.39218161106109617,0.5131828260431364,0.29935256242752073,0.38879258214069745,0.19534790515899658,0.2610763958879258,0.12173574566841125,5
S5_wind_triggered,B2_recon,history_censor_frac,"(0,0.3]",2368.0,0.09934268376563449,0.1117344459767827,-0.03195783160626888,0.15366217494010925,0.5780011653380243,0.32911770122935335,0.5694256756756757,0.28167229729729726,0.720945945945946,0.49681841731071474,0.6333614864864865,0.3973530352115631,0.4879222972972973,0.27605741620063784,0.3389358108108108,0.17842736840248108,5
S5_wind_triggered,B2_recon,history_censor_frac,"(0.3,1]",4205.0,0.13115897432495796,0.13426809327625183,-0.07902742475271225,0.1496674507856369,0.7821363795339851,0.34305683526897884,0.7580023781212841,0.6934126040428061,0.28418549346016647,0.2579733610153198,0.2322473246135553,0.17855599522590637,0.17174791914387633,0.10731699615716934,0.11143876337693222,0.06451177075505257,5
S5_wind_triggered,B2_recon,history_censor_frac,0,3349.0,0.07645507363035772,0.08762438046607841,-0.030804535374045372,0.12348556220531463,0.5303425446321725,0.29284795316680445,0.5546133174081815,0.11949835771872201,0.8763212899372947,0.4867070734500885,0.7809495371752762,0.38173065781593324,0.5912212600776352,0.24881157279014587,0.3939086294416244,0.15350075662136078,5
S5_wind_triggered,B2_recon,target_cap_tertile,low,9922.0,0.10510129044361405,0.11314639694422061,-0.05151691883802414,0.14178359210491182,0.6484284839179594,0.3437412072955554,0.6443458980044345,0.40143116307196125,0.5882886514815562,0.39218161106109617,0.5131828260431364,0.29935256242752073,0.38879258214069745,0.19534790515899658,0.2610763958879258,0.12173574566841125,5
S5_wind_triggered,B2_recon,target_censoring,censored,3167.0,0.1686452957963554,0.17029234241201968,-0.183631631731987,0.18364234864711762,0.9966136515591264,0.01474788362273225,0.9996842437638144,0.997600252604989,0.012567098200189452,0.24300031661987304,0.0023997473950110515,0.16545562744140624,0.0007578149668455952,0.09858035147190095,0.00031575623618566466,0.05942532122135162,5
S5_wind_triggered,B2_recon,target_censoring,uncensored,6755.0,0.07530945255284696,0.08635421200025029,0.010423467960208654,0.12215862721204758,0.4851860818573265,0.29993026206384155,0.4777498149518875,0.12192450037009624,0.8582087342709105,0.4621234595775604,0.7526572908956328,0.3621285021305084,0.570717986676536,0.24071619510650635,0.38333086602516653,0.15094921886920928,5
S5_wind_triggered,B2_recon,target_wind_band,7-11,4703.0,0.07282266812377247,0.08388831728461046,0.01905045732855797,0.11966686546802521,0.47116655986595146,0.27094908880985596,0.4686795662343185,0.05490112694025091,0.9293217095470976,0.48492364287376405,0.8443546672336806,0.3827459216117859,0.6508611524558793,0.2548458337783813,0.43874122900276424,0.15961557030677795,5
S5_wind_triggered,B2_recon,target_wind_band,<7,647.0,0.10072967104061033,0.11427058030639348,0.15665362775325775,0.15804625749588014,0.1455903428234387,0.1485206203568144,0.029057187017001544,0.0,0.6330757341576507,0.430726432800293,0.48098918083462133,0.3315981447696686,0.28624420401854717,0.21385161876678466,0.16506955177743432,0.13187326192855836,5
S5_wind_triggered,B2_recon,target_wind_band,>11,4572.0,0.13892342485392867,0.1430837114682409,-0.15356519520282746,0.16223263144493102,0.9019278509574932,0.21304805882068778,0.9121172353455819,0.8146981627296588,0.2311461067366579,0.2913276433944702,0.17707786526684163,0.20900655686855316,0.1337270341207349,0.1315266817808151,0.09190726159230096,0.08133595585823059,5
S5_wind_triggered,B4,all,all,9922.0,0.14715135679414598,0.1613836984331071,-0.14954814910888672,0.20967674851417542,0.7001620429335624,0.3259016564192436,0.73430759927434,0.4280790163273534,0.5810723644426526,0.3878407537937164,0.49633138480145134,0.29143236875534057,0.3500907075186454,0.18003043234348298,0.22283813747228381,0.10679036229848862,5
S5_wind_triggered,B4,history_censor_frac,"(0,0.3]",2368.0,0.10810106484977704,0.12337712556992846,-0.09158873111009598,0.17621273696422576,0.624310387008177,0.32776929287239065,0.663260135135135,0.3047297297297297,0.7142736486486486,0.4828158974647522,0.6096283783783785,0.3765920639038086,0.43065878378378375,0.24264779686927795,0.2771114864864865,0.14794763028621674,5
S5_wind_triggered,B4,history_censor_frac,"(0.3,1]",4205.0,0.2248516138664399,0.240946796440021,-0.27103024125099184,0.296496307849884,0.8667035802020218,0.2630870765381904,0.903448275862069,0.7277526753864447,0.2805707491082045,0.27194815278053286,0.21973840665873962,0.18702543675899505,0.1306064209274673,0.10090177059173584,0.07105826397146255,0.05372459962964058,5
S5_wind_triggered,B4,history_censor_frac,0,3349.0,0.07720256919643617,0.08835794072063592,-0.037997130304574966,0.12432785034179687,0.5446856490898602,0.29768716971021114,0.5721707972529113,0.13902657509704391,0.8641982681397431,0.46620066165924073,0.763511495968946,0.3623111367225647,0.5687070767393252,0.23510898351669313,0.37503732457449984,0.14431830644607543,5
S5_wind_triggered,B4,target_cap_tertile,low,9922.0,0.14715135679414598,0.1613836984331071,-0.14954814910888672,0.20967674851417542,0.7001620429335624,0.3259016564192436,0.73430759927434,0.4280790163273534,0.5810723644426526,0.3878407537937164,0.49633138480145134,0.29143236875534057,0.3500907075186454,0.18003043234348298,0.22283813747228381,0.10679036229848862,5
S5_wind_triggered,B4,target_censoring,censored,3167.0,0.2925663468191817,0.3112950979875652,-0.37788988947868346,0.37788988947868346,0.9967806039379802,0.010565177924151186,1.0,0.9983580675718345,0.012630249447426587,0.26164129078388215,0.0016419324281654562,0.17697630524635316,0.0,0.09409281760454177,0.0,0.05021091401576996,5
S5_wind_triggered,B4,target_censoring,uncensored,6755.0,0.07897529855442904,0.09109955300172755,-0.0424928791821003,0.13081204891204834,0.5610960203279381,0.30874700565497953,0.609740932642487,0.16071058475203553,0.8475795706883791,0.44700783491134644,0.728260547742413,0.345093709230423,0.5142264988897113,0.22032123804092407,0.32731310140636566,0.13331694900989532,5
S5_wind_triggered,B4,target_wind_band,7-11,4703.0,0.06512416971429776,0.07401644743467202,-0.016686299443244935,0.10207313746213913,0.520789616526011,0.273012422376813,0.5726982776950883,0.07199659791622368,0.9265575164788433,0.4662997961044312,0.8396342759940463,0.36182013154029846,0.6423559430150967,0.23285944163799285,0.4335530512438869,0.14163044691085816,5
S5_wind_triggered,B4,target_wind_band,<7,647.0,0.09748751193089224,0.11028792513956856,0.14961498379707336,0.151374351978302,0.14973915586502476,0.15235184728507475,0.03554868624420402,0.0003091190108191654,0.6383307573415765,0.4161081850528717,0.4843894899536322,0.3193014025688171,0.2945904173106646,0.20507264137268066,0.1687789799072643,0.12569706439971923,5
S5_wind_triggered,B4,target_wind_band,>11,4572.0,0.23855694919638823,0.25848499912570544,-0.32855247855186465,0.32861406207084654,0.962566270695605,0.07461214699166488,0.9994313210848643,0.8548993875765529,0.21758530183727035,0.3031334102153778,0.14488188976377953,0.21508398056030273,0.05730533683289589,0.12214391082525253,0.013735783027121608,0.06827645599842072,5
S5_wind_triggered,B4_plain,all,all,9922.0,0.1438856598899719,0.15875154606182917,-0.14898575842380524,0.20898916721343994,0.6995984285793304,0.3253694314836123,0.7336424108042733,0.42600282201169115,0.5830880870792179,0.39335436224937437,0.4989921386817174,0.29764522314071656,0.3535577504535376,0.18449706733226776,0.22471275952428943,0.10985708087682725,5
S5_wind_triggered,B4_plain,history_censor_frac,"(0,0.3]",2368.0,0.10758215478162055,0.1226827344516854,-0.0912804588675499,0.1751506358385086,0.6251465261128415,0.32666159130151035,0.6625,0.30447635135135137,0.7144425675675675,0.4840954542160034,0.6129222972972973,0.37868242263793944,0.43479729729729727,0.24478376507759095,0.278125,0.1498800575733185,5
S5_wind_triggered,B4_plain,history_censor_frac,"(0.3,1]",4205.0,0.21761803893587253,0.23534636598009734,-0.27061550617218016,0.29583902955055236,0.865509584472042,0.26113182073183816,0.9038287752675387,0.7213317479191439,0.28841854934601663,0.28896932005882264,0.2284423305588585,0.20443328320980073,0.141640903686088,0.11296169906854629,0.07843043995243758,0.061581915616989134,5
S5_wind_triggered,B4_plain,history_censor_frac,0,3349.0,0.07697674564947145,0.08808260850927707,-0.037069687619805336,0.12386705875396728,0.5439238076512307,0.29954135991043074,0.5702597790385189,0.14111675126903553,0.8601970737533591,0.4602591753005981,0.7581367572409674,0.3573824942111969,0.5621976709465513,0.2316894620656967,0.37061809495371756,0.14217199087142945,5
S5_wind_triggered,B4_plain,target_cap_tertile,low,9922.0,0.1438856598899719,0.15875154606182917,-0.14898575842380524,0.20898916721343994,0.6995984285793304,0.3253694314836123,0.7336424108042733,0.42600282201169115,0.5830880870792179,0.39335436224937437,0.4989921386817174,0.29764522314071656,0.3535577504535376,0.18449706733226776,0.22471275952428943,0.10985708087682725,5
S5_wind_triggered,B4_plain,target_censoring,censored,3167.0,0.2843295023405179,0.3050699527074597,-0.3772268176078796,0.3772268176078796,0.9966485093914464,0.010942542104098976,1.0,0.9985475213135458,0.013893274392169244,0.2789220094680786,0.0014524786864540575,0.1947413831949234,0.0,0.10518217980861663,0.0,0.05679885298013687,5
S5_wind_triggered,B4_plain,target_censoring,uncensored,6755.0,0.07804026402899793,0.09015193187282672,-0.04197770729660988,0.13011299967765808,0.5603300931341828,0.3076409434659873,0.6087638786084382,0.1575721687638786,0.8499481865284974,0.4470045745372772,0.7322575869726128,0.3458904564380646,0.519319022945966,0.2216829001903534,0.3300666173205033,0.134732785820961,5
S5_wind_triggered,B4_plain,target_wind_band,7-11,4703.0,0.06460143696907263,0.07349757461914626,-0.016617408394813536,0.10148853361606598,0.521244386227906,0.27226910486840566,0.5715500744205826,0.0724218583882628,0.9278332978949606,0.4638494551181793,0.8412927918349989,0.3603274583816528,0.6449925579417393,0.23222410976886748,0.4349138847544121,0.14156155586242675,5
S5_wind_triggered,B4_plain,target_wind_band,<7,647.0,0.09792891432210181,0.11076718785871878,0.1507587254047394,0.1520517498254776,0.14791667506666858,0.15085798462045255,0.03338485316846986,0.0,0.6349304482225657,0.4155054211616516,0.478516228748068,0.31909428238868714,0.29149922720247295,0.20512518882751465,0.17001545595054096,0.12572179287672042,5
S5_wind_triggered,B4_plain,target_wind_band,>11,4572.0,0.23194509006919356,0.2532387086717046,-0.32756471633911133,0.32762742042541504,0.961133239537651,0.07717926815074358,0.9994750656167979,0.85,0.2211286089238845,0.3177047252655029,0.14978127734033247,0.23013166785240174,0.06255468066491689,0.13248336166143418,0.016229221347331586,0.07499911189079285,5
S5_wind_triggered,B6,all,all,9922.0,0.10538702435964953,0.1172879544498254,-0.08022080808877945,0.1570073515176773,0.6664134553814554,0.33115413299485763,0.6822213263454948,0.387603305785124,0.6143519451723443,0.420727276802063,0.5345293287643621,0.3322858393192291,0.39473896391856483,0.22042149901390076,0.2614190687361419,0.13774662613868713,5
S5_wind_triggered,B6,history_censor_frac,"(0,0.3]",2368.0,0.1013046450376498,0.11467103560946083,-0.05221965610980987,0.1582417368888855,0.5966500583322509,0.32928814363531217,0.6032094594594595,0.2826858108108108,0.730152027027027,0.4902727842330933,0.6287162162162162,0.3871410548686981,0.46021959459459455,0.2574678957462311,0.30506756756756753,0.16107347905635833,5
S5_wind_triggered,B6,history_censor_frac,"(0.3,1]",4205.0,0.1305683288624893,0.1422030189793567,-0.13148069232702256,0.18258012533187867,0.806302800060007,0.30584249318935475,0.8191200951248513,0.6530796670630202,0.34435196195005946,0.338406640291214,0.28979785969084426,0.2709821701049805,0.2095600475624257,0.18318385481834412,0.13717003567181926,0.11584922820329666,5
S5_wind_triggered,B6,history_censor_frac,0,3349.0,0.07665596696939993,0.08785499460130468,-0.035657922923564914,0.12402540743350983,0.5400966533029863,0.29451632881785045,0.5661988653329353,0.12845625559868618,0.8714840250821141,0.4749149024486542,0.7752164825320992,0.37047176957130434,0.5809495371752762,0.24098238348960876,0.38656315318005374,0.14874709248542786,5
S5_wind_triggered,B6,target_cap_tertile,low,9922.0,0.10538702435964953,0.1172879544498254,-0.08022080808877945,0.1570073515176773,0.6664134553814554,0.33115413299485763,0.6822213263454948,0.387603305785124,0.6143519451723443,0.420727276802063,0.5345293287643621,0.3322858393192291,0.39473896391856483,0.22042149901390076,0.2614190687361419,0.13774662613868713,5
S5_wind_triggered,B6,target_censoring,censored,3167.0,0.17338931254941392,0.18733782006270014,-0.2365839511156082,0.2365839511156082,0.9917544773371268,0.025802581857794882,1.0,0.9797284496368803,0.05146826649826334,0.33494346737861636,0.020271550363119673,0.2695579528808594,0.002715503631196716,0.18213706612586975,0.0,0.11557751744985581,5
S5_wind_triggered,B6,target_censoring,uncensored,6755.0,0.07350497451553646,0.0844459227109691,-0.006911837076768279,0.11969882547855377,0.5138812545622679,0.2963940401480166,0.5332346410066617,0.10999259807549963,0.8782531458179127,0.4609459638595581,0.7756328645447816,0.36169503927230834,0.5785344189489268,0.23837068378925325,0.38398223538119913,0.1481403410434723,5
S5_wind_triggered,B6,target_wind_band,7-11,4703.0,0.06870087377882285,0.07890280925963636,0.006555879954248667,0.11179205030202866,0.4846212589818341,0.2715261019607992,0.4886668084201573,0.058813523283010836,0.9299170742079523,0.4773038387298584,0.8467786519243037,0.37490156292915344,0.649542844992558,0.2465694159269333,0.4395492238996385,0.1530269980430603,5
S5_wind_triggered,B6,target_wind_band,<7,647.0,0.09879863051038344,0.1117896030398596,0.15230741798877717,0.1541398972272873,0.15276484281236108,0.1553096397070047,0.03740340030911901,0.0,0.6404945904173107,0.42685008645057676,0.49397217928902626,0.3277279794216156,0.3007727975270479,0.2106800615787506,0.18114374034003092,0.12951468527317048,5
S5_wind_triggered,B6,target_wind_band,>11,4572.0,0.14405667812213926,0.15755102776384702,-0.20238977670669556,0.20392397940158843,0.9261027274723613,0.14095544115889563,0.9725721784776903,0.7806649168853893,0.2860454943132108,0.361663156747818,0.21907261592300964,0.289094066619873,0.14593175853018373,0.19490290582180023,0.08954505686789152,0.12319335192441941,5
S5_wind_triggered,BQR,all,all,9922.0,0.13296372435376502,0.14179294608262788,-0.13567501604557036,0.19838241040706633,0.696137701388424,0.3256764253349059,0.7220923200967547,0.4196734529328764,0.6143519451723443,0.43811691999435426,0.50880870792179,0.32883054614067075,0.36202378552711145,0.2153221845626831,0.2270106833299738,0.12935138046741484,5
S5_wind_triggered,BQR,history_censor_frac,"(0,0.3]",2368.0,0.10740051415239185,0.1179495578073972,-0.08357274532318115,0.17100516557693482,0.6229292828033691,0.3286126712174683,0.6472972972972972,0.2987331081081081,0.7495777027027027,0.4904594004154205,0.6103885135135135,0.3719098806381226,0.42483108108108103,0.24365938305854798,0.2704391891891892,0.14837299287319183,5
S5_wind_triggered,BQR,history_censor_frac,"(0.3,1]",4205.0,0.19264656122175888,0.2015311284675007,-0.2466207414865494,0.27480424046516416,0.8622585916547664,0.2562549072334105,0.8915101070154577,0.7091557669441142,0.3459215219976219,0.3982256352901459,0.2544114149821641,0.286812835931778,0.16409036860879905,0.18840619325637817,0.09488703923900119,0.1122615784406662,5
S5_wind_triggered,BQR,history_censor_frac,0,3349.0,0.07610118411098729,0.08364486800181456,-0.03321201540529728,0.12178507000207901,0.5393204997280601,0.30375341231796216,0.562257390265751,0.14171394446103314,0.855777844132577,0.45119417905807496,0.7564048969841745,0.35112754106521604,0.5661391460137355,0.22908127605915068,0.3621976709465512,0.1373595803976059,5
S5_wind_triggered,BQR,target_cap_tertile,low,9922.0,0.13296372435376502,0.14179294608262788,-0.13567501604557036,0.19838241040706633,0.696137701388424,0.3256764253349059,0.7220923200967547,0.4196734529328764,0.6143519451723443,0.43811691999435426,0.50880870792179,0.32883054614067075,0.36202378552711145,0.2153221845626831,0.2270106833299738,0.12935138046741484,5
S5_wind_triggered,BQR,target_censoring,censored,3167.0,0.2542939379557209,0.2641392280540285,-0.35482519268989565,0.35482519268989565,0.9951572893919117,0.01858994223453337,1.0,0.9915377328702242,0.0634670034733186,0.3924785375595093,0.008462267129775814,0.2825401246547699,0.0,0.18563796877861022,0.0,0.11094706654548644,5
S5_wind_triggered,BQR,target_censoring,uncensored,6755.0,0.0760795220625149,0.08443237243297197,-0.03292911872267723,0.1250361070036888,0.5559459863318668,0.306480427261265,0.5917986676535899,0.1515618060695781,0.8726276831976314,0.45951391458511354,0.7433900814211695,0.3505332589149475,0.5317542561065878,0.22923926413059234,0.33344189489267206,0.13798002004623414,5
S5_wind_triggered,BQR,target_wind_band,7-11,4703.0,0.06349531332715672,0.06960236565744797,-0.010097504779696464,0.10080142617225647,0.5163294703740172,0.2705243215697091,0.5454816074845843,0.07310227514352541,0.9297469700191368,0.4684326946735382,0.8454603444609823,0.3596289098262787,0.6611099298320221,0.23516298830509186,0.43976185413565805,0.14136695563793183,5
S5_wind_triggered,BQR,target_wind_band,<7,647.0,0.09781909769133217,0.10605070711098255,0.14996106624603273,0.15179015696048737,0.1486664169189864,0.16369364841592743,0.04791344667697063,0.0,0.642967542503864,0.3985563278198242,0.49582689335394126,0.3095857799053192,0.3112828438948995,0.20136917531490325,0.16970633693972179,0.11997644752264022,5
S5_wind_triggered,BQR,target_wind_band,>11,4572.0,0.2093960319890959,0.22110999077953863,-0.30527204275131226,0.305352783203125,0.9585725289283371,0.07972873162680509,0.9991688538932634,0.8355643044619423,0.2858705161854768,0.4125308632850647,0.16434820647419074,0.2998731255531311,0.0615485564304462,0.19688740372657776,0.01627296587926509,0.11831820756196976,5
S5_wind_triggered,BT,all,all,9922.0,0.09121145936612599,0.10487138349867461,-0.07084023505449295,0.14815058410167695,0.6448714108195025,0.3083019466610811,0.6737754484982866,0.31824228986091513,0.7650876839346906,0.46464442610740664,0.618020560370893,0.3622555911540985,0.4323120338641403,0.237932687997818,0.2816166095545253,0.14828865528106688,5
S5_wind_triggered,BT,history_censor_frac,"(0,0.3]",2368.0,0.10019096836551547,0.11498640971348136,-0.06146289855241775,0.16220609843730927,0.5970669685148027,0.3137429423967538,0.6111486486486486,0.25135135135135134,0.7970439189189189,0.5295177459716797,0.6746621621621621,0.412576025724411,0.47297297297297297,0.2709662079811096,0.310472972972973,0.16887499690055846,5
S5_wind_triggered,BT,history_censor_frac,"(0.3,1]",4205.0,0.09801509109825143,0.11345501863780434,-0.11188687235116959,0.16162692308425902,0.7578762737292575,0.28109635638862296,0.81474435196195,0.4959334126040428,0.6542211652794292,0.41439999341964723,0.44936979785969083,0.3233022570610046,0.278525564803805,0.21241094470024108,0.17008323424494648,0.13236004561185838,5
S5_wind_triggered,BT,history_censor_frac,0,3349.0,0.0763196263580215,0.0869416827412238,-0.025932632945477964,0.1212913677096367,0.5367840626086962,0.2886467325535268,0.5410570319498358,0.14243057629143027,0.8816960286652732,0.48186086416244506,0.7897282770976412,0.37558495402336123,0.5966557181248133,0.24662048518657684,0.401254105703195,0.15373245179653167,5
S5_wind_triggered,BT,target_cap_tertile,low,9922.0,0.09121145936612599,0.10487138349867461,-0.07084023505449295,0.14815058410167695,0.6448714108195025,0.3083019466610811,0.6737754484982866,0.31824228986091513,0.7650876839346906,0.46464442610740664,0.618020560370893,0.3622555911540985,0.4323120338641403,0.237932687997818,0.2816166095545253,0.14828865528106688,5
S5_wind_triggered,BT,target_censoring,censored,3167.0,0.12871863625421393,0.1489325969407526,-0.21140807569026948,0.211590239405632,0.9288631547181797,0.07020340338586468,0.9964003789074833,0.791474581622987,0.47136090937796016,0.4115800380706787,0.20839911588253868,0.32126364707946775,0.05917271866119356,0.21108936965465547,0.019955794126934007,0.1315390020608902,5
S5_wind_triggered,BT,target_censoring,uncensored,6755.0,0.07362667339949763,0.08421381681161898,-0.004936707392334938,0.11840766370296478,0.5117253186023135,0.28553530204732674,0.5225166543301258,0.09637305699481866,0.9027979274611398,0.48952299952507017,0.8100666173205033,0.3814741551876068,0.6072538860103627,0.25051783621311186,0.40429311621021463,0.1561415284872055,5
S5_wind_triggered,BT,target_wind_band,7-11,4703.0,0.0677410994127453,0.0767807334965767,0.009493578504770995,0.10589015632867813,0.48614796936722315,0.266552595251628,0.4778226663831597,0.07059323835849458,0.9210291303423347,0.4987552523612976,0.847586646821178,0.3886625587940216,0.673357431426749,0.25524005889892576,0.466978524346162,0.1590729296207428,5
S5_wind_triggered,BT,target_wind_band,<7,647.0,0.09791029442959628,0.1137179101836654,0.16365207731723785,0.16467761397361755,0.17356876522838158,0.13798471836358742,0.031530139103554865,0.0003091190108191654,0.8080370942812983,0.43709737062454224,0.6253477588871716,0.3407047867774963,0.33446676970633693,0.22368160784244537,0.17001545595054096,0.13940340280532837,5
S5_wind_triggered,BT,target_wind_band,>11,4572.0,0.11440633175778916,0.13251500208893657,-0.18665967285633087,0.18928307592868804,0.8748384180040005,0.14167152143743622,0.9662292213473316,0.6179790026246719,0.5986001749781277,0.43345449566841127,0.3808398950131234,0.3381417155265808,0.19820647419072615,0.22214611172676085,0.10673665791776028,0.13845275342464447,5
S5_wind_triggered,ORACLE,all,all,9922.0,0.0750955318267923,0.08616430860180511,-0.010468535358086228,0.1219041720032692,0.5347506392992513,0.2933238104998835,0.5482362426930054,0.1281394880064503,0.8734126184237049,0.4766736447811127,0.78191896795001,0.37335113286972044,0.5818988107236445,0.24367969036102294,0.3916750655109857,0.15121105909347535,5
S5_wind_triggered,ORACLE,history_censor_frac,"(0,0.3]",2368.0,0.0925612213176587,0.10705530453582293,-0.03115968927741051,0.1536966532468796,0.5464496920634241,0.29961026462343604,0.566722972972973,0.1508445945945946,0.8654560810810811,0.5695557355880737,0.7616554054054054,0.45401266813278196,0.556081081081081,0.3049873232841492,0.3737331081081081,0.19243243932724,5
S5_wind_triggered,ORACLE,history_censor_frac,"(0.3,1]",4205.0,0.06395392800370114,0.07294737119112478,0.02151622474193573,0.10211147964000702,0.5252624142714786,0.2895237157286976,0.5227110582639715,0.1184780023781213,0.8738168846611177,0.4140922546386719,0.7968608799048751,0.32432628273963926,0.5960998810939359,0.2090268611907959,0.4053745541022592,0.128867070376873,5
S5_wind_triggered,ORACLE,history_censor_frac,0,3349.0,0.07673533217367992,0.08798794056363154,-0.03599832393229008,0.12427612692117691,0.5383919140965708,0.29305786710224047,0.5672140937593312,0.12421618393550313,0.8785309047476858,0.48957598209381104,0.77748581666169,0.37787280082702634,0.5823230815168707,0.24384054839611052,0.3871603463720513,0.15011944472789765,5
S5_wind_triggered,ORACLE,target_cap_tertile,low,9922.0,0.0750955318267923,0.08616430860180511,-0.010468535358086228,0.1219041720032692,0.5347506392992513,0.2933238104998835,0.5482362426930054,0.1281394880064503,0.8734126184237049,0.4766736447811127,0.78191896795001,0.37335113286972044,0.5818988107236445,0.24367969036102294,0.3916750655109857,0.15121105909347535,5
S5_wind_triggered,ORACLE,target_censoring,censored,3167.0,0.06174932731877757,0.07005685670844444,-0.07997832298278809,0.09673962146043777,0.6958157823573534,0.23769249335914192,0.7521945058414904,0.25708872750236816,0.8258920113672245,0.40299966335296633,0.7405115251026209,0.31298199892044065,0.5444900536785602,0.19829363822937013,0.37732870224186926,0.12129271030426025,5
S5_wind_triggered,ORACLE,target_censoring,uncensored,6755.0,0.08135273829265205,0.0937160924872638,0.022120288386940957,0.13370226323604584,0.45923719621042675,0.28635047177430123,0.4526128793486306,0.06768319763138417,0.8956920799407847,0.5112147927284241,0.8013323464100667,0.4016544699668884,0.5994374537379719,0.2649583876132965,0.39840118430792004,0.1652379035949707,5
S5_wind_triggered,ORACLE,target_wind_band,7-11,4703.0,0.07842267310869028,0.0902411346060156,0.02387801483273506,0.12839516401290893,0.47469708558439166,0.2767080311997794,0.4777801403359557,0.060004252604720386,0.9207314480119073,0.5204141855239868,0.8317244312141187,0.40746588110923765,0.6315968530725069,0.2674684226512909,0.4238571124813949,0.16632235050201416,5
S5_wind_triggered,ORACLE,target_wind_band,<7,647.0,0.09916208179399855,0.11220881980428463,0.1530740201473236,0.15473942160606385,0.15223438818160245,0.15379333939815265,0.03493044822256569,0.0,0.6448222565687789,0.4327727913856506,0.4945904173106646,0.33128284215927123,0.2986089644513138,0.21280371844768525,0.17774343122102007,0.13070170283317567,5
S5_wind_triggered,ORACLE,target_wind_band,>11,4572.0,0.06826731588682103,0.07828501913421848,-0.06894269734621047,0.11058055609464645,0.6506561243373316,0.25824503663395104,0.6933508311461067,0.2163604549431321,0.8570866141732283,0.43789236545562743,0.7713473315835521,0.344212144613266,0.5708661417322834,0.2235787332057953,0.3888451443569554,0.1385691225528717,5
