scenario,model,dimension,stratum,n_windows,wis_mean,crps_mean,median_bias,nmae,pit_mean,pit_std,underestimation_q50,underestimation_q90,coverage_90,width_90,coverage_80,width_80,coverage_60,width_60,coverage_40,width_40,n_runs
S1_fixed_50pct,B0_climatology,all,all,9922.0,0.2655395651786222,0.2883814568158303,-0.35942700505256653,0.3854532539844513,0.8151660872110882,0.24504543258290096,0.8685748840959484,0.6609554525297319,0.5171336424108043,0.6100000143051147,0.32684942551904855,0.40000006556510925,0.30024188671638785,0.34999993443489075,0.20338641402942956,0.24000000953674316,1
S1_fixed_50pct,B0_climatology,history_censor_frac,"(0,0.3]",2282.0,0.16056027438240184,0.1779867844302321,-0.1949705332517624,0.24483126401901245,0.6816409262753396,0.2724455999385846,0.7340052585451359,0.3970201577563541,0.7673093777388256,0.6100000739097595,0.5867659947414549,0.40000003576278687,0.5363716038562665,0.34999996423721313,0.37248028045574055,0.24000002443790436,1
S1_fixed_50pct,B0_climatology,history_censor_frac,"(0.3,1]",5278.0,0.3302246879782018,0.35605322318975235,-0.46516796946525574,0.47136953473091125,0.9039784166263324,0.15940317675778606,0.9634331186055324,0.8152709359605911,0.3704054566123532,0.6100000739097595,0.18321333838575218,0.40000003576278687,0.17677150435771125,0.34999996423721313,0.10401667298219022,0.23999999463558197,1
S1_fixed_50pct,B0_climatology,history_censor_frac,0,2362.0,0.22242130246092262,0.24382136344681013,-0.2820303440093994,0.3293285071849823,0.7457134803532216,0.2899553670258382,0.7866215071972904,0.5711261642675699,0.6033022861981372,0.6100000739097595,0.3966977138018628,0.4000000059604645,0.34801016088060965,0.3499999940395355,0.26206604572396275,0.23999999463558197,1
S1_fixed_50pct,B0_climatology,target_cap_tertile,low,6179.0,0.2704323415538508,0.29303110316381625,-0.3702513575553894,0.39015844464302063,0.8259708965084321,0.22902821452626218,0.885903867939796,0.664508820197443,0.5097912283541026,0.6100000739097595,0.3299886713060366,0.40000006556510925,0.30894966823110537,0.34999993443489075,0.2110373846900793,0.23999999463558197,1
S1_fixed_50pct,B0_climatology,target_cap_tertile,mid,3743.0,0.2574624972591625,0.28070575155689215,-0.341558039188385,0.37768593430519104,0.7973293475241289,0.26846152845729093,0.8399679401549559,0.6550895004007481,0.5292546086027251,0.6100001335144043,0.3216671119422923,0.40000009536743164,0.2858669516430671,0.34999990463256836,0.1907560780122896,0.23999999463558197,1
S1_fixed_50pct,B0_climatology,target_censoring,censored,4134.0,0.3734877602502264,0.4027458160544699,-0.5333976745605469,0.5333976745605469,0.9671889496628765,0.032398435733595216,1.0,0.9932268988872762,0.27019835510401546,0.6100000739097595,0.006773101112723754,0.40000006556510925,0.006773101112723754,0.34999993443489075,0.0,0.24000000953674316,1
S1_fixed_50pct,B0_climatology,target_censoring,uncensored,5788.0,0.18843904022595948,0.20669827418063058,-0.2351709008216858,0.27978605031967163,0.7065858326541267,0.2718255794503885,0.7747062888735314,0.42363510711817554,0.693503800967519,0.6100001335144043,0.5554595715272979,0.40000003576278687,0.5098479612992398,0.34999996423721313,0.34865238424326195,0.24000002443790436,1
S1_fixed_50pct,B0_climatology,target_wind_band,7-11,4703.0,0.10470439259746266,0.12317427341144987,-0.173473060131073,0.1868574172258377,0.7380823715345104,0.19028348298107328,0.8603019349351477,0.4222836487348501,0.9581118435041462,0.6100001335144043,0.5777163512651499,0.40000003576278687,0.5777163512651499,0.34999996423721313,0.41250265787795026,0.24000002443790436,1
S1_fixed_50pct,B0_climatology,target_wind_band,<7,647.0,0.08263208627286245,0.09875000744337273,0.15091635286808014,0.15091635286808014,0.18116680147133754,0.09730951030353022,0.0,0.0,0.893353941267388,0.6100000739097595,0.8129829984544049,0.40000006556510925,0.40494590417310666,0.34999996423721313,0.1205564142194745,0.23999999463558197,1
S1_fixed_50pct,B0_climatology,target_wind_band,>11,4572.0,0.45686698326725295,0.48515768850760216,-0.6229296326637268,0.6229296326637268,0.9841779535060495,0.0129622724995494,1.0,1.0,0.010279965004374452,0.6100000739097595,0.0,0.40000006556510925,0.0,0.34999993443489075,0.0,0.24000000953674316,1
S1_fixed_50pct,B0_persistence,all,all,9922.0,0.2135139640140584,0.19216256601601908,-0.13326309621334076,0.21351397037506104,0.6715379963716993,0.4696538254936106,0.6715379963716993,0.6715379963716993,0.0,0.0,0.0,0.0,0.0,0.0,0.0,0.0,1
S1_fixed_50pct,B0_persistence,history_censor_frac,"(0,0.3]",2282.0,0.15602503786488753,0.14042253315572825,-0.05774455517530441,0.15602503716945648,0.5858895705521472,0.49256774322966757,0.5858895705521472,0.5858895705521472,0.0,0.0,0.0,0.0,0.0,0.0,0.0,0.0,1
S1_fixed_50pct,B0_persistence,history_censor_frac,"(0.3,1]",5278.0,0.2777466351584916,0.24997196936342536,-0.2276715189218521,0.27774661779403687,0.7857142857142857,0.410325903324145,0.7857142857142857,0.7857142857142857,0.0,0.0,0.0,0.0,0.0,0.0,0.0,0.0,1
S1_fixed_50pct,B0_persistence,history_censor_frac,0,2362.0,0.12552484088623858,0.11297235607511025,0.004736226052045822,0.1255248486995697,0.49915325994919557,0.4999992830307723,0.49915325994919557,0.49915325994919557,0.0,0.0,0.0,0.0,0.0,0.0,0.0,0.0,1
S1_fixed_50pct,B0_persistence,target_cap_tertile,low,6179.0,0.255247018433086,0.22972231456368727,-0.20708346366882324,0.2552470266819,0.7789286292280304,0.4149684563879186,0.7789286292280304,0.7789286292280304,0.0,0.0,0.0,0.0,0.0,0.0,0.0,0.0,1
S1_fixed_50pct,B0_persistence,target_cap_tertile,mid,3743.0,0.14462041785985813,0.13015837518619225,-0.011399327777326107,0.14462041854858398,0.4942559444296019,0.49996700473691674,0.4942559444296019,0.4942559444296019,0.0,0.0,0.0,0.0,0.0,0.0,0.0,0.0,1
S1_fixed_50pct,B0_persistence,target_censoring,censored,4134.0,0.3298068885120595,0.29682619691716916,-0.32573965191841125,0.3298068642616272,0.9762941461054668,0.15213114863716828,0.9762941461054668,0.9762941461054668,0.0,0.0,0.0,0.0,0.0,0.0,0.0,0.0,1
S1_fixed_50pct,B0_persistence,target_censoring,uncensored,5788.0,0.1304533299652096,0.11740799619132072,0.004210649058222771,0.13045331835746765,0.45387007601935037,0.4978674824825774,0.45387007601935037,0.45387007601935037,0.0,0.0,0.0,0.0,0.0,0.0,0.0,0.0,1
S1_fixed_50pct,B0_persistence,target_wind_band,7-11,4703.0,0.12238356149742546,0.1101452046551021,-0.012667638249695301,0.12238355726003647,0.5632574952158197,0.49598234776957595,0.5632574952158197,0.5632574952158197,0.0,0.0,0.0,0.0,0.0,0.0,0.0,0.0,1
S1_fixed_50pct,B0_persistence,target_wind_band,<7,647.0,0.14631546127798475,0.13168391433401952,0.13400404155254364,0.14631547033786774,0.160741885625966,0.3672927059327136,0.160741885625966,0.160741885625966,0.0,0.0,0.0,0.0,0.0,0.0,0.0,0.0,1
S1_fixed_50pct,B0_persistence,target_wind_band,>11,4572.0,0.3167649951395974,0.2850884929886014,-0.29513585567474365,0.3167649805545807,0.8552055993000874,0.3518934245277477,0.8552055993000874,0.8552055993000874,0.0,0.0,0.0,0.0,0.0,0.0,0.0,0.0,1
S1_fixed_50pct,B1,all,all,9922.0,0.08930274082338927,0.1022840047566718,-0.0678438626229763,0.14410475492477418,0.6191249317481944,0.2905742651471638,0.6637573069945575,0.22453134448699857,0.8330981656924008,0.4864273309707642,0.7123563797621447,0.3830318510532379,0.5266075388026608,0.25424753725528715,0.34279379157427936,0.15887906551361083,5
S1_fixed_50pct,B1,history_censor_frac,"(0,0.3]",2282.0,0.08644001029283266,0.0977954024514413,-0.06384344175457954,0.13506710529327393,0.6044911076992945,0.3063995909331467,0.6284837861524978,0.23567046450482035,0.8091148115687993,0.42801839113235474,0.6845749342681857,0.33102365732192995,0.49447852760736194,0.21555302441120147,0.33023663453111307,0.13317353129386902,5
S1_fixed_50pct,B1,history_censor_frac,"(0.3,1]",5278.0,0.09571081359643813,0.10994645786396087,-0.09342714995145798,0.1554253578186035,0.6619359064028315,0.2720155612315307,0.725350511557408,0.2618037135278515,0.8231527093596058,0.5208067417144775,0.699090564607806,0.41132702827453616,0.5177718832891246,0.2739598274230957,0.3350132625994695,0.17151156365871428,5
S1_fixed_50pct,B1,history_censor_frac,0,2362.0,0.0777493720573344,0.08949846833002677,-0.014541738713160158,0.12753988206386566,0.5375999792725022,0.29541550410334183,0.560203217612193,0.1304826418289585,0.8784928027095681,0.4660355567932129,0.768839966130398,0.3700516402721405,0.5773920406435225,0.24758339822292327,0.37231160033869604,0.15548604130744934,5
S1_fixed_50pct,B1,target_cap_tertile,low,6179.0,0.09588246035357498,0.10984852421733522,-0.09958781749010086,0.15496333837509155,0.6676029832234389,0.2790742908117588,0.7292765819711928,0.2775853698009386,0.8077035118951287,0.4848985195159912,0.6775530021039003,0.3808409035205841,0.4873604143065221,0.25240589380264283,0.31144198090305875,0.15769121646881104,5
S1_fixed_50pct,B1,target_cap_tertile,mid,3743.0,0.07844084208520667,0.08979638366464962,-0.015440467745065689,0.12617923617362975,0.5390966442607418,0.29145295901590174,0.5555971146139461,0.13694897141330484,0.8750200374031525,0.4889511168003082,0.7698103125834892,0.3866486668586731,0.5913972749131713,0.2572877287864685,0.394549826342506,0.1608399748802185,5
S1_fixed_50pct,B1,target_censoring,censored,4134.0,0.11468871505336271,0.13151489916005574,-0.15679918229579926,0.18595825135707855,0.7593444521909211,0.2241616477947983,0.8508950169327528,0.3783744557329463,0.7583938074504112,0.5246299028396606,0.6124334784712143,0.41569231152534486,0.43139816158684086,0.2780029118061066,0.26507014997581035,0.1746405392885208,5
S1_fixed_50pct,B1,target_censoring,uncensored,5788.0,0.071171155220986,0.08140623739945187,-0.004308741469867527,0.11421146094799042,0.5189750531182303,0.29090145190770206,0.5300967519004838,0.114651002073255,0.8864547339322737,0.4591416597366333,0.7837249481686247,0.35970455408096313,0.5946095369730477,0.23728058040142058,0.3983068417415342,0.14762163758277894,5
S1_fixed_50pct,B1,target_wind_band,7-11,4703.0,0.07652797304567518,0.08754081742356605,-0.02510391119867563,0.12305941879749298,0.5744022060717894,0.28438589489348487,0.6098235169041037,0.15734637465447587,0.8893472251754199,0.4807718276977539,0.7811184350414628,0.3723261713981628,0.579630023389326,0.24265404641628266,0.3875398681692537,0.15023474395275116,5
S1_fixed_50pct,B1,target_wind_band,<7,647.0,0.0875744704018927,0.09934320039485266,0.13526877164840698,0.13744062185287476,0.16627607184624785,0.1658684699049338,0.054095826893353946,0.0,0.6649149922720248,0.3766460418701172,0.5088098918083462,0.2916043221950531,0.3329211746522411,0.18963524103164672,0.20370942812983,0.11699536591768264,5
S1_fixed_50pct,B1,target_wind_band,>11,4572.0,0.10268811348771509,0.11786578744470624,-0.1405516266822815,0.16669615507125854,0.7292133375252488,0.22956677467078057,0.805511811023622,0.3254155730533683,0.7990376202974628,0.5077803909778595,0.6704286964129483,0.4069824993610382,0.49947506561679794,0.27531672120094297,0.3164479440069991,0.17369816601276397,5
S1_fixed_50pct,B2_recon,all,all,9922.0,0.07547449006422971,0.08651550181064342,-0.009325620881281794,0.12213634997606278,0.5303587528746939,0.2986459859031946,0.5380770006047169,0.1532957065107841,0.8526909897198145,0.46907376050949096,0.7508163676678089,0.3667931854724884,0.5723241281999597,0.2411215364933014,0.3862729288449909,0.14994962513446808,5
S1_fixed_50pct,B2_recon,history_censor_frac,"(0,0.3]",2282.0,0.07751894830013924,0.08882769575206004,-0.029667279124259947,0.1254449412226677,0.540430212794156,0.2966830384203014,0.5580192813321647,0.13821209465381243,0.8659947414548641,0.4866117358207703,0.7655565293602103,0.3760438084602356,0.5723049956178791,0.2425328552722931,0.38106923751095534,0.14946976602077483,5
S1_fixed_50pct,B2_recon,history_censor_frac,"(0.3,1]",5278.0,0.07475911547507852,0.08562466435122988,-0.004712104564532638,0.1206272855401039,0.5338352824063397,0.30163857901961355,0.5343690791966653,0.17654414550966274,0.8326638878363017,0.4580792009830475,0.7338006820765441,0.35929746031761167,0.5638878363016294,0.23704091012477874,0.38400909435392194,0.14727661907672882,5
S1_fixed_50pct,B2_recon,history_censor_frac,0,2362.0,0.07509781495296569,0.0862722391249838,1.7956364899873734e-05,0.12231187373399735,0.5128599406798423,0.2929325004576265,0.5270956816257409,0.11591871295512277,0.8845893310753599,0.4766977071762085,0.7745977984758678,0.3746054172515869,0.5911939034716343,0.2488763689994812,0.3963590177815411,0.15638611912727357,5
S1_fixed_50pct,B2_recon,target_cap_tertile,low,6179.0,0.0764416140983257,0.08749583167460043,-0.021101009100675583,0.12326974272727967,0.5511290834688971,0.2999055723970495,0.5663375950801101,0.1733937530344716,0.8409451367535199,0.4646353662014008,0.7402492312671953,0.3624670565128326,0.5592814371257485,0.23739406764507293,0.375335814856773,0.1473720669746399,5
S1_fixed_50pct,B2_recon,target_cap_tertile,mid,3743.0,0.07387794734270173,0.08489715870901629,0.010113365110009908,0.12026532292366028,0.496070782599091,0.2933212441467915,0.49142399145070803,0.12011755276516163,0.8720812182741117,0.47640074491500856,0.7682607534063586,0.373934805393219,0.5938551963665508,0.24727491438388824,0.40432807908095114,0.154204660654068,5
S1_fixed_50pct,B2_recon,target_censoring,censored,4134.0,0.07692521499256082,0.08826788392382974,-0.06084272488951683,0.12500744611024855,0.624699507455823,0.2837633606687954,0.6610062893081761,0.24450895016932753,0.8151910982099662,0.45118723511695863,0.7132559264634736,0.35352346301078796,0.5454281567489114,0.23320027589797973,0.3647798742138365,0.1452157735824585,5
S1_fixed_50pct,B2_recon,target_censoring,uncensored,5788.0,0.07443832958501048,0.08526388680443883,0.02746976613998413,0.12008570283651351,0.46297715656536625,0.29061543248522026,0.4502764340013822,0.08814789219073946,0.879474775397374,0.48184900283813475,0.777643400138217,0.3762709081172943,0.5915342087076711,0.2467791885137558,0.40162404975812027,0.15333069264888763,5
S1_fixed_50pct,B2_recon,target_wind_band,7-11,4703.0,0.07955589738094043,0.09133993700821721,0.025920116156339646,0.12937650382518767,0.4717312541159194,0.27614700221689736,0.46876461832872635,0.05724005953646608,0.9213268126727622,0.5249185681343078,0.8330427386774399,0.4120140314102173,0.6325749521581969,0.27111884355545046,0.42632362321922174,0.16882287859916686,5
S1_fixed_50pct,B2_recon,target_wind_band,<7,647.0,0.09765406161160936,0.11045428020336445,0.14967990517616273,0.15186625421047212,0.16442019374769742,0.16608017426402752,0.05996908809891808,0.0,0.6621329211746523,0.43032764792442324,0.5013910355486862,0.32993199229240416,0.32302936630602785,0.21289026439189912,0.198145285935085,0.1308717131614685,5
S1_fixed_50pct,B2_recon,target_wind_band,>11,4572.0,0.06813742939020408,0.07816517189938357,-0.06808267831802368,0.11048155128955842,0.6424513544533648,0.2758562770174677,0.6770341207349081,0.27379702537182854,0.8090551181102361,0.4171119689941406,0.7015310586176728,0.3254929959774017,0.5456255468066492,0.21425983905792237,0.3716972878390201,0.1332353472709656,5
S1_fixed_50pct,B4,all,all,9922.0,0.1715716246930628,0.1791583471709947,-0.14900774657726287,0.21338453590869905,0.6933408952329818,0.32280123267340066,0.7126184237048981,0.45803265470671234,0.5960693408586979,0.37038599252700805,0.47115500907075186,0.24967446327209472,0.34789356984478936,0.1570304363965988,0.23481152993348114,0.09777867645025254,5
S1_fixed_50pct,B4,history_censor_frac,"(0,0.3]",2282.0,0.10547337398052585,0.1150471874175717,-0.0665138989686966,0.14883073270320893,0.5987855207163946,0.32622598226009203,0.6095530236634532,0.29132340052585454,0.7166520595968449,0.39019193053245543,0.6104294478527608,0.2986914873123169,0.46231375985977213,0.19741455018520354,0.3196319018404908,0.12427256852388383,5
S1_fixed_50pct,B4,history_censor_frac,"(0.3,1]",5278.0,0.24183021338470206,0.24651810240655064,-0.2392244130373001,0.27858527898788454,0.7993912701611748,0.29709887293828935,0.8155361879499811,0.6804092459264873,0.41242895035998484,0.3031761944293976,0.269571807502842,0.1612754851579666,0.1874573702159909,0.0906487300992012,0.1286472148541114,0.05538385882973671,5
S1_fixed_50pct,B4,history_censor_frac,0,2362.0,0.07843503579024184,0.09057954887465558,-0.02711413474753499,0.13005778193473816,0.5477191703285995,0.2872412197051701,0.5822184589331075,0.12218458933107534,0.8899237933954277,0.5014343619346618,0.7870448772226927,0.39984927177429197,0.5958509737510584,0.26634716987609863,0.3900931414055885,0.16691532731056213,5
S1_fixed_50pct,B4,target_cap_tertile,low,6179.0,0.21540427407721424,0.22113699719956595,-0.2090592563152313,0.25394420623779296,0.7653263187313613,0.3156723644787879,0.779252306198414,0.6195500890111669,0.4544424664185144,0.2948833167552948,0.3191131251011491,0.16785078644752502,0.22236607865350383,0.09749150425195693,0.1449425473377569,0.059990613162517546,5
S1_fixed_50pct,B4,target_cap_tertile,mid,3743.0,0.09921203598222339,0.10985936813638567,-0.049873809516429904,0.1464280217885971,0.5745062888219513,0.2981981128207339,0.6026182206786,0.19139727491317124,0.8298690889660699,0.4950269877910614,0.7221480096179536,0.38475019335746763,0.5551162169382848,0.2553181886672974,0.3831685813518568,0.16015976667404175,5
S1_fixed_50pct,B4,target_censoring,censored,4134.0,0.29330196629344146,0.29769557079441655,-0.3308698058128357,0.3331860065460205,0.9491634651829031,0.0979506413821462,0.9848572810836963,0.9058538945331398,0.24504112239961295,0.26486549377441404,0.09395258829221094,0.11987324804067612,0.04837929366231253,0.058804547786712645,0.02810836961780358,0.03507498800754547,5
S1_fixed_50pct,B4,target_censoring,uncensored,5788.0,0.08462738969375984,0.09449475310409314,-0.01911523612216115,0.12781796157360076,0.5106231163502978,0.3026367128217536,0.5181755355908777,0.13818244644091224,0.8467864547339323,0.4457525908946991,0.7405666897028335,0.3423832058906555,0.5618175535590877,0.22718693017959596,0.38244644091223223,0.1425639271736145,5
S1_fixed_50pct,B4,target_wind_band,7-11,4703.0,0.07449723799937122,0.08286351045606802,-0.02472117617726326,0.11027090698480606,0.5835929173325842,0.3105526236357702,0.5962151817988518,0.26089729959600255,0.8181160961088667,0.4108836829662323,0.6616202423984691,0.29727365970611574,0.4944928768870934,0.19184988737106323,0.33837975760153094,0.11946459710597992,5
S1_fixed_50pct,B4,target_wind_band,<7,647.0,0.09623755865818151,0.10912918721457612,0.14895038008689881,0.1509174734354019,0.15838577719046126,0.16289023220727342,0.05038639876352395,0.0003091190108191654,0.6510046367851623,0.37605254650115966,0.48315301391035553,0.2933106482028961,0.31715610510046366,0.1939319908618927,0.1891808346213292,0.12048841118812562,5
S1_fixed_50pct,B4,target_wind_band,>11,4572.0,0.2820882435349262,0.2881223636981388,-0.3190205693244934,0.32829257249832156,0.8819368491785375,0.18574263299686095,0.9260717410323709,0.7255905511811024,0.3598862642169729,0.3279260635375977,0.2735345581802274,0.19453630447387696,0.20144356955380577,0.1159912496805191,0.13473315835520558,0.07225765585899353,5
S1_fixed_50pct,B4_plain,all,all,9922.0,0.16734615754608395,0.177015460968588,-0.1484181433916092,0.2134350597858429,0.6929267991914128,0.32228027289189487,0.71159040516025,0.4539608949808507,0.6243499294497077,0.38188390135765077,0.4748236242693006,0.25673613250255584,0.339225962507559,0.15568515360355378,0.23009473896391858,0.09716952294111252,5
S1_fixed_50pct,B4_plain,history_censor_frac,"(0,0.3]",2282.0,0.1003596137435111,0.11105270035713855,-0.06392494961619377,0.14613346457481385,0.5950696383849279,0.3217018531995442,0.607361963190184,0.2821209465381244,0.7716914986853637,0.4140482068061829,0.6205083260297984,0.3024811506271362,0.46564417177914114,0.19705959856510163,0.3184049079754601,0.1259027138352394,5
S1_fixed_50pct,B4_plain,history_censor_frac,"(0.3,1]",5278.0,0.23545404869757403,0.2433615123726985,-0.23843206763267516,0.278530490398407,0.7977415387167742,0.2973901747486917,0.8136794240242515,0.6715043577112543,0.4458128078817734,0.3160636603832245,0.27718832891246686,0.17361272871494293,0.1786282682834407,0.08886131048202514,0.1266388783630163,0.05396513938903809,5
S1_fixed_50pct,B4_plain,history_censor_frac,0,2362.0,0.07987361032335177,0.09249071939552807,-0.028909223899245263,0.13299838602542877,0.5532561157644619,0.29208880792133973,0.5841659610499577,0.13386960203217613,0.880948348856901,0.49788737297058105,0.7756985605419137,0.3982836604118347,0.575952582557155,0.2650330185890198,0.3759525825571549,0.16595174074172975,5
S1_fixed_50pct,B4_plain,target_cap_tertile,low,6179.0,0.20804175590646334,0.21673843439645135,-0.20901295840740203,0.25290046334266664,0.7642713700938116,0.31040119838729274,0.782068295840751,0.6005826185466904,0.5065868263473055,0.3219045102596283,0.34170577763392135,0.1861272007226944,0.22557048066030103,0.10053503960371017,0.1488266709823596,0.06112639531493187,5
S1_fixed_50pct,B4_plain,target_cap_tertile,mid,3743.0,0.10016525926428214,0.11144018637313843,-0.04838730320334435,0.1482849895954132,0.5751501217653049,0.30652912507635116,0.5952444563184611,0.21191557574138392,0.818755009350788,0.48089873790740967,0.6945765428800428,0.3732984185218811,0.5268501202244189,0.2467277616262436,0.36425327277584824,0.15667004585266114,5
S1_fixed_50pct,B4_plain,target_censoring,censored,4134.0,0.2821581277100799,0.2910722260772653,-0.32911752462387084,0.3315806448459625,0.9430299233492075,0.09894152120453628,0.983454281567489,0.8751330430575713,0.3203676826318336,0.2931654453277588,0.12477019835510401,0.14589453339576722,0.05307208514755685,0.06407740861177444,0.030382196419932273,0.036877115815877916,5
S1_fixed_50pct,B4_plain,target_censoring,uncensored,5788.0,0.08534327491685809,0.09555197324238343,-0.019356078840792178,0.12905118465423585,0.5142940564014468,0.30729301455509783,0.5174153420870767,0.15314443676572218,0.8414651002073255,0.44524980783462526,0.7248445058742226,0.3359032332897186,0.5436074637180373,0.22111471891403198,0.37273669661368347,0.14023254811763763,5
S1_fixed_50pct,B4_plain,target_wind_band,7-11,4703.0,0.0739821292901937,0.08300217182449272,-0.025768591836094857,0.11127435266971589,0.5891296152412385,0.311552185161656,0.6002976823304274,0.27004039974484373,0.8453752923665745,0.41465660333633425,0.6535828194769296,0.288329142332077,0.46965766532000847,0.18279311060905457,0.32256006804167553,0.11499383747577667,5
S1_fixed_50pct,B4_plain,target_wind_band,<7,647.0,0.09739534514833822,0.11051525598375592,0.1517046272754669,0.1533740758895874,0.14794617847176078,0.15438784400721023,0.03771251931993817,0.0,0.626275115919629,0.3716754376888275,0.4673879443585781,0.2815610408782959,0.2927357032457496,0.18651622533798218,0.16816074188562596,0.11684698909521103,5
S1_fixed_50pct,B4_plain,target_wind_band,>11,4572.0,0.27328430288921457,0.283133162514928,-0.31705337166786196,0.327022397518158,0.8768201976435748,0.1871457883688259,0.921434820647419,0.7073928258967629,0.3967191601049869,0.3496167898178101,0.291994750656168,0.2207248479127884,0.21163604549431322,0.1234374463558197,0.1437445319335083,0.07604986876249313,5
S1_fixed_50pct,B6,all,all,9922.0,0.07556610555990455,0.08672318412406092,-0.007114776014350355,0.12253779470920563,0.5347146668831336,0.28716979445324814,0.5521870590606732,0.12660753880266076,0.8869784317677887,0.49850391745567324,0.7860713565813344,0.39465872645378114,0.6038701874622052,0.26246462762355804,0.4046764765168313,0.16399879455566407,5
S1_fixed_50pct,B6,history_censor_frac,"(0,0.3]",2282.0,0.07745058988482184,0.08876889984422914,-0.02640260010957718,0.12520805150270461,0.5365460475041436,0.29249790092642314,0.5577563540753725,0.12050832602979841,0.8825591586327782,0.5044785082340241,0.7839614373356705,0.39040929079055786,0.5835232252410167,0.2519588142633438,0.39123575810692374,0.15527431964874266,5
S1_fixed_50pct,B6,history_censor_frac,"(0.3,1]",5278.0,0.07477838593736635,0.08576985722844348,-0.0023820556001737715,0.12093200832605362,0.5432196074904334,0.2832881274112649,0.5588101553618795,0.14009094353921941,0.8842743463433118,0.5003698110580445,0.784653277756726,0.4002216815948486,0.61443728685108,0.26922582983970644,0.4133383857521789,0.16875938475131988,5
S1_fixed_50pct,B6,history_censor_frac,0,2362.0,0.07550564448382299,0.0868770097301765,0.000944290217012167,0.12354620099067688,0.5139406249261171,0.2889806375136299,0.5320067739204065,0.10237087214225234,0.8972904318374259,0.48856222033500674,0.7912785774767146,0.38633362054824827,0.5999153259949196,0.2575063407421112,0.39830651989839116,0.16179001033306123,5
S1_fixed_50pct,B6,target_cap_tertile,low,6179.0,0.07609364579273906,0.08721149689045096,-0.018057151511311532,0.12298212498426438,0.5552691557519612,0.28589785881781843,0.5810325295355236,0.14345363327399255,0.8840912769056481,0.49943485856056213,0.7810001618384852,0.3949697196483612,0.5978313642984302,0.2622725337743759,0.39634245023466586,0.1636274576187134,5
S1_fixed_50pct,B6,target_cap_tertile,mid,3743.0,0.07469523430725043,0.08591707015571359,0.010949059017002582,0.12180429548025132,0.5007830113339791,0.28600773131082813,0.5045685279187817,0.0987977558108469,0.8917445899011488,0.49696714282035825,0.794442960192359,0.3941453158855438,0.6138391664440288,0.26278172731399535,0.41843441090034733,0.16461182236671448,5
S1_fixed_50pct,B6,target_censoring,censored,4134.0,0.07544131554840254,0.0866303441623382,-0.05859744101762772,0.12258085161447525,0.6331138714756065,0.2558124904286153,0.6867440735365264,0.1985002418964683,0.882486695694243,0.496559739112854,0.7783744557329463,0.3972830295562744,0.6088534107402033,0.26740735173225405,0.4040154813739719,0.1676807075738907,5
S1_fixed_50pct,B6,target_censoring,uncensored,5788.0,0.07565523512236988,0.08678949379955535,0.02965601272881031,0.12250704169273377,0.46443437804669907,0.28742782727330457,0.45608154803040774,0.07525915687629578,0.8901865929509329,0.499892520904541,0.7915687629578438,0.3927843809127808,0.6003109882515549,0.25893433690071105,0.4051485832757429,0.1613690435886383,5
S1_fixed_50pct,B6,target_wind_band,7-11,4703.0,0.07986722742414287,0.09207095561313243,0.03133070506155491,0.13138094693422317,0.4653463987096128,0.2739688931947003,0.4590686795662343,0.05549649160110568,0.9248990006378908,0.5402696132659912,0.836912608972996,0.4252804696559906,0.6357218796512865,0.2807301640510559,0.4283223474378056,0.17532553970813752,5
S1_fixed_50pct,B6,target_wind_band,<7,647.0,0.09920874656893462,0.11201248040112995,0.15163353383541106,0.15357775688171388,0.15989566149625556,0.1623967239282867,0.05131375579598145,0.0,0.6528593508500773,0.43455331921577456,0.48840803709428127,0.33202162981033323,0.3125193199381762,0.2135765105485916,0.1928902627511592,0.13131993710994722,5
S1_fixed_50pct,B6,target_wind_band,>11,4572.0,0.0677959907610517,0.07764340634532799,-0.06912686005234718,0.10904868841171264,0.6591124931529014,0.23940741939369534,0.718853893263342,0.21767279090113734,0.8811023622047245,0.46459141969680784,0.7758967629046369,0.37202362418174745,0.6123359580052494,0.25059403777122496,0.4103237095363079,0.1569720059633255,5
S1_fixed_50pct,BQR,all,all,9922.0,0.15448474742513846,0.16255254576007017,-0.15927274227142335,0.21448768377304078,0.7105104643138076,0.31689512679187726,0.7423503325942351,0.4338036686151986,0.6360612779681516,0.43849358558654783,0.5010481757710139,0.2952422797679901,0.3470268091110663,0.18041896522045137,0.22148760330578515,0.1088399350643158,5
S1_fixed_50pct,BQR,history_censor_frac,"(0,0.3]",2282.0,0.10217504080051946,0.10948144930891127,-0.07712126523256302,0.1508892834186554,0.6147845078247685,0.3265838211710565,0.6384750219106048,0.28063102541630147,0.7558282208588958,0.41571966409683225,0.6245398773006136,0.30373221039772036,0.44934268185801934,0.1964803010225296,0.28536371603856264,0.11922230273485183,5
S1_fixed_50pct,BQR,history_censor_frac,"(0.3,1]",5278.0,0.21123487783621328,0.21953523707082873,-0.24782503843307496,0.2809024751186371,0.8141205812340739,0.28498641439599187,0.838688897309587,0.6363774156877605,0.4681318681318681,0.4247280180454254,0.3217127699886321,0.2555470585823059,0.20807123910572187,0.14378005266189575,0.1321333838575218,0.08412667661905289,5
S1_fixed_50pct,BQR,history_censor_frac,0,2362.0,0.07821191178065402,0.08649564371238226,-0.0407674990594387,0.12752508372068405,0.5714725454326988,0.2916419859554505,0.6274343776460627,0.12912785774767147,0.895596951735817,0.4912558734416962,0.7824724809483489,0.37574071884155275,0.5586790855207451,0.24677301347255706,0.3594411515664691,0.15403213798999787,5
S1_fixed_50pct,BQR,target_cap_tertile,low,6179.0,0.19001486941103116,0.19786073083998154,-0.21534891426563263,0.25474833846092226,0.7783380248185668,0.307346144000296,0.7965690241139343,0.5843016669363974,0.5080757404110697,0.4002842724323273,0.36361870852888817,0.2473576307296753,0.24133354911798027,0.14266532361507417,0.14769380158601714,0.08307064920663834,5
S1_fixed_50pct,BQR,target_cap_tertile,mid,3743.0,0.09583109427236504,0.1042652693484292,-0.06670136526226997,0.14802480936050416,0.5985397198951841,0.3000772489051167,0.6528453112476623,0.18535933742986907,0.8473417045150949,0.501570063829422,0.7279187817258883,0.3742909669876099,0.5215068127170719,0.24274323880672455,0.34330750734704785,0.15138024985790252,5
S1_fixed_50pct,BQR,target_censoring,censored,4134.0,0.25654758845131986,0.2656701478620529,-0.3353677749633789,0.3368901193141937,0.951065231318049,0.1045559978879084,0.988388969521045,0.8487179487179487,0.31199806482825354,0.4078467786312103,0.15128205128205127,0.23218208849430083,0.06613449443638122,0.1243030309677124,0.03439767779390421,0.07141305059194565,5
S1_fixed_50pct,BQR,target_censoring,uncensored,5788.0,0.08158775627064056,0.08890220590354006,-0.03349926695227623,0.12706342041492463,0.5386975052959199,0.3056922653784732,0.5666205943331029,0.13745680718728404,0.8675190048375951,0.46038263440132143,0.7508638562543193,0.34028215408325196,0.5476503109882516,0.2204990118741989,0.35511402902557015,0.13557156920433044,5
S1_fixed_50pct,BQR,target_wind_band,7-11,4703.0,0.06800150757177463,0.07510315429749748,-0.03512739427387714,0.10871846079826356,0.5917425187154284,0.2971385841427484,0.620412502657878,0.20348713587072081,0.9037635551775463,0.4332874894142151,0.7294918137359133,0.3072036266326904,0.5151605358281948,0.19430625736713408,0.33225600680416756,0.11713466048240662,5
S1_fixed_50pct,BQR,target_wind_band,<7,647.0,0.09216188518258482,0.10016597283167486,0.14198310375213624,0.14379856884479522,0.15164281439217303,0.16507556837285065,0.05007727975270478,0.0,0.6596599690880989,0.36442846059799194,0.49026275115919626,0.27907736897468566,0.31746522411128286,0.18510228097438813,0.18083462132921174,0.11026404947042465,5
S1_fixed_50pct,BQR,target_wind_band,>11,4572.0,0.25226549302909784,0.26133614172095193,-0.32960696816444396,0.33329095840454104,0.9117687796349963,0.15449426842943234,0.9657480314960629,0.7321084864391951,0.3573490813648294,0.4543300449848175,0.26758530183727036,0.28522573709487914,0.17825896762904636,0.16547102034091948,0.11329833770778652,0.10010600984096527,5
S1_fixed_50pct,BT,all,all,9922.0,0.07874053543361459,0.09042415127315769,-0.02237863577902317,0.1280476450920105,0.5429992325527532,0.27337655192921545,0.5772223342068131,0.10316468453940737,0.9108445877847208,0.5069751918315888,0.8223140495867769,0.40582017302513124,0.6322112477323121,0.2730544149875641,0.4237653698851038,0.17193147540092468,5
S1_fixed_50pct,BT,history_censor_frac,"(0,0.3]",2282.0,0.07944046909889038,0.09086825340016044,-0.02281890083104372,0.1277877688407898,0.5351810294680291,0.2871942756751348,0.5410166520595968,0.13444347063978965,0.8916739702015775,0.4942541539669037,0.7921998247151621,0.38890182971954346,0.596669588080631,0.25770376324653627,0.40394390885188436,0.16132427453994752,5
S1_fixed_50pct,BT,history_censor_frac,"(0.3,1]",5278.0,0.07971994062559555,0.09182638114452799,-0.029755306243896485,0.1308412104845047,0.5580406153305785,0.26206081523810876,0.6101932550208412,0.09177718832891246,0.9211822660098521,0.5243701696395874,0.8399393709738538,0.4240086913108826,0.6550587343690791,0.28787910342216494,0.43508904888215233,0.18179462254047393,5
S1_fixed_50pct,BT,history_censor_frac,0,2362.0,0.07587578131531024,0.0868617421643885,-0.005469767935574054,0.12205635607242585,0.5169419595375027,0.28082510622235085,0.5385266723116003,0.09839119390347163,0.9062658763759526,0.4803954243659973,0.8120237087214225,0.3815224230289459,0.6154953429297205,0.2547586590051651,0.4176121930567316,0.16013971269130706,5
S1_fixed_50pct,BT,target_cap_tertile,low,6179.0,0.08038036753388092,0.09229397371097911,-0.035279033705592155,0.1309220626950264,0.5652616711317392,0.2715852416498699,0.6087392782003561,0.11675028321734908,0.9065220909532286,0.5118902564048767,0.8210390030749313,0.41023431420326234,0.625020229810649,0.2763113617897034,0.41229972487457517,0.1739521026611328,5
S1_fixed_50pct,BT,target_cap_tertile,mid,3743.0,0.0760334762437814,0.08733742061772123,-0.0010824700817465781,0.12330251336097717,0.5062480682515097,0.2722588320305141,0.5251936948971413,0.08073737643601389,0.9179802297622228,0.4988613069057465,0.8244189153085759,0.3985332429409027,0.6440822869356132,0.2676777780056,0.4426930269837029,0.16859577596187592,5
S1_fixed_50pct,BT,target_censoring,censored,4134.0,0.08287513499708246,0.09509738186936063,-0.08745762966573238,0.13465797305107116,0.6491026908660343,0.2292213969964541,0.741944847605225,0.1521528785679729,0.9066279632317368,0.5221571862697602,0.8270440251572329,0.4234382927417755,0.6406869859700048,0.2882829964160919,0.42428640541848084,0.18226029276847838,5
S1_fixed_50pct,BT,target_censoring,uncensored,5788.0,0.07578745412826281,0.08708636010441148,0.024103143904358148,0.12332630753517151,0.467216285651042,0.2765752253411903,0.45957152729785766,0.06817553559087768,0.9138562543192812,0.4961316347122192,0.8189357290946786,0.39323667287826536,0.6261575673807878,0.2621775984764099,0.42339322736696616,0.16455425918102265,5
S1_fixed_50pct,BT,target_wind_band,7-11,4703.0,0.07724895949471308,0.0880883880803487,0.03183974139392376,0.12304381281137466,0.4639235653906105,0.2741529420943599,0.4356368275568786,0.07539868169253668,0.9087816287476078,0.5342160105705261,0.8244099510950458,0.4194310069084167,0.6375930257282585,0.2765923738479614,0.43436104614076126,0.17256900370121003,5
S1_fixed_50pct,BT,target_wind_band,<7,647.0,0.09674527795619722,0.11245063099372074,0.16073398888111115,0.1625171035528183,0.1810373721771275,0.15032849354951766,0.04945904173106646,0.0003091190108191654,0.8188562596599691,0.4230262875556946,0.6182380216383307,0.3298238039016724,0.34775888717156106,0.21649458408355712,0.18330757341576506,0.13502009510993956,5
S1_fixed_50pct,BT,target_wind_band,>11,4572.0,0.07772693377756534,0.08970979473697577,-0.10406343713402748,0.12831695079803468,0.6755631403232228,0.19480234398877008,0.7975503062117235,0.1462817147856518,0.9259842519685039,0.49083371758461,0.8490376202974629,0.4025739073753357,0.6669291338582678,0.27741904854774474,0.4468941382327209,0.17649912238121032,5
S1_fixed_50pct,CLQR,all,all,9922.0,0.0851546148682639,0.0942635603109705,-0.05880299061536789,0.1384338527917862,0.5937513167076661,0.2910601430556554,0.6521669018343076,0.163616206409998,0.8812739367063092,0.49357959628105164,0.7585365853658537,0.38038679361343386,0.5497480346704293,0.243893501162529,0.35216690183430754,0.14866344928741454,5
S1_fixed_50pct,CLQR,history_censor_frac,"(0,0.3]",2282.0,0.08199701048384807,0.08991819496388244,-0.04559882432222366,0.13028507232666015,0.5648014779977722,0.3072420213999608,0.5905346187554776,0.16809815950920245,0.8461875547765118,0.4524010241031647,0.733216476774759,0.3492871463298798,0.5412795793163891,0.22555989325046538,0.3432077125328659,0.13707106411457062,5
S1_fixed_50pct,CLQR,history_censor_frac,"(0.3,1]",5278.0,0.0906529241853809,0.10085246315114157,-0.0828864574432373,0.149060720205307,0.6347994341901069,0.2791758870840021,0.7162182644941265,0.19268662372110648,0.8848048503220918,0.5134928226470947,0.7471011746873816,0.3921965956687927,0.5241379310344827,0.24811565577983857,0.3359984842743463,0.1506565511226654,5
S1_fixed_50pct,CLQR,history_censor_frac,0,2362.0,0.07591904189175816,0.08373853682732615,-0.017744303960353137,0.12256041467189789,0.5299966883688243,0.28558797526195046,0.5685859441151566,0.0943268416596105,0.9072819644369179,0.488866513967514,0.8085520745131245,0.38404354453086853,0.6151566469093989,0.25217156708240507,0.39695173581710413,0.1554095357656479,5
S1_fixed_50pct,CLQR,target_cap_tertile,low,6179.0,0.08992701471273926,0.0997404817373108,-0.08240862935781479,0.14708359241485597,0.6327348082575694,0.2890265061879041,0.702281922641204,0.20670011328693963,0.8657064249878621,0.4870588779449463,0.728208447968927,0.37140180468559264,0.5032529535523548,0.2344050109386444,0.3148082213950477,0.14205195009708405,5
S1_fixed_50pct,CLQR,target_cap_tertile,mid,3743.0,0.07727626631389224,0.08522217706401441,-0.019834455475211142,0.12415473610162735,0.5293967897809086,0.28276760534019996,0.569436281057975,0.09249265295217739,0.9069730162970879,0.504344129562378,0.8086027250868287,0.39521937966346743,0.6265028052364414,0.259557244181633,0.4138391664440288,0.159577813744545,5
S1_fixed_50pct,CLQR,target_censoring,censored,4134.0,0.10175251953112774,0.11323334132232236,-0.14530266672372819,0.16769272983074188,0.743436762286614,0.21871667207344636,0.8605708756652153,0.2892597968069666,0.8551523947750364,0.5139525473117829,0.6997097242380261,0.39204912781715395,0.46424770198355103,0.24593823552131652,0.2863570391872279,0.1501274049282074,5
S1_fixed_50pct,CLQR,target_censoring,uncensored,5788.0,0.07329978800643269,0.08071465314080316,0.0029782220255583523,0.11753610223531723,0.48684053024889434,0.28893003470523454,0.503317208016586,0.07387698686938493,0.8999308914996546,0.4790285170078278,0.8005528680027643,0.3720571219921112,0.6108154803040774,0.24243308007717132,0.3991706979958535,0.147617843747139,5
S1_fixed_50pct,CLQR,target_wind_band,7-11,4703.0,0.07021419238176355,0.07742699402351153,0.00033171167597174646,0.11304465979337693,0.5096971190846488,0.2870703038704058,0.5211141824367426,0.09185626196045078,0.9147352753561556,0.4857718050479889,0.8145013820965341,0.36914318799972534,0.6042951307675952,0.23545922935009003,0.3914522645120136,0.14261305928230286,5
S1_fixed_50pct,CLQR,target_wind_band,<7,647.0,0.09482081784036189,0.1028645742636957,0.14528220593929292,0.1475681722164154,0.1558153504509499,0.17108864528446133,0.05255023183925811,0.0,0.6528593508500773,0.3842118322849274,0.4945904173106646,0.2969388127326965,0.32519319938176194,0.19367782771587372,0.18547140649149924,0.115239480137825,5
S1_fixed_50pct,CLQR,target_wind_band,>11,4572.0,0.09915522152422711,0.11036537903855284,-0.1485128879547119,0.16325788497924804,0.7421877693737085,0.19478272144571485,0.8718285214348207,0.260586176727909,0.87917760279965,0.5170881807804107,0.7383202099737532,0.40376157164573667,0.5254155730533683,0.2596756428480148,0.3353455818022747,0.1596171498298645,5
S1_fixed_50pct,ORACLE,all,all,9922.0,0.07501144043858506,0.08603193888091254,-0.009013788122683764,0.12145613431930542,0.5325368919626088,0.29188726448112173,0.545252973190889,0.1253577907679903,0.8785325539205806,0.4794638156890869,0.784297520661157,0.3761477530002594,0.5871195323523483,0.24664784967899323,0.39572666801048173,0.15350253880023956,5
S1_fixed_50pct,ORACLE,history_censor_frac,"(0,0.3]",2282.0,0.0774298167318566,0.08875623896244554,-0.028741775080561638,0.12528978288173676,0.5381220387992813,0.2943149373818289,0.5575810692375109,0.1238387379491674,0.8750219106047327,0.48979493975639343,0.7815074496056091,0.37934795022010803,0.574934268185802,0.24506660103797911,0.38580192813321645,0.15125854611396788,5
S1_fixed_50pct,ORACLE,history_censor_frac,"(0.3,1]",5278.0,0.0738665115275089,0.0846833514283197,-0.002765913284383714,0.11934849023818969,0.5366712191353293,0.29018652055296607,0.5436150056839713,0.13399014778325122,0.8760894278135657,0.47834481596946715,0.78556271314892,0.3771288335323334,0.5900719969685487,0.24793708324432373,0.40189465706707084,0.1544137954711914,5
S1_fixed_50pct,ORACLE,history_censor_frac,0,2362.0,0.07523337104460295,0.0864133917973929,-0.0039151517557911575,0.12246198058128357,0.5179025634702688,0.292703135442091,0.5370025402201524,0.10753598645215919,0.8873835732430144,0.47198304533958435,0.7841659610499576,0.370863676071167,0.59229466553768,0.24529465138912201,0.39153259949195596,0.15363421142101288,5
S1_fixed_50pct,ORACLE,target_cap_tertile,low,6179.0,0.07575009754417442,0.08678528631756721,-0.019570341147482396,0.12232414782047271,0.5530106637596092,0.29100760123691416,0.5729406052759346,0.14206182230134326,0.8760317203430976,0.48105064034461975,0.7791552031072989,0.37682796120643614,0.5793170415924906,0.24648323953151702,0.38870367373361386,0.15321573317050935,5
S1_fixed_50pct,ORACLE,target_cap_tertile,mid,3743.0,0.07379205431637381,0.08478830174196268,0.008413124363869429,0.12002321481704711,0.49873848535462956,0.2901614924198035,0.49954581886187555,0.09778252738445097,0.8826609671386588,0.4768442392349243,0.7927865348650814,0.3750248312950134,0.6,0.24691957235336304,0.4073203312850655,0.1539759635925293,5
S1_fixed_50pct,ORACLE,target_censoring,censored,4134.0,0.07554740418666946,0.08667789066042328,-0.05996270105242729,0.12253349423408508,0.6294057776699835,0.26771778897654663,0.674939525882922,0.19637155297532655,0.867198838896952,0.47340056896209715,0.7725689404934688,0.3729840278625488,0.5755200774068698,0.24499853551387787,0.38785679729075956,0.152716988325119,5
S1_fixed_50pct,ORACLE,target_censoring,uncensored,5788.0,0.07462863564684681,0.08557057663894682,0.027375778183341026,0.12068665325641632,0.46334961250264195,0.2886772901679534,0.4526261230131306,0.0746371803731859,0.8866275051831375,0.4837944030761719,0.7926744989633725,0.3784073948860168,0.5954042847270214,0.24782582819461824,0.40134761575673805,0.1540635883808136,5
S1_fixed_50pct,ORACLE,target_wind_band,7-11,4703.0,0.07883870056611526,0.09061587423891299,0.0277236457914114,0.12847690135240555,0.46812420642604186,0.274326971505642,0.46395917499468425,0.05698490325324261,0.9241335317882203,0.5285294651985168,0.8351265149904317,0.41470168232917787,0.6390389113331916,0.2731422305107117,0.4289177120986604,0.1701752096414566,5
S1_fixed_50pct,ORACLE,target_wind_band,<7,647.0,0.09815315788977388,0.11102829652556653,0.1505114257335663,0.15268247127532958,0.16523776078350888,0.165709865953712,0.05471406491499227,0.0,0.6633693972179289,0.43261821269989015,0.5051004636785162,0.33238948583602906,0.32828438948995364,0.21455332040786743,0.19969088098918084,0.13234621286392212,5
S1_fixed_50pct,ORACLE,target_wind_band,>11,4572.0,0.06779965225601861,0.0777793379656091,-0.0693788319826126,0.10981525927782058,0.650772980753368,0.257156138861638,0.6982939632545933,0.21342957130358706,0.8620734908136483,0.4356216073036194,0.7715223097112861,0.3426815330982208,0.5703412073490813,0.22393613159656525,0.389326334208224,0.13934602439403534,5
S2_fixed_70pct,B0_climatology,all,all,9922.0,0.24201163108487075,0.27187566103192096,-0.35942700505256653,0.3854532539844513,0.7971764354770227,0.2401669044246248,0.8685748840959484,0.47591211449304577,0.5171336424108043,0.6100000143051147,0.5118927635557348,0.5900000333786011,0.34267284821608546,0.39000001549720764,0.20338641402942956,0.24000000953674316,1
S2_fixed_70pct,B0_climatology,history_censor_frac,"(0,0.3]",2274.0,0.1842311010331492,0.21087682300624247,-0.2824755907058716,0.30803802609443665,0.7549121701203036,0.22685669398748592,0.8566402814423922,0.3153034300791557,0.6807387862796834,0.6100000739097595,0.6767810026385225,0.5899999737739563,0.46130167106420406,0.39000004529953003,0.2612137203166227,0.24000000953674316,1
S2_fixed_70pct,B0_climatology,history_censor_frac,"(0.3,1]",3854.0,0.3512305627907102,0.3891707262345706,-0.5382095575332642,0.5414343476295471,0.9295640815583561,0.12783009209469026,0.9776855215360665,0.7742605085625325,0.22573949143746758,0.6100000143051147,0.2254800207576544,0.5900000333786011,0.11702127659574468,0.39000001549720764,0.05500778412039439,0.24000002443790436,1
S2_fixed_70pct,B0_climatology,history_censor_frac,0,3794.0,0.16569723006834716,0.18928635591314957,-0.22393934428691864,0.27340561151504517,0.6880269761791102,0.26946501769397285,0.764891934633632,0.2691091196626252,0.7150764364786505,0.6100000739097595,0.7040063257775435,0.5900000333786011,0.5007907221929362,0.38999998569488525,0.31945176594623087,0.24000000953674316,1
S2_fixed_70pct,B0_climatology,target_cap_tertile,low,6179.0,0.24660962379336607,0.27631586133816366,-0.3702513575553894,0.39015844464302063,0.8087039145898436,0.22495980089082224,0.885903867939796,0.48826670982359605,0.5097912283541026,0.6100000739097595,0.5062307816798834,0.5900000333786011,0.3502184819550089,0.39000001549720764,0.2110373846900793,0.23999999463558197,1
S2_fixed_70pct,B0_climatology,target_cap_tertile,mid,3743.0,0.23442119642128736,0.26454571240988684,-0.341558039188385,0.37768593430519104,0.7781467017238513,0.2622503373669196,0.8399679401549559,0.4555169650013358,0.5292546086027251,0.6100001335144043,0.5212396473417045,0.5900000333786011,0.33021640395404755,0.38999998569488525,0.1907560780122896,0.23999999463558197,1
S2_fixed_70pct,B0_climatology,target_censoring,censored,2998.0,0.4111497360390373,0.4525942737154085,-0.6223719716072083,0.6223719716072083,0.9840972848264831,0.013026551774123919,1.0,1.0,0.0,0.6100001335144043,0.0,0.5900000333786011,0.0,0.39000004529953003,0.0,0.24000002443790436,1
S2_fixed_70pct,B0_climatology,target_censoring,uncensored,6924.0,0.16877707899755254,0.19362690296937107,-0.24557535350322723,0.28287065029144287,0.7162421913479524,0.24678483251324534,0.8116695551704217,0.24898902368573078,0.7410456383593299,0.6100000739097595,0.7335355285961872,0.5900000333786011,0.49104563835932985,0.39000001549720764,0.29145002888503757,0.24000002443790436,1
S2_fixed_70pct,B0_climatology,target_wind_band,7-11,4703.0,0.09804853112814073,0.11883517582612393,-0.173473060131073,0.1868574172258377,0.7008236020457597,0.157798896642592,0.8603019349351477,0.04188815649585371,0.9581118435041462,0.6100001335144043,0.9581118435041462,0.5900000333786011,0.6670210503933659,0.3900000751018524,0.41250265787795026,0.24000002443790436,1
S2_fixed_70pct,B0_climatology,target_wind_band,<7,647.0,0.08863208555779097,0.1033444081074065,0.15091635286808014,0.15091635286808014,0.18116680147133754,0.09730951030353022,0.0,0.0,0.893353941267388,0.6100000739097595,0.8129829984544049,0.5899999737739563,0.40494590417310666,0.39000004529953003,0.1205564142194745,0.23999999463558197,1
S2_fixed_70pct,B0_climatology,target_wind_band,>11,4572.0,0.41180494365103915,0.4531506222228712,-0.6229296326637268,0.6229296326637268,0.9834637514938441,0.01639626393513447,1.0,0.9897200349956256,0.010279965004374452,0.6100000739097595,0.010279965004374452,0.5899999737739563,0.00021872265966754156,0.39000001549720764,0.0,0.24000000953674316,1
S2_fixed_70pct,B0_persistence,all,all,9922.0,0.16165526855058895,0.14548974097712947,-0.0603754036128521,0.1616552770137787,0.6157024793388429,0.48642875765608745,0.6157024793388429,0.6157024793388429,0.0,0.0,0.0,0.0,0.0,0.0,0.0,0.0,1
S2_fixed_70pct,B0_persistence,history_censor_frac,"(0,0.3]",2274.0,0.1555009126530513,0.13995082069846915,-0.02659084089100361,0.15550090372562408,0.544415127528584,0.4980233894573824,0.544415127528584,0.544415127528584,0.0,0.0,0.0,0.0,0.0,0.0,0.0,0.0,1
S2_fixed_70pct,B0_persistence,history_censor_frac,"(0.3,1]",3854.0,0.19681369010156063,0.17713232046765523,-0.13540850579738617,0.1968136876821518,0.7602490918526207,0.4269313881525768,0.7602490918526207,0.7602490918526207,0.0,0.0,0.0,0.0,0.0,0.0,0.0,0.0,1
S2_fixed_70pct,B0_persistence,history_censor_frac,0,3794.0,0.12962955654572753,0.11666660005915035,-0.00440504914149642,0.12962955236434937,0.5115972588297312,0.49986548549348375,0.5115972588297312,0.5115972588297312,0.0,0.0,0.0,0.0,0.0,0.0,0.0,0.0,1
S2_fixed_70pct,B0_persistence,target_cap_tertile,low,6179.0,0.17842362632215034,0.16058126295687483,-0.10016991943120956,0.17842362821102142,0.6954199708690727,0.4602293286890035,0.6954199708690727,0.6954199708690727,0.0,0.0,0.0,0.0,0.0,0.0,0.0,0.0,1
S2_fixed_70pct,B0_persistence,target_cap_tertile,mid,3743.0,0.13397381445748774,0.12057643231753913,0.005317982751876116,0.13397382199764252,0.48410366016564255,0.4997472424935135,0.48410366016564255,0.48410366016564255,0.0,0.0,0.0,0.0,0.0,0.0,0.0,0.0,1
S2_fixed_70pct,B0_persistence,target_censoring,censored,2998.0,0.23463809748414438,0.21117428709380698,-0.23286959528923035,0.23463809490203857,0.985657104736491,0.11889985962552276,0.985657104736491,0.985657104736491,0.0,0.0,0.0,0.0,0.0,0.0,0.0,0.0,1
S2_fixed_70pct,B0_persistence,target_censoring,uncensored,6924.0,0.13005467335376641,0.1170492052668754,0.014312290586531162,0.13005466759204865,0.45551704217215483,0.49801733550438393,0.45551704217215483,0.45551704217215483,0.0,0.0,0.0,0.0,0.0,0.0,0.0,0.0,1
S2_fixed_70pct,B0_persistence,target_wind_band,7-11,4703.0,0.12800358295442257,0.11520322388299037,0.024253854528069496,0.1280035823583603,0.44886242823729533,0.4973780742596262,0.44886242823729533,0.44886242823729533,0.0,0.0,0.0,0.0,0.0,0.0,0.0,0.0,1
S2_fixed_70pct,B0_persistence,target_wind_band,<7,647.0,0.15261095296159685,0.13734985664198998,0.14029952883720398,0.15261095762252808,0.160741885625966,0.3672927059327136,0.160741885625966,0.160741885625966,0.0,0.0,0.0,0.0,0.0,0.0,0.0,0.0,1
S2_fixed_70pct,B0_persistence,target_wind_band,>11,4572.0,0.19755105803983836,0.17779595161986161,-0.1758277267217636,0.19755105674266815,0.8517060367454068,0.35539114186602705,0.8517060367454068,0.8517060367454068,0.0,0.0,0.0,0.0,0.0,0.0,0.0,0.0,1
S2_fixed_70pct,B1,all,all,9922.0,0.08837911616684184,0.10100609915047232,-0.05896541103720665,0.14115580022335053,0.6075356997844562,0.29844005569008497,0.6426728482160855,0.22078210038298735,0.8246321306188268,0.47150775194168093,0.7060673251360613,0.36696249842643736,0.5138278572868373,0.23928744792938234,0.3347107438016529,0.14855412542819976,5
S2_fixed_70pct,B1,history_censor_frac,"(0,0.3]",2274.0,0.09196063293792837,0.1043143991702881,-0.05772009044885636,0.14409005641937256,0.5913826680263938,0.3037317537807157,0.6152154793315743,0.20809146877748458,0.8282321899736148,0.4832577288150787,0.7129287598944591,0.3717220723628998,0.5083553210202287,0.2397000879049301,0.3445030782761654,0.14805628657341002,5
S2_fixed_70pct,B1,history_censor_frac,"(0.3,1]",3854.0,0.09518913235641015,0.10905184294573604,-0.09072482883930207,0.1523376375436783,0.6755120601907516,0.280696714319295,0.7283341982355994,0.304566683964712,0.782615464452517,0.4711349129676819,0.6486766995329527,0.3681167423725128,0.4675142708873897,0.24119046032428743,0.29963674104826155,0.15039439797401427,5
S2_fixed_70pct,B1,history_censor_frac,0,3794.0,0.07931475888375089,0.09085022913676448,-0.027450138330459596,0.12803843915462493,0.5481659320490768,0.2981630512150223,0.5721138639957828,0.14327886136004217,0.8651555086979441,0.46484396457672117,0.7602530311017397,0.36293725967407225,0.5641539272535583,0.2371070146560669,0.3644702161307327,0.14698314070701599,5
S2_fixed_70pct,B1,target_cap_tertile,low,6179.0,0.09479475281180051,0.10813581884370971,-0.08556419163942337,0.1505755066871643,0.6495829298584287,0.2932949142593394,0.6944165722608837,0.27421912930894965,0.7941414468360576,0.4680588960647583,0.6682634730538922,0.36248809695243833,0.4730862599126072,0.2351195991039276,0.305097912283541,0.14592555463314055,5
S2_fixed_70pct,B1,target_cap_tertile,mid,3743.0,0.07778808789294399,0.08923625197320442,-0.015055749542079866,0.12560563534498215,0.5381235077921837,0.2938364145444169,0.5572535399412236,0.13256745925728025,0.874966604328079,0.4772011756896973,0.7684744857066524,0.374348920583725,0.5810846914239914,0.2461677759885788,0.38359604595244456,0.15289340019226075,5
S2_fixed_70pct,B1,target_censoring,censored,2998.0,0.12176388321907879,0.13849846256837034,-0.17490430176258087,0.19110306203365326,0.8006509741116746,0.2099230631645105,0.8748498999332888,0.4717811874583055,0.6813875917278185,0.4746143877506256,0.5250833889259507,0.36961241364479064,0.34302868579052703,0.24075917899608612,0.20867244829886591,0.14988392293453218,5
S2_fixed_70pct,B1,target_censoring,uncensored,6924.0,0.07392395562053819,0.08477240395595206,-0.00876541375182569,0.11952929794788361,0.5239193519460678,0.2919204402695115,0.5421432697862507,0.11210283073367995,0.8866551126516464,0.4701626181602478,0.7844309647602542,0.36581512093544005,0.5877816291161178,0.23865020871162415,0.3892836510687464,0.147978338599205,5
S2_fixed_70pct,B1,target_wind_band,7-11,4703.0,0.06980827988491536,0.08026582717579042,-0.0032259611878544094,0.11389197260141373,0.522414081470407,0.27531550157657947,0.5476079098447799,0.08241547948118222,0.9302572825855837,0.4852145552635193,0.8378481820114821,0.37557133436203005,0.6291728683818839,0.2439919203519821,0.42245375292366577,0.15140846073627473,5
S2_fixed_70pct,B1,target_wind_band,<7,647.0,0.09439455307415548,0.10701312244511074,0.14558407366275788,0.1478150635957718,0.16386413069275604,0.16825407664322206,0.058423493044822264,0.0,0.6556414219474498,0.40459042191505434,0.4921174652241113,0.3122101962566376,0.319629057187017,0.20270169973373414,0.19505409582689337,0.12531375288963317,5
S2_fixed_70pct,B1,target_wind_band,>11,4572.0,0.10663079056641933,0.12149056000464946,-0.14524847120046616,0.1682584375143051,0.7578818231731925,0.2303264457493567,0.8231408573928259,0.3943569553805774,0.7398950131233596,0.46687796115875246,0.6007874015748031,0.36585519909858705,0.4226596675415573,0.23962554335594177,0.2642169728783902,0.14890682995319365,5
S2_fixed_70pct,B2_recon,all,all,9922.0,0.0748203357525207,0.08575811516192534,-0.004381657484918833,0.12106192111968994,0.5243675423112647,0.2981496042960901,0.5277161862527716,0.14882080225760935,0.848316871598468,0.46936343908309935,0.7538197943962911,0.36736866235733034,0.5791775851642814,0.241423100233078,0.3877242491433179,0.14997179210186004,5
S2_fixed_70pct,B2_recon,history_censor_frac,"(0,0.3]",2274.0,0.08385777412344461,0.09616337583065389,-0.011458876298274846,0.13583436906337737,0.5204535657099802,0.2964420925378988,0.5261213720316623,0.12981530343007916,0.8650835532102021,0.533700954914093,0.770976253298153,0.4187889277935028,0.5804749340369393,0.2754643678665161,0.3885664028144239,0.17148901224136354,5
S2_fixed_70pct,B2_recon,history_censor_frac,"(0.3,1]",3854.0,0.0669363033215428,0.07656475858507257,0.011627530585974455,0.10777737945318222,0.5226456862640989,0.3028301496269303,0.5113648157758173,0.17934613388687076,0.8121951219512195,0.4163269340991974,0.7268811624286455,0.3261245429515839,0.5698495070057084,0.21452204287052154,0.3873897249610794,0.1329185336828232,5
S2_fixed_70pct,B2_recon,history_censor_frac,0,3794.0,0.07741230363167409,0.0888602852954261,-0.016402167547494174,0.1257024183869362,0.528462538620463,0.29407241642115,0.5452820242488139,0.12920400632577755,0.8749604638903532,0.48467684984207154,0.7709014232999473,0.37844542860984803,0.5878755930416448,0.24834632873535156,0.3875593041644702,0.15439800620079042,5
S2_fixed_70pct,B2_recon,target_cap_tertile,low,6179.0,0.0754642546990593,0.08635612615082795,-0.014187269192188979,0.12169742733240127,0.5418931853505312,0.2998746168542211,0.5519339698980417,0.16633759508011006,0.8377083670496844,0.4645890772342682,0.7451691212170254,0.3627324640750885,0.5680854507201814,0.23733905851840972,0.37860495225764684,0.14705551862716676,5
S2_fixed_70pct,B2_recon,target_cap_tertile,mid,3743.0,0.07375734479054849,0.08477090973835355,0.01180559080094099,0.12001280933618545,0.49543595044922145,0.2929484418431756,0.4877371092706385,0.11990382046486776,0.8658295484905156,0.47724499702453616,0.7681004541811381,0.375022166967392,0.5974886454715469,0.24816509187221528,0.4027785199038204,0.15478600561618805,5
S2_fixed_70pct,B2_recon,target_censoring,censored,2998.0,0.06913863824038338,0.07928976918549087,-0.06829989477992057,0.1121962234377861,0.6464595716968446,0.27826324951271353,0.6829219479653101,0.27931954636424283,0.7833222148098733,0.41435821652412413,0.6937958639092728,0.32366178631782533,0.5359573048699133,0.2118705689907074,0.36137424949966646,0.13095530718564988,5
S2_fixed_70pct,B2_recon,target_censoring,uncensored,6924.0,0.07728043528189502,0.08855882302404991,0.02329409010708332,0.12490064799785613,0.47150331583842114,0.2907765871167512,0.46051415366839976,0.09231658001155402,0.8764586943963029,0.49317994713783264,0.7798093587521664,0.3862931728363037,0.5978913922588099,0.2542189389467239,0.39913344887348357,0.15820567011833192,5
S2_fixed_70pct,B2_recon,target_wind_band,7-11,4703.0,0.07971136974427843,0.09149429906573056,0.03182740770280361,0.1294057101011276,0.46093171272334876,0.2755471660469991,0.45247714224962793,0.055751647884329146,0.9176270465660217,0.5250712394714355,0.8284073995322135,0.41200212836265565,0.6319795874973422,0.27131320238113404,0.42321922177333615,0.16900531947612762,5
S2_fixed_70pct,B2_recon,target_wind_band,<7,647.0,0.09959707963273182,0.11273038586131053,0.1525577962398529,0.15491422712802888,0.1663440024355854,0.16924866762103224,0.06275115919629057,0.0,0.6605873261205564,0.43455639481544495,0.5017001545595055,0.3340494632720947,0.32859350850077285,0.21583617031574248,0.20370942812983,0.13309738039970398,5
S2_fixed_70pct,B2_recon,target_wind_band,>11,4572.0,0.06628291533394388,0.07604063221308498,-0.06383727118372917,0.10768849104642868,0.6402861636698678,0.27355771231020337,0.670909886264217,0.2656167979002625,0.8035870516185477,0.4169851243495941,0.7127734033245845,0.326171463727951,0.5603237095363081,0.21429744362831116,0.3772528433945757,0.13278084695339204,5
S2_fixed_70pct,B4,all,all,9922.0,0.1143229697400466,0.12436337784447324,-0.07161951363086701,0.15872275233268737,0.6341849757159607,0.3250873159675237,0.6486192299939528,0.347853255392058,0.7024188671638782,0.42106711864471436,0.5690183430759927,0.30380204916000364,0.41755694416448297,0.1924269199371338,0.27869381173150576,0.11913546323776245,5
S2_fixed_70pct,B4,history_censor_frac,"(0,0.3]",2274.0,0.09805256525274095,0.10887770851898582,-0.035298806801438334,0.14583249688148497,0.567101831416145,0.3190442949600965,0.5716798592788038,0.23693931398416884,0.7792436235708002,0.46233158111572265,0.6678100263852242,0.3550897121429443,0.5021987686895338,0.23860158324241637,0.3386103781882146,0.15026297569274902,5
S2_fixed_70pct,B4,history_censor_frac,"(0.3,1]",3854.0,0.1592130643157211,0.1674545821659422,-0.1429438292980194,0.19802068769931794,0.770323630983686,0.3120166440127172,0.7864037363777893,0.6334717176959004,0.4813700051894136,0.3314338237047195,0.303995848469123,0.19301555752754213,0.19932537623248572,0.10275038629770279,0.13144784639335755,0.06084068566560745,5
S2_fixed_70pct,B4,history_censor_frac,0,3794.0,0.07847491368034272,0.08987231579682356,-0.020936696976423263,0.1265293389558792,0.5361008146026154,0.29182076483979325,0.5547706905640485,0.12419609910384818,0.8809172377438059,0.48738532662391665,0.7790195044807591,0.38560040593147277,0.5885081707959937,0.2558460712432861,0.3923563521349499,0.1596953183412552,5
S2_fixed_70pct,B4,target_cap_tertile,low,6179.0,0.13237568947989545,0.1418708512313094,-0.10606071203947068,0.17580679357051848,0.6909973621258267,0.32665340033394746,0.7069428710147273,0.4636348923774074,0.6115876355397314,0.38626703023910525,0.46450882019744294,0.2603596121072769,0.3275934617251982,0.15683023035526275,0.2131412849975724,0.09582488834857941,5
S2_fixed_70pct,B4,target_cap_tertile,mid,3743.0,0.08452127183127661,0.09546178071456123,-0.014763472788035869,0.13052017092704774,0.5403982443169328,0.2996770123965198,0.5523376970344643,0.15671920919048893,0.852364413572001,0.478515625,0.7415442158696234,0.37551750540733336,0.5660699973283462,0.2511904776096344,0.38690889660699973,0.15761689245700836,5
S2_fixed_70pct,B4,target_censoring,censored,2998.0,0.19728363203826058,0.2058884005889973,-0.2388462692499161,0.24009481370449065,0.9463659567173168,0.08518390710202904,0.9897264843228818,0.8907271514342895,0.31487658438959304,0.3158485680818558,0.10920613742494996,0.1698445588350296,0.039492995330220146,0.08195997178554534,0.019946631087391593,0.04725083336234093,5
S2_fixed_70pct,B4,target_censoring,uncensored,6924.0,0.07840210527296898,0.08906412622863225,0.0007874449249356986,0.12348973453044891,0.4990147589276786,0.2962499920695053,0.5009243212016176,0.11279607163489311,0.8702195262853841,0.46662535071372985,0.7681109185441941,0.3618038773536682,0.5812536106296938,0.2402576446533203,0.39072790294627385,0.15026054680347442,5
S2_fixed_70pct,B4,target_wind_band,7-11,4703.0,0.07084295397073659,0.0813501273492662,0.014717478910461069,0.11530795991420746,0.4772666232433481,0.27746373718139383,0.4755687858813523,0.07021050393365937,0.9192005103125664,0.48154198527336123,0.8256006804167553,0.37054817080497743,0.6258558366999787,0.24442695677280427,0.41964703380820756,0.15267403721809386,5
S2_fixed_70pct,B4,target_wind_band,<7,647.0,0.09918271158886656,0.11250660553933234,0.1533336877822876,0.15541263520717621,0.1607498585865025,0.16121992229180393,0.0482225656877898,0.0,0.6642967542503865,0.42226274609565734,0.4905718701700155,0.32752394676208496,0.3205564142194745,0.21409581899642943,0.1984544049459042,0.13306028246879578,5
S2_fixed_70pct,B4,target_wind_band,>11,4572.0,0.16119135582641547,0.17028696681218647,-0.1922642171382904,0.20384992361068727,0.8625969469455006,0.19213831699301015,0.9115923009623798,0.6826771653543308,0.4848206474190727,0.35869027972221373,0.3161854768153981,0.2317865163087845,0.21701662292213472,0.13587050884962082,0.14505686789151356,0.08266535550355911,5
S2_fixed_70pct,B4_plain,all,all,9922.0,0.1189210963125296,0.12730584087463562,-0.07799544930458069,0.15993605852127074,0.6478863333929501,0.3262999795740469,0.6620036283007458,0.36968353154605926,0.6651078411610563,0.40132856369018555,0.5497883491231607,0.294350928068161,0.40548276557145735,0.18888187408447266,0.270973594033461,0.11708264499902725,5
S2_fixed_70pct,B4_plain,history_censor_frac,"(0,0.3]",2274.0,0.09461228417827713,0.10622530709204434,-0.03944744318723679,0.1439911752939224,0.5713648484854901,0.3119941926964891,0.5785400175901495,0.22242744063324538,0.8110817941952506,0.47958574891090394,0.6909410729991204,0.3661055266857147,0.5132805628847845,0.2403984099626541,0.3490765171503958,0.15169568359851837,5
S2_fixed_70pct,B4_plain,history_censor_frac,"(0.3,1]",3854.0,0.17143123770796234,0.17496489009097096,-0.14919655323028563,0.20095353126525878,0.7881016394225828,0.31063938894273946,0.7986507524649715,0.6670991177996887,0.38744161909704206,0.28637518882751467,0.2702127659574468,0.17726724743843078,0.18702646600934095,0.1025661587715149,0.1253762324857291,0.06121276542544365,5
S2_fixed_70pct,B4_plain,history_censor_frac,0,3794.0,0.08015044630074586,0.09152807549294242,-0.02877275235950947,0.1278267592191696,0.5513180854333716,0.2987248029225046,0.5732208750658935,0.1558249868212968,0.8596731681602531,0.47119503617286684,0.7491829204006326,0.3702788591384888,0.5627833421191355,0.24568528234958648,0.3720611491829204,0.1530901461839676,5
S2_fixed_70pct,B4_plain,target_cap_tertile,low,6179.0,0.1372089533201312,0.14420493664386588,-0.10930881798267364,0.17559311985969545,0.701634778340461,0.324225153894312,0.7153261045476614,0.4750930571289853,0.5753034471597346,0.36871921420097353,0.45865026703350054,0.25688621699810027,0.33015050979122834,0.1591089189052582,0.21867616119113126,0.09815309494733811,5
S2_fixed_70pct,B4_plain,target_cap_tertile,mid,3743.0,0.0887312303093316,0.09940856255294876,-0.02630287893116474,0.13408915400505067,0.5591576020729742,0.30979795663361237,0.5739780924392199,0.1956719209190489,0.8133582687683676,0.4551605522632599,0.7002404488378307,0.3561982333660126,0.5298423724285333,0.23803151547908782,0.3573069730162971,0.148331817984581,5
S2_fixed_70pct,B4_plain,target_censoring,censored,2998.0,0.20798002172577093,0.21148410789804326,-0.23896834552288054,0.24027246832847596,0.9540707965366024,0.08483405923561006,0.9886591060707138,0.909072715143429,0.23322214809873248,0.27694129943847656,0.09092728485657106,0.16199131906032563,0.0352901934623082,0.08747431635856628,0.019479653102068045,0.05175516903400421,5
S2_fixed_70pct,B4_plain,target_censoring,uncensored,6924.0,0.08035976494498231,0.0908577697400059,-0.008296322915703059,0.12515145987272264,0.5153125291606175,0.302055965236406,0.5205661467359908,0.13613518197573657,0.8521086077411901,0.4551866054534912,0.748469093009821,0.35166088342666624,0.5657712305025997,0.23279000222682952,0.3798671288272675,0.1453685760498047,5
S2_fixed_70pct,B4_plain,target_wind_band,7-11,4703.0,0.0690708299426771,0.07938468781365098,0.007839740673080086,0.11294709295034408,0.4897605581137848,0.2784971859417293,0.4927918349989368,0.07739740591112057,0.9170316819051669,0.46828111410140993,0.8236019561981713,0.35887731313705445,0.6271316181160962,0.23583371043205262,0.4243674250478418,0.14768190383911134,5
S2_fixed_70pct,B4_plain,target_wind_band,<7,647.0,0.09901346110809348,0.1123989472871435,0.15408484637737274,0.15559649765491484,0.15090070498000535,0.15110100053006942,0.033075734157650694,0.0,0.6506955177743431,0.42044822573661805,0.48933539412673877,0.3239814519882202,0.2992272024729521,0.21024420559406282,0.17372488408037096,0.1299752712249756,5
S2_fixed_70pct,B4_plain,target_wind_band,>11,4572.0,0.17301690618013382,0.1787095904365162,-0.19913255870342256,0.20888548493385314,0.8808730400248592,0.18094354249481326,0.9250656167979002,0.7226596675415573,0.408005249343832,0.3297519743442535,0.2766841644794401,0.2237825870513916,0.19251968503937006,0.1375616729259491,0.12694663167104112,0.08378215432167054,5
S2_fixed_70pct,B6,all,all,9922.0,0.07456375098695449,0.08553350535617553,-0.004511268809437752,0.12092824131250382,0.5272754275118523,0.28951823072686755,0.5401733521467447,0.1179197742390647,0.8852247530739771,0.48430376648902895,0.7908687764563596,0.38044949769973757,0.5961701269905261,0.25064000189304353,0.3994154404353961,0.1559734046459198,5
S2_fixed_70pct,B6,history_censor_frac,"(0,0.3]",2274.0,0.08360192096983013,0.09596307448880838,-0.012290891027078032,0.13577803671360017,0.5208262192960753,0.2907756115043035,0.5357959542656113,0.10773966578715918,0.8887423043095867,0.5448117852210999,0.7969217238346527,0.4281099379062653,0.590061565523307,0.28131750226020813,0.3970096745822339,0.17505980432033538,5
S2_fixed_70pct,B6,history_censor_frac,"(0.3,1]",3854.0,0.06634163904471635,0.07590630546330077,0.011223794240504504,0.10687745213508607,0.5323651284373067,0.28554061442939827,0.5361702127659574,0.12532433834976647,0.8825635703165542,0.4441613912582397,0.7961598339387649,0.35220341086387635,0.6069019200830306,0.2345480054616928,0.4117280747275558,0.14643954932689668,5
S2_fixed_70pct,B6,history_censor_frac,0,3794.0,0.0774987064124491,0.08906181009511392,-0.01583232097327709,0.12630074024200438,0.5259706811006701,0.2925780577100756,0.5468634686346864,0.1164997364259357,0.8858197153400106,0.48881442546844484,0.7818661043753294,0.3805761694908142,0.588929889298893,0.24859935641288758,0.38835002635740645,0.1542182445526123,5
S2_fixed_70pct,B6,target_cap_tertile,low,6179.0,0.07494329426981428,0.08582201506347112,-0.01480646263808012,0.1210716798901558,0.5470771853343814,0.2886945063058647,0.5678912445379511,0.1327399255542968,0.8826994659329989,0.48414078950881956,0.7875060689431947,0.37992814779281614,0.5901278524033015,0.24988541901111602,0.39372066677455897,0.15520052015781402,5
S2_fixed_70pct,B6,target_cap_tertile,mid,3743.0,0.07393719529772376,0.08505722924573486,0.012484190799295903,0.12069143652915955,0.49458639155529116,0.28788007597738147,0.4944162436548224,0.09345444830349987,0.889393534597916,0.48457279801368713,0.7964199839700774,0.38131017088890073,0.6061448036334491,0.2518856465816498,0.4088164573871226,0.15724926590919494,5
S2_fixed_70pct,B6,target_censoring,censored,2998.0,0.06859759006635588,0.0784920518556835,-0.0683292455971241,0.11040782630443573,0.6528442120058143,0.2525928436742883,0.7063375583722482,0.21220813875917277,0.8687124749833222,0.4447664976119995,0.7733155436957972,0.35209405422210693,0.5797198132088058,0.23353435099124908,0.3917945296864576,0.14522482752799987,5
S2_fixed_70pct,B6,target_censoring,uncensored,6924.0,0.07714701939249387,0.08858236116127013,0.023121068626642226,0.12548343390226363,0.47290581227313205,0.2875071712715492,0.4682264586943963,0.07709416522241479,0.8923743500866552,0.5014228582382202,0.7984690930098208,0.39272703528404235,0.6032928942807626,0.2580464959144592,0.4027151935297516,0.16062739193439485,5
S2_fixed_70pct,B6,target_wind_band,7-11,4703.0,0.07942830408588067,0.0914232714054382,0.030529939383268357,0.13006750643253326,0.46520371193566046,0.27503951966527806,0.46234318520093554,0.05443334042100787,0.9235806931745694,0.5331809401512146,0.8344460982351689,0.4175496459007263,0.6327450563470125,0.2744915962219238,0.4230065915373166,0.17099553644657134,5
S2_fixed_70pct,B6,target_wind_band,<7,647.0,0.09990361314957855,0.11297218866106269,0.15310803055763245,0.1551654100418091,0.1622106777974019,0.16510373830020297,0.05718701700154559,0.0,0.6556414219474498,0.4382040202617645,0.49397217928902626,0.33541576862335204,0.3168469860896445,0.21602472960948943,0.19629057187017002,0.13301391005516053,5
S2_fixed_70pct,B6,target_wind_band,>11,4572.0,0.0659738813361523,0.07559203601498037,-0.06286176517605782,0.10668208301067353,0.6427872760289298,0.25279736404372544,0.6885826771653544,0.199912510936133,0.8782589676290463,0.44054986238479615,0.7880577427821522,0.34865922331809995,0.5980752405949257,0.23100349307060242,0.40389326334208225,0.14376991093158722,5
S2_fixed_70pct,BQR,all,all,9922.0,0.10446597811187952,0.11354434408834799,-0.0854506328701973,0.15987853407859803,0.6501685027090429,0.31966870165653605,0.6821003829873009,0.32170933279580727,0.7241685144124169,0.46580318808555604,0.6052610360814352,0.35283214449882505,0.4299334811529933,0.21973916590213777,0.27780689377141704,0.13402426540851592,5
S2_fixed_70pct,BQR,history_censor_frac,"(0,0.3]",2274.0,0.09406015363930607,0.10267823572067598,-0.05065678581595421,0.14649478495121002,0.5822078602900703,0.31719988850232406,0.6020228671943711,0.21635883905013192,0.8144239226033422,0.4858183979988098,0.6933157431838171,0.3712097406387329,0.4889182058047493,0.23542048633098603,0.3232189973614775,0.14388211369514464,5
S2_fixed_70pct,BQR,history_censor_frac,"(0.3,1]",3854.0,0.1369034731550868,0.14738988303005615,-0.1582568556070328,0.20193935930728912,0.7885249958351127,0.293500213418916,0.8205500778412039,0.5700051894135962,0.5167099117799688,0.443852835893631,0.38546964193046185,0.324365907907486,0.24763881681370004,0.18973015546798705,0.1533990659055527,0.11345183998346328,5
S2_fixed_70pct,BQR,history_censor_frac,0,3794.0,0.07775241431486084,0.0856763481333514,-0.032347319275140764,0.12517433166503905,0.550357373650759,0.2953087796521066,0.5894570374275172,0.13263046916183446,0.8808118081180811,0.47610422372817995,0.7757511860832894,0.37073363065719606,0.5797575118608329,0.2408238798379898,0.3769636267791249,0.14901357293128967,5
S2_fixed_70pct,BQR,target_cap_tertile,low,6179.0,0.11775435781102435,0.12737716862049026,-0.11687598377466202,0.17730140686035156,0.7044464766900422,0.3195128579621774,0.728208447968927,0.42482602362841887,0.6402006797216379,0.4508553981781006,0.51574688460916,0.3364215314388275,0.3481145816475158,0.20411896109580993,0.2177698656740573,0.12235618382692337,5
S2_fixed_70pct,BQR,target_cap_tertile,mid,3743.0,0.08252932351369201,0.09070891187244973,-0.033573197200894356,0.13111660182476043,0.5605656169947509,0.29907282767767834,0.6059845044082286,0.1514827678332888,0.8627838632113278,0.49047922492027285,0.7530323270104194,0.37992305159568784,0.5650013358268768,0.24552524387836455,0.37691691156826074,0.15328611731529235,5
S2_fixed_70pct,BQR,target_censoring,censored,2998.0,0.17086369005765634,0.18354865974750995,-0.2491622895002365,0.24982381761074066,0.944756632484264,0.10001922415326903,0.9919279519679787,0.800933955970647,0.36070713809206134,0.437426233291626,0.1990660440293529,0.3168431639671326,0.07551701134089392,0.18140044808387756,0.03488992661774516,0.10795391201972962,5
S2_fixed_70pct,BQR,target_censoring,uncensored,6924.0,0.07571665107354346,0.08323340556348266,-0.014565663225948811,0.12093341946601868,0.5226157567433998,0.2970319977315145,0.547949162333911,0.11421143847487003,0.8815424610051993,0.4780900299549103,0.7811380704794917,0.36841489672660827,0.5833911034084345,0.23633931279182435,0.3829867128827268,0.14531238675117492,5
S2_fixed_70pct,BQR,target_wind_band,7-11,4703.0,0.06679136585963044,0.0736653707882454,0.001272220444298,0.10844525098800659,0.5010172421989987,0.2756812704208623,0.51358707208165,0.06855198809270678,0.9312779077184775,0.4838744819164276,0.8462258133106527,0.3709764897823334,0.6410801615989794,0.23690525591373443,0.4163300021263024,0.14414445161819459,5
S2_fixed_70pct,BQR,target_wind_band,<7,647.0,0.09646830128641135,0.1049124350411043,0.14856883585453035,0.1504291921854019,0.1507067349757189,0.16339310753520048,0.04884080370942813,0.0,0.6615146831530139,0.4048148214817047,0.5051004636785162,0.31390966176986695,0.3115919629057187,0.20222578644752504,0.17527047913446675,0.12187367379665374,5
S2_fixed_70pct,BQR,target_wind_band,>11,4572.0,0.14435184826244934,0.1557874885730263,-0.20777525305747985,0.21412273049354552,0.874273958068229,0.17692367581753185,0.9450568678915137,0.6276465441819772,0.5199912510936133,0.45584478974342346,0.3715660542432196,0.3396759867668152,0.22948381452318461,0.20455960035324097,0.14982502187226596,0.12533358633518218,5
S2_fixed_70pct,BT,all,all,9922.0,0.07843775938805123,0.09000073079270687,-0.031127275712788106,0.12723645716905593,0.5559930323202049,0.2716247163516924,0.5992944970772022,0.10566418060874824,0.9116105623866156,0.5111668884754181,0.8295101793993147,0.4098857045173645,0.6390647046966338,0.2759800493717194,0.42693005442451126,0.1737401843070984,5
S2_fixed_70pct,BT,history_censor_frac,"(0,0.3]",2274.0,0.08578378082504504,0.09819919604388946,-0.025278578512370586,0.13804087042808533,0.5406412574310446,0.2814025015213213,0.5582233948988566,0.11785400175901495,0.9008795074758135,0.5573412418365479,0.8138082673702727,0.44000614285469053,0.6138082673702726,0.29146701097488403,0.4158311345646438,0.18229023814201356,5
S2_fixed_70pct,BT,history_censor_frac,"(0.3,1]",3854.0,0.07430086450590392,0.08574534533539943,-0.0378265481442213,0.12270436435937881,0.5721068959367961,0.24580242761679325,0.6509600415153087,0.0640373637778931,0.9433834976647638,0.5142090916633606,0.8816294758692267,0.4233554542064667,0.6993772703684484,0.2918422222137451,0.4654385054488842,0.18548937141895294,5
S2_fixed_70pct,BT,history_censor_frac,0,3794.0,0.07823711102960938,0.08940951982045428,-0.02782757692039013,0.12536440193653106,0.5488256906543135,0.2886246376336995,0.5714285714285714,0.14064312071692148,0.8857670005271482,0.48040115237236025,0.7859778597785978,0.37814970016479493,0.5929362150764365,0.2505845934152603,0.3944649446494465,0.15668055415153503,5
S2_fixed_70pct,BT,target_cap_tertile,low,6179.0,0.08004895926274264,0.09178070503440587,-0.0401137962937355,0.1299027606844902,0.5707720927856197,0.26788277715820596,0.6175432917947888,0.11082699465932999,0.9092086098074124,0.5180482029914856,0.8348600097103092,0.4166557252407074,0.6402330474186761,0.28130213022232053,0.42359605114096127,0.17736397683620453,5
S2_fixed_70pct,BT,target_cap_tertile,mid,3743.0,0.07577796670151146,0.08706232287406993,-0.016292193917979602,0.12283488363027573,0.5315955397698984,0.2758869557844914,0.5691691156826075,0.09714133048356932,0.9155757413839167,0.499807071685791,0.8206786000534331,0.3987095713615417,0.637135987176062,0.26719421446323394,0.43243387656959664,0.1677579551935196,5
S2_fixed_70pct,BT,target_censoring,censored,2998.0,0.0840207978971228,0.09668994870225185,-0.11530390232801438,0.13777797520160676,0.6861871324023443,0.1954962076613646,0.8157438292194797,0.14536357571714478,0.9140760507004669,0.5160393118858337,0.8505670446964644,0.4256804347038269,0.65657104736491,0.2942788302898407,0.4334889926617745,0.18749698996543884,5
S2_fixed_70pct,BT,target_censoring,uncensored,6924.0,0.07602037789611063,0.08710438831829673,0.005320084164850414,0.12267211526632309,0.49962071688891474,0.27987664451747335,0.505574812247256,0.08847487001733102,0.9105430387059503,0.5090571701526642,0.8203928365106874,0.40304678678512573,0.6314846909300982,0.26805689334869387,0.42409012131715773,0.1677836537361145,5
S2_fixed_70pct,BT,target_wind_band,7-11,4703.0,0.07375626713647415,0.08404445692009277,0.0216909009963274,0.11718184649944305,0.47971804810314334,0.27035844471042897,0.45724005953646607,0.07476079098447799,0.9214969168615778,0.530377185344696,0.8447374016585159,0.4165124475955963,0.6583882628109718,0.27459281086921694,0.44869232404847964,0.17124133706092834,5
S2_fixed_70pct,BT,target_wind_band,<7,647.0,0.09556907629176767,0.11163114831136638,0.16147278845310212,0.1626043885946274,0.17167768403672623,0.137686724690211,0.03245749613601236,0.0006182380216383308,0.8145285935085008,0.426553338766098,0.6123647604327667,0.3326646089553833,0.32642967542503865,0.21842658817768096,0.16599690880989182,0.13621638119220733,5
S2_fixed_70pct,BT,target_wind_band,>11,4572.0,0.0808290752284848,0.09306667040082836,-0.11271435469388962,0.13257412165403365,0.6888393317760779,0.19258528114675316,0.8256342957130359,0.15231846019247594,0.9151793525809273,0.5033801138401032,0.8445756780402449,0.4139968991279602,0.6634295713035872,0.28555158972740174,0.4414698162729659,0.18162073493003844,5
S2_fixed_70pct,CLQR,all,all,9922.0,0.08160220118417114,0.09003719901771699,-0.041570347547531125,0.13108136057853698,0.5777537370345505,0.29740880484831617,0.6136867567022778,0.17057044950614794,0.8748840959483974,0.48764240741729736,0.7476113686756702,0.37122195959091187,0.5512799838742188,0.24117173552513121,0.352953033662568,0.1450151652097702,5
S2_fixed_70pct,CLQR,history_censor_frac,"(0,0.3]",2274.0,0.08776719061888774,0.09627601323505944,-0.03416391462087631,0.13912756741046906,0.5508747920596184,0.3051510203372681,0.5652594547053649,0.16051011433597187,0.8578715919085311,0.5038004577159881,0.7445910290237467,0.38508973121643064,0.5450307827616535,0.25114178359508516,0.3576077396657872,0.15329146683216094,5
S2_fixed_70pct,CLQR,history_censor_frac,"(0.3,1]",3854.0,0.08205747695704492,0.090985852298654,-0.06199909895658493,0.13261556178331374,0.6346632162258088,0.2856990350519591,0.6945511157239233,0.22018681888946548,0.8787234042553191,0.4879656553268433,0.7199273482096522,0.3648373901844025,0.5126102750389206,0.23157684206962587,0.31712506486766995,0.13533698320388793,5
S2_fixed_70pct,CLQR,history_censor_frac,0,3794.0,0.07744463165248923,0.08533420131740915,-0.02525770291686058,0.12470027953386306,0.5360546300419005,0.29471233529623847,0.5605693199789141,0.12619926199261994,0.8811808118081181,0.47762945890426634,0.7775434897206115,0.36939560174942015,0.5943068002108592,0.24494264125823975,0.3865577227200844,0.1498858630657196,5
S2_fixed_70pct,CLQR,target_cap_tertile,low,6179.0,0.0850008249208078,0.09381618642902384,-0.05934152901172638,0.13650826513767242,0.6125698375477737,0.2988696034142383,0.6572908237578896,0.2132383880886875,0.8586178993364623,0.4809534788131714,0.7167826509143874,0.36341904997825625,0.5098559637481793,0.23254169821739196,0.3148082213950477,0.13787436485290527,5
S2_fixed_70pct,CLQR,target_cap_tertile,mid,3743.0,0.07599170263523233,0.0837987904645604,-0.012233417853713036,0.12212255448102952,0.5202788011352165,0.2857564482942102,0.5417045150948437,0.10013358268768369,0.9017365749398877,0.4986846029758453,0.7985038738979429,0.38410314321517947,0.6196633716270371,0.25541830956935885,0.4159230563718942,0.15680330991744995,5
S2_fixed_70pct,CLQR,target_censoring,censored,2998.0,0.09798820258613386,0.1083207635659876,-0.14181363135576247,0.15682711601257324,0.767934772910335,0.21439790667300257,0.8654436290860573,0.3628418945963976,0.8208138759172782,0.4868349492549896,0.633822548365577,0.3637642741203308,0.4220146764509673,0.228718301653862,0.24342895263509004,0.13374550193548201,5
S2_fixed_70pct,CLQR,target_censoring,uncensored,6924.0,0.07450728029984355,0.08212065850418214,0.0018336647655814887,0.11993379294872283,0.49540787545806253,0.2901204296939297,0.5046793760831889,0.08731946851530907,0.8982957827845176,0.48799204230308535,0.7968804159445406,0.37445104122161865,0.6072501444251877,0.2465639054775238,0.40037550548815715,0.14989478290081024,5
S2_fixed_70pct,CLQR,target_wind_band,7-11,4703.0,0.07106549729128328,0.07857496163939022,0.012256603315472602,0.11567670553922653,0.4864127516941449,0.27934175294049257,0.48692324048479696,0.06944503508398894,0.9257920476291728,0.49551541805267335,0.8298532851371465,0.3788388192653656,0.6327875823942165,0.2482258200645447,0.41029130342334674,0.15023442208766938,5
S2_fixed_70pct,CLQR,target_wind_band,<7,647.0,0.09747358851157809,0.10580357946997287,0.1504425585269928,0.15220900177955626,0.1487768546111983,0.1648582844595127,0.05131375579598145,0.0,0.6438948995363215,0.40207864046096803,0.49489953632148376,0.308699893951416,0.30695517774343123,0.20286184847354888,0.1721792890262751,0.12130788564682007,5
S2_fixed_70pct,CLQR,target_wind_band,>11,4572.0,0.09019479322428908,0.09959670344415208,-0.12411201298236847,0.14393755793571472,0.7324179314754595,0.22112905150526033,0.823665791776028,0.29873140857392827,0.8552055993000875,0.49165226221084596,0.6987751531058618,0.37223458886146543,0.5020122484689413,0.23933691084384917,0.3195538057742782,0.1430012673139572,5
S2_fixed_70pct,ORACLE,all,all,9922.0,0.0754062647058245,0.08648548031707473,-0.016663859132677317,0.12210289388895035,0.5468795437092718,0.2918472438094541,0.5665390042330175,0.1366458375327555,0.8736141906873615,0.47919591069221495,0.7779278371296109,0.3756835341453552,0.5808506349526306,0.24595625400543214,0.38832896593428745,0.15274864435195923,5
S2_fixed_70pct,ORACLE,history_censor_frac,"(0,0.3]",2274.0,0.08397445727578752,0.0962965342218136,-0.02345271874219179,0.13608124554157258,0.538922401155173,0.2935053407040571,0.5560246262093228,0.12524186455584874,0.8750219876868954,0.5321187376976013,0.7860158311345646,0.41711786985397337,0.5723834652594547,0.27308531403541564,0.38830255057167984,0.16984080970287324,5
S2_fixed_70pct,ORACLE,history_censor_frac,"(0.3,1]",3854.0,0.06770662046827813,0.07754342710307882,-0.0018670211546123027,0.10905917435884475,0.5526180486394404,0.287741148953475,0.5656460819927348,0.14530358069538143,0.872184743124027,0.4497047126293182,0.7806953814218993,0.35526256561279296,0.5913336792942399,0.23317331671714783,0.40020757654385053,0.14474572539329528,5
S2_fixed_70pct,ORACLE,history_censor_frac,0,3794.0,0.07809217904093461,0.08968852104120864,-0.027625677920877934,0.12697473168373108,0.5458195395361438,0.29473734270898777,0.5737480231945177,0.13468634686346864,0.8742224565102793,0.4774333357810974,0.7702688455455984,0.37159302830696106,0.5752767527675277,0.24268108010292053,0.37627833421191353,0.15063364505767823,5
S2_fixed_70pct,ORACLE,target_cap_tertile,low,6179.0,0.07633560815998487,0.08744651550854393,-0.026474370807409286,0.12331189066171647,0.5666003315256066,0.2907803588104124,0.5926525327722934,0.15348761935588282,0.8691374008739278,0.4796219527721405,0.7720990451529374,0.3755585074424744,0.5710956465447483,0.24519987106323243,0.37883152613691534,0.1520388513803482,5
S2_fixed_70pct,ORACLE,target_cap_tertile,mid,3743.0,0.07387209072686192,0.08489898914740115,-0.0004685209132730961,0.12010707408189773,0.5143241742416971,0.29066409539029836,0.5234304034197168,0.10884317392465936,0.8810045418113812,0.4784926652908325,0.7875500935078813,0.37588991522789,0.5969543147208122,0.24720490276813506,0.40400748063051023,0.1539203941822052,5
S2_fixed_70pct,ORACLE,target_censoring,censored,2998.0,0.073294076740989,0.08388030708731793,-0.08171216994524003,0.11787379831075669,0.6755970433922915,0.25098631299556684,0.7358238825883923,0.24469646430953967,0.8410273515677119,0.45022013783454895,0.7422948632421614,0.3549205958843231,0.5460973982655103,0.2320920616388321,0.366977985323549,0.1440240204334259,5
S2_fixed_70pct,ORACLE,target_censoring,uncensored,6924.0,0.07632081402970907,0.08761348571031721,0.011501194641459734,0.12393404096364975,0.49114657663103783,0.29061608605831946,0.4932409012131716,0.08986135181975737,0.8877238590410167,0.4917420566082001,0.7933564413633738,0.38467358350753783,0.5958983246678221,0.25195926427841187,0.3975736568457539,0.15652629137039184,5
S2_fixed_70pct,ORACLE,target_wind_band,7-11,4703.0,0.07747934770164605,0.08918656321604718,0.019188667461276055,0.12678960859775543,0.4832837211046571,0.27649183740730093,0.486880714437593,0.06306612800340208,0.9243036359770359,0.5201611638069152,0.8361896661705295,0.4070401847362518,0.6320221135445461,0.2671022772789001,0.4198596640442271,0.1660340189933777,5
S2_fixed_70pct,ORACLE,target_wind_band,<7,647.0,0.09587303502010139,0.10848554639048266,0.14726567566394805,0.14926446974277496,0.1645102702799427,0.16438417748848178,0.055332302936630606,0.0,0.669242658423493,0.4262380063533783,0.5054095826893354,0.32676042914390563,0.323338485316847,0.21042658686637877,0.20216383307573418,0.12953941226005555,5
S2_fixed_70pct,ORACLE,target_wind_band,>11,4572.0,0.07037745680497456,0.08059369649744166,-0.07674190700054169,0.11343816667795181,0.6664079937570146,0.2511718438838536,0.7208223972003499,0.23167104111986,0.8503937007874015,0.4445511519908905,0.7565616797900262,0.35035170912742614,0.5646544181977253,0.22923226952552794,0.3822397200349956,0.14236702620983124,5
S3_fixed_85pct,B0_climatology,all,all,9922.0,0.22681651796752877,0.26676931883588634,-0.35942700505256653,0.3854532539844513,0.7910462761584869,0.23642837690007185,0.8685748840959484,0.4514210844587785,0.6554122152791776,0.770000159740448,0.536383793590002,0.6199999451637268,0.34267284821608546,0.39000001549720764,0.20338641402942956,0.24000000953674316,1
S3_fixed_85pct,B0_climatology,history_censor_frac,"(0,0.3]",2252.0,0.20891721499339408,0.24806921014256178,-0.3494149446487427,0.36610308289527893,0.8014632039028837,0.20343200767972652,0.9045293072824157,0.39520426287744226,0.7326820603907638,0.7700000405311584,0.599911190053286,0.619999885559082,0.3574600355239787,0.39000004529953003,0.1993783303730018,0.23999999463558197,1
S3_fixed_85pct,B0_climatology,history_censor_frac,"(0.3,1]",2979.0,0.35868211639666764,0.4195118036075447,-0.5931085348129272,0.5931473970413208,0.9554221457521986,0.0719198793727066,0.9986572675394427,0.8529707955689829,0.29741524001342734,0.7700000405311584,0.1470292044310171,0.619999885559082,0.04833836858006042,0.39000001549720764,0.015105740181268883,0.24000002443790436,1
S3_fixed_85pct,B0_climatology,history_censor_frac,0,4691.0,0.15166870568386784,0.17874816825873802,-0.2158350646495819,0.2628474235534668,0.6816592293027954,0.2567159374127918,0.7687060328288211,0.2234065231293967,0.8456619057770198,0.7700000405311584,0.7531443189085483,0.6199999451637268,0.5224898742272437,0.39000004529953003,0.32487742485610743,0.24000002443790436,1
S3_fixed_85pct,B0_climatology,target_cap_tertile,low,6179.0,0.23079155099601262,0.27099772561043806,-0.3702513575553894,0.39015844464302063,0.802729835510763,0.22137462897850424,0.885903867939796,0.46480012947078814,0.6454118789448131,0.7700001001358032,0.5296973620326914,0.6199999451637268,0.3502184819550089,0.39000001549720764,0.2110373846900793,0.23999999463558197,1
S3_fixed_85pct,B0_climatology,target_cap_tertile,mid,3743.0,0.22025447439739737,0.25978900212203254,-0.341558039188385,0.37768593430519104,0.7717588828275453,0.25822058085887456,0.8399679401549559,0.4293347582153353,0.6719209190488913,0.7700001001358032,0.547421854127705,0.6200000047683716,0.33021640395404755,0.38999998569488525,0.1907560780122896,0.23999999463558197,1
S3_fixed_85pct,B0_climatology,target_censoring,censored,2211.0,0.42084726703377234,0.48653562907108766,-0.6718387007713318,0.6718387007713318,0.9904040775140246,0.007456089785066435,1.0,1.0,0.014473089099954772,0.7699999809265137,0.0,0.6199999451637268,0.0,0.39000004529953003,0.0,0.24000000953674316,1
S3_fixed_85pct,B0_climatology,target_censoring,uncensored,7711.0,0.17118145297135906,0.20375501304804688,-0.26984819769859314,0.303337037563324,0.7338837682091816,0.23926348553190047,0.8308909350278822,0.2941252755803398,0.8391907664375567,0.7700001001358032,0.6901828556607444,0.619999885559082,0.44092854363895734,0.39000001549720764,0.2617040591362988,0.24000002443790436,1
S3_fixed_85pct,B0_climatology,target_wind_band,7-11,4703.0,0.100055800405888,0.1195683495277679,-0.173473060131073,0.1868574172258377,0.6984047070358734,0.15432888162682135,0.8603019349351477,0.015734637465447586,0.9997873697639804,0.7700000405311584,0.9842653625345524,0.6199999451637268,0.6670210503933659,0.3900000751018524,0.41250265787795026,0.24000002443790436,1
S3_fixed_85pct,B0_climatology,target_wind_band,<7,647.0,0.09107653207075099,0.10421021693971841,0.15091635286808014,0.15091635286808014,0.18116680147133754,0.09730951030353022,0.0,0.0,0.893353941267388,0.7699999809265137,0.8129829984544049,0.6199999451637268,0.40494590417310666,0.39000004529953003,0.1205564142194745,0.23999999463558197,1
S3_fixed_85pct,B0_climatology,target_wind_band,>11,4572.0,0.37641831708555407,0.44119230605874327,-0.6229296326637268,0.6229296326637268,0.9726484895675501,0.03201247906288266,1.0,0.9634733158355205,0.26749781277340334,0.7700000405311584,0.03652668416447944,0.6199999451637268,0.00021872265966754156,0.39000001549720764,0.0,0.24000000953674316,1
S3_fixed_85pct,B0_persistence,all,all,9922.0,0.1371212576727543,0.12340913124519914,-0.019790323451161385,0.1371212601661682,0.5712557952025801,0.49489656661776105,0.5712557952025801,0.5712557952025801,0.0,0.0,0.0,0.0,0.0,0.0,0.0,0.0,1
S3_fixed_85pct,B0_persistence,history_censor_frac,"(0,0.3]",2252.0,0.1558392597800766,0.14025533319538588,0.007724315393716097,0.15583926439285278,0.49156305506216696,0.49992881289251173,0.49156305506216696,0.49156305506216696,0.0,0.0,0.0,0.0,0.0,0.0,0.0,0.0,1
S3_fixed_85pct,B0_persistence,history_censor_frac,"(0.3,1]",2979.0,0.13165490895999923,0.11848941756879455,-0.061865635216236115,0.13165491819381714,0.7183618663981202,0.44979783825973363,0.7183618663981202,0.7183618663981202,0.0,0.0,0.0,0.0,0.0,0.0,0.0,0.0,1
S3_fixed_85pct,B0_persistence,history_censor_frac,0,4691.0,0.13160672176774632,0.1184460488001317,-0.006279472261667252,0.13160672783851624,0.5160946493285014,0.4997408951276577,0.5160946493285014,0.5160946493285014,0.0,0.0,0.0,0.0,0.0,0.0,0.0,0.0,1
S3_fixed_85pct,B0_persistence,target_cap_tertile,low,6179.0,0.14267288473906362,0.12840559560372078,-0.0406891293823719,0.14267289638519287,0.6306845767923612,0.48261945815373153,0.6306845767923612,0.6306845767923612,0.0,0.0,0.0,0.0,0.0,0.0,0.0,0.0,1
S3_fixed_85pct,B0_persistence,target_cap_tertile,mid,3743.0,0.12795654924563027,0.11516089366269706,0.014709734357893467,0.1279565393924713,0.4731498797755811,0.499278550554632,0.4731498797755811,0.4731498797755811,0.0,0.0,0.0,0.0,0.0,0.0,0.0,0.0,1
S3_fixed_85pct,B0_persistence,target_censoring,censored,2211.0,0.1546541569979414,0.13918874084625993,-0.15345077216625214,0.15465417504310608,0.9859791949344188,0.1175764521105062,0.9859791949344188,0.9859791949344188,0.0,0.0,0.0,0.0,0.0,0.0,0.0,0.0,1
S3_fixed_85pct,B0_persistence,target_censoring,uncensored,7711.0,0.13209399267366356,0.11888459268626443,0.018534565344452858,0.13209399580955505,0.45234081182725977,0.4977234189614904,0.45234081182725977,0.45234081182725977,0.0,0.0,0.0,0.0,0.0,0.0,0.0,0.0,1
S3_fixed_85pct,B0_persistence,target_wind_band,7-11,4703.0,0.13966859741856855,0.12570173679521282,0.03668028861284256,0.13966859877109528,0.4367425047841803,0.49598234776957595,0.4367425047841803,0.4367425047841803,0.0,0.0,0.0,0.0,0.0,0.0,0.0,0.0,1
S3_fixed_85pct,B0_persistence,target_wind_band,<7,647.0,0.15335979131000027,0.13802381152865784,0.1410483717918396,0.1533597856760025,0.160741885625966,0.3672927059327136,0.160741885625966,0.160741885625966,0.0,0.0,0.0,0.0,0.0,0.0,0.0,0.0,1
S3_fixed_85pct,B0_persistence,target_wind_band,>11,4572.0,0.1322029571286024,0.11898266098161381,-0.10063982754945755,0.13220295310020447,0.7677165354330708,0.42228883084414304,0.7677165354330708,0.7677165354330708,0.0,0.0,0.0,0.0,0.0,0.0,0.0,0.0,1
S3_fixed_85pct,B1,all,all,9922.0,0.08400257831826849,0.09639043906904692,-0.0478150375187397,0.13591878712177277,0.5984273725162449,0.29933853155137685,0.6336424108042733,0.21023987099375124,0.834468857085265,0.4857048988342285,0.713263454948599,0.3805388033390045,0.5199758113283612,0.25243962109088897,0.34091916952227375,0.15845738351345062,5
S3_fixed_85pct,B1,history_censor_frac,"(0,0.3]",2252.0,0.0919750764835328,0.10480265450731559,-0.03393358327448368,0.14608404338359832,0.5616568984188863,0.31194330958020017,0.5569271758436944,0.20905861456483127,0.8150088809946714,0.516261076927185,0.7036412078152753,0.4028570353984833,0.5173179396092362,0.26710033416748047,0.3494671403197158,0.16734458208084108,5
S3_fixed_85pct,B1,history_censor_frac,"(0.3,1]",2979.0,0.08440994071674456,0.09769487583554548,-0.08906819671392441,0.1391072615981102,0.7092084259661927,0.26077121437531015,0.7898623699227929,0.31910036925142665,0.7984558576703592,0.4745552003383636,0.6444444444444445,0.37532193064689634,0.4435716683450822,0.25433567464351653,0.28022826451829475,0.1622739315032959,5
S3_fixed_85pct,B1,history_censor_frac,0,4691.0,0.07991654155569429,0.09152362468098892,-0.02828143797814846,0.12901394665241242,0.5457286621005248,0.29692367132494685,0.5712641227883181,0.14167554892347048,0.8666808782775528,0.47811638116836547,0.7615860157748882,0.3731374979019165,0.5697719036452782,0.24419738352298737,0.3753570667235131,0.15176721811294555,5
S3_fixed_85pct,B1,target_cap_tertile,low,6179.0,0.08795030763031239,0.1009791396152658,-0.0707721546292305,0.14268620908260346,0.637927163140548,0.2931355480519035,0.6860009710309111,0.2516912121702541,0.815471759184334,0.4897375047206879,0.687716458973944,0.38333580493927,0.49050008091924263,0.25480239391326903,0.31636187085288886,0.16031267642974853,5
S3_fixed_85pct,B1,target_cap_tertile,mid,3743.0,0.07748560812881636,0.08881534404497894,-0.009917092137038707,0.12474702596664429,0.5332205314081584,0.29802102551470905,0.5472081218274112,0.14181138124499065,0.8658295484905156,0.47904781699180604,0.7554368153887256,0.37592144012451173,0.5686347849318729,0.24853912889957427,0.3814587229495058,0.15539460480213166,5
S3_fixed_85pct,B1,target_censoring,censored,2211.0,0.11150131699629548,0.12781586273383244,-0.1751647561788559,0.1792621284723282,0.8441494032032807,0.16434266201365028,0.9434644957033017,0.5301673450927182,0.6506558118498418,0.4747272491455078,0.4693803708729082,0.37574400901794436,0.2858435097241067,0.25471730828285216,0.1681592039800995,0.16256535947322845,5
S3_fixed_85pct,B1,target_censoring,uncensored,7711.0,0.07611777592984705,0.08737972557885879,-0.011299640685319901,0.12349081337451935,0.5279706989526299,0.2918418342387592,0.5448061211256647,0.11850603034625859,0.8871741667747374,0.4888525366783142,0.7831928413954092,0.38191362619400027,0.5871093243418493,0.251786532998085,0.39045519387887434,0.15727947652339935,5
S3_fixed_85pct,B1,target_wind_band,7-11,4703.0,0.07173883133492025,0.08246802797332639,0.010279035288840532,0.11687197685241699,0.4910647672062277,0.2696426529197483,0.4967467573889007,0.062088028917712104,0.9364660854773549,0.5046128094196319,0.8503933659366363,0.3941594839096069,0.652902402721667,0.2592655658721924,0.44439719328088456,0.1615509271621704,5
S3_fixed_85pct,B1,target_wind_band,<7,647.0,0.09678813955290286,0.10969621470517679,0.14965826272964478,0.15137199461460113,0.15709278424802386,0.15902361061235112,0.04853168469860897,0.0,0.6540958268933539,0.4194930553436279,0.4908809891808346,0.32285008430480955,0.30695517774343123,0.20822874903678895,0.18423493044822256,0.12840185612440108,5
S3_fixed_85pct,B1,target_wind_band,>11,4572.0,0.0948083840802716,0.10882881670391083,-0.135518816113472,0.15332450568675995,0.7713210320487364,0.21534385977167977,0.8572615923009623,0.39238845144356954,0.755074365704287,0.47562509775161743,0.6036745406824148,0.37469159364700316,0.41338582677165353,0.2516745388507843,0.2566491688538933,0.15952844321727752,5
S3_fixed_85pct,B2_recon,all,all,9922.0,0.07500807597778544,0.08596855525575678,-0.0067573882639408115,0.12131512016057969,0.5282180827430107,0.30074966705409223,0.533078008466035,0.15470671235637976,0.8417859302559968,0.46274198293685914,0.7479540415238863,0.3615535020828247,0.5686958274541423,0.2368613064289093,0.37950010078613183,0.14691233336925508,5
S3_fixed_85pct,B2_recon,history_censor_frac,"(0,0.3]",2252.0,0.0863506350727077,0.09949088391213934,0.00024137309519574047,0.14160436391830444,0.5115272175357287,0.30619367386139296,0.5021314387211369,0.1455595026642984,0.8459147424511546,0.5304085373878479,0.7492895204262877,0.42068474292755126,0.5465364120781528,0.28028862476348876,0.3646536412078153,0.17588188350200654,5
S3_fixed_85pct,B2_recon,history_censor_frac,"(0.3,1]",2979.0,0.06046854465749376,0.06879258455622003,0.01457128133624792,0.09580484926700591,0.5267376046394023,0.3049100668189409,0.5129237999328634,0.19241356159785164,0.7943605236656597,0.37181872725486753,0.7159449479691171,0.287346088886261,0.5659617321248741,0.18528163135051728,0.38093319906008727,0.11294596195220948,5
S3_fixed_85pct,B2_recon,history_censor_frac,0,4691.0,0.07879614264190482,0.09038444367608217,-0.02366195507347584,0.12777509093284606,0.537171008071821,0.29492163124682913,0.5607333191217225,0.13515241952675336,0.8699211255595822,0.48799787163734437,0.7676401620123642,0.3802916407585144,0.5810701342997229,0.24876870810985566,0.3857173310594756,0.1545751452445984,5
S3_fixed_85pct,B2_recon,target_cap_tertile,low,6179.0,0.07567054179238873,0.08657406459411379,-0.016207661479711533,0.12191054224967957,0.5455541894575183,0.30182034720856893,0.5569509629389869,0.1711280142417867,0.8332416248583913,0.45798251032829285,0.7413173652694611,0.3568888247013092,0.558148567729406,0.23284770548343658,0.3699304094513675,0.1442201018333435,5
S3_fixed_85pct,B2_recon,target_cap_tertile,mid,3743.0,0.07391446757050953,0.0849689714455222,0.008843261329457165,0.12033218294382095,0.49959938026132733,0.296747949185795,0.4936681806037938,0.1275981832754475,0.8558909965268502,0.47059898972511294,0.7589099652685012,0.369254070520401,0.5861074004808977,0.24348703026771545,0.3952978893935346,0.15135667622089385,5
S3_fixed_85pct,B2_recon,target_censoring,censored,2211.0,0.06339155378659209,0.07191688577926984,-0.07817878127098084,0.09960091859102249,0.682944451269545,0.27100910895569563,0.7151515151515151,0.34319312528267754,0.729262777023971,0.37361283898353576,0.647037539574853,0.2871904134750366,0.498869289914066,0.18355223834514617,0.3393939393939394,0.11195296198129653,5
S3_fixed_85pct,B2_recon,target_censoring,uncensored,7711.0,0.07833891900264972,0.08999763594730295,0.013721497915685176,0.12754130363464355,0.4838528900556594,0.29403138807700663,0.4808714822980158,0.10066139281545843,0.8740500583581896,0.4882982671260834,0.7768901569186876,0.38287587761878966,0.5887174166774738,0.252146789431572,0.3909998703151342,0.1569363296031952,5
S3_fixed_85pct,B2_recon,target_wind_band,7-11,4703.0,0.07959784793788491,0.09146330898331825,0.02800261713564396,0.12960669100284578,0.46806746874466443,0.2781805479231608,0.46591537316606424,0.05957899213268127,0.9162236870082925,0.5170733571052551,0.8250903678503082,0.4054118633270264,0.6252604720391239,0.2668492436408997,0.41862640867531364,0.16635849475860595,5
S3_fixed_85pct,B2_recon,target_wind_band,<7,647.0,0.09808003421746184,0.11097980224757328,0.15054851770401,0.1526562362909317,0.16251953958378448,0.16524322898822086,0.05811437403400309,0.0,0.6556414219474498,0.42614527940750124,0.500772797527048,0.3274528682231903,0.3125193199381762,0.2114219456911087,0.19598145285935084,0.13022565394639968,5
S3_fixed_85pct,B2_recon,target_wind_band,>11,4572.0,0.06702179983836759,0.07677693154962666,-0.06477427929639816,0.10835078060626983,0.6418434753629239,0.2776822902525805,0.6693788276465442,0.2744531933508311,0.7915573053368329,0.41203281879425047,0.7035870516185476,0.32126421928405763,0.5467629046369205,0.20961416959762574,0.3652230971128609,0.12927034199237825,5
S3_fixed_85pct,B4,all,all,9922.0,0.09018143593370316,0.09999634925463818,-0.03645442128181457,0.13348114490509033,0.6049062446517813,0.32437420574399617,0.616045152187059,0.2955452529731909,0.7296915944366055,0.44008123874664307,0.6148760330578512,0.3325986862182617,0.45414231001814154,0.21544144451618194,0.30231808103204993,0.1333870232105255,5
S3_fixed_85pct,B4,history_censor_frac,"(0,0.3]",2252.0,0.09257342108197801,0.10439928967299186,-0.012233757600188255,0.1444299876689911,0.5449012791087127,0.3217595573529312,0.5290408525754884,0.21989342806394316,0.7674067495559502,0.4879973351955414,0.6809058614564831,0.38739611506462096,0.5079040852575488,0.26398934721946715,0.3465364120781528,0.16696981191635132,5
S3_fixed_85pct,B4,history_censor_frac,"(0.3,1]",2979.0,0.10530872133027602,0.11089710400016876,-0.07225179821252822,0.13344883918762207,0.7516404005305758,0.3222747426718543,0.7605908022826452,0.6052366565961732,0.4798925814031554,0.3362766206264496,0.32621685129238,0.2185814082622528,0.21899966431688486,0.12565156817436218,0.13991272239006378,0.07376905977725982,5
S3_fixed_85pct,B4,history_censor_frac,0,4691.0,0.07942660034421146,0.09096015863236828,-0.0253490149974823,0.1282454788684845,0.5405298072269384,0.2953155937075359,0.5660200383713494,0.13519505435941165,0.8702195693881901,0.4829989194869995,0.7664890215305904,0.3786983609199524,0.5776593476870604,0.24915582835674285,0.3842251119164357,0.1551251381635666,5
S3_fixed_85pct,B4,target_cap_tertile,low,6179.0,0.09724838077658533,0.1064903783948895,-0.05572408139705658,0.1393270045518875,0.6484796478860047,0.3284599819081464,0.662145978313643,0.3779899660139181,0.6614986243728759,0.4219530761241913,0.5421912930894968,0.3113698124885559,0.39048389707072345,0.1984919935464859,0.25793817769865673,0.12205470651388169,5
S3_fixed_85pct,B4,target_cap_tertile,mid,3743.0,0.07851521841188405,0.08927590948503814,-0.004643779341131448,0.12383072823286057,0.5329746233361876,0.30407276381626697,0.5399412236174191,0.1594442960192359,0.8422655623831151,0.47000747323036196,0.7348650814854395,0.36764360666275026,0.559230563718942,0.24342184662818908,0.375581084691424,0.1520945817232132,5
S3_fixed_85pct,B4,target_censoring,censored,2211.0,0.13448665181616315,0.1400102993058264,-0.1649720698595047,0.1659280925989151,0.9523218297774798,0.08594509496001049,0.9884215287200362,0.9102668475802804,0.24405246494798732,0.32382180690765383,0.08937132519222071,0.20779377222061157,0.032021709633649934,0.11875894367694854,0.015829941203075532,0.06950430646538734,5
S3_fixed_85pct,B4,target_censoring,uncensored,7711.0,0.07747765791319751,0.08852301978204355,0.00039586180355399847,0.12417753189802169,0.5052906489167379,0.29780756578770406,0.5092724679029959,0.11928413954091557,0.8689404746466087,0.4734166920185089,0.7655556996498509,0.36838437914848327,0.5751783166904423,0.24316352605819702,0.38446375308001557,0.15170433521270751,5
S3_fixed_85pct,B4,target_wind_band,7-11,4703.0,0.07577724573306396,0.08709465541588039,0.020684310421347617,0.12345406413078308,0.47439903105496145,0.27548676730647126,0.4736976398043802,0.06017435679353604,0.9230278545609185,0.500570285320282,0.832489900063789,0.3921182334423065,0.6342334679991495,0.25930086970329286,0.42887518605145647,0.16179332733154297,5
S3_fixed_85pct,B4,target_wind_band,<7,647.0,0.09840441393209665,0.1113572410251434,0.1515686184167862,0.15347948670387268,0.15863338975571636,0.1630375191349684,0.05564142194744977,0.0,0.6540958268933539,0.4235208868980408,0.48964451313755797,0.326336932182312,0.30695517774343123,0.21120866537094116,0.1901081916537867,0.13030911833047867,5
S3_fixed_85pct,B4,target_wind_band,>11,4572.0,0.10383468172299573,0.11165999080060515,-0.1218381330370903,0.14096550047397613,0.8023064989526556,0.24820718038782,0.8417760279965003,0.5794838145231846,0.5415135608048993,0.38020253777503965,0.40874890638670164,0.2722598433494568,0.2897200349956256,0.17092432379722594,0.18801399825021872,0.10460237115621566,5
S3_fixed_85pct,B4_plain,all,all,9922.0,0.08786783258699488,0.09949230017580116,-0.043749721348285676,0.1369258791208267,0.6119640555670671,0.320175624006304,0.6345091715379964,0.2811529933481153,0.7603910501914937,0.4452517628669739,0.6298528522475306,0.33952146768569946,0.4486393872203185,0.2196924090385437,0.2824228986091514,0.131878462433815,5
S3_fixed_85pct,B4_plain,history_censor_frac,"(0,0.3]",2252.0,0.09118292298255617,0.1042139794337991,-0.015715107135474683,0.14738162159919738,0.5477330569715135,0.3193834070545183,0.5445825932504441,0.21216696269982238,0.7968028419182949,0.4976403295993805,0.6872113676731794,0.3908161997795105,0.5051509769094139,0.2661234438419342,0.33703374777975137,0.16788988411426545,5
S3_fixed_85pct,B4_plain,history_censor_frac,"(0.3,1]",2979.0,0.09669445707638112,0.10667602177512818,-0.07919775247573853,0.1377488672733307,0.7481315544844297,0.3071683810433946,0.7782477341389729,0.5314535078885532,0.5877139979859013,0.3577146828174591,0.40187982544478007,0.2495911478996277,0.2438402148371937,0.14569923132658005,0.1260154414232964,0.07527761906385422,5
S3_fixed_85pct,B4_plain,history_censor_frac,0,4691.0,0.08067105195926397,0.09266357957605556,-0.03469712510704994,0.1313837707042694,0.5563267137555906,0.3011297045178646,0.5863994883820081,0.15531869537412066,0.8525687486676615,0.47569175362586974,0.7470901726710724,0.3720064103603363,0.5515668301001918,0.24439137279987336,0.35553186953741206,0.15053465068340302,5
S3_fixed_85pct,B4_plain,target_cap_tertile,low,6179.0,0.09191420103401744,0.10328124117232537,-0.05764801427721977,0.14016552567481994,0.6438615785389786,0.3174090687322952,0.6681987376598155,0.3313157468846092,0.7289205373037708,0.44137465953826904,0.5944651238064412,0.3329671502113342,0.4186114257970545,0.2129768520593643,0.26195177213141285,0.12679722160100937,5
S3_fixed_85pct,B4_plain,target_cap_tertile,mid,3743.0,0.08118802744829531,0.09323746009631326,-0.02080621160566807,0.13157781660556794,0.5593071508266341,0.31747754405671036,0.5788939353459791,0.1983435746727224,0.8123430403419716,0.4516521513462067,0.6882714400213732,0.35034143924713135,0.4982099919850388,0.23077851831912993,0.3162169382847983,0.14026663899421693,5
S3_fixed_85pct,B4_plain,target_censoring,censored,2211.0,0.11931340964738497,0.13089586090171051,-0.1677671879529953,0.16809427440166474,0.9305086410426318,0.07338247956429524,0.9964721845318861,0.779828132066938,0.42596110357304384,0.3597621023654938,0.22017186793306198,0.2511859029531479,0.08629579375848033,0.14792493134737014,0.018091361374943465,0.07782723307609558,5
S3_fixed_85pct,B4_plain,target_censoring,uncensored,7711.0,0.07885134044842368,0.09048785551687422,-0.008189793955534697,0.127988862991333,0.5206267350526755,0.30450077644731116,0.5307223447023732,0.13816625599792504,0.8562832317468552,0.4697644948959351,0.7473220075217222,0.36485021710395815,0.552535339125924,0.2402705192565918,0.35821553624692,0.14737674593925476,5
S3_fixed_85pct,B4_plain,target_wind_band,7-11,4703.0,0.07544162092101073,0.08669712633105167,0.018239912576973438,0.1228844940662384,0.4761555858139226,0.2773765151054442,0.475228577503721,0.06213055496491602,0.9185626196045078,0.4984120845794678,0.8291728683818839,0.3900646448135376,0.6323197958749734,0.25727961361408236,0.42168828407399533,0.159490966796875,5
S3_fixed_85pct,B4_plain,target_wind_band,<7,647.0,0.09933487290237243,0.11239915613057769,0.15343878269195557,0.1549440801143646,0.1521399151481412,0.15253931099862497,0.033075734157650694,0.0,0.6531684698608965,0.4271499335765839,0.49397217928902626,0.32803399562835694,0.29953632148377124,0.21087172329425813,0.17712519319938175,0.12979906797409058,5
S3_fixed_85pct,B4_plain,target_wind_band,>11,4572.0,0.09902734666859465,0.11082759474909869,-0.13542037606239318,0.14881975948810577,0.816735151826928,0.22140024979126335,0.8834645669291339,0.5462379702537182,0.6128608923884514,0.39312992095947263,0.4440507436570429,0.2891557514667511,0.2807961504811899,0.1822764664888382,0.1540682414698163,0.10376903712749481,5
S3_fixed_85pct,B6,all,all,9922.0,0.07474286012783102,0.08579045831015158,-0.005248216446489096,0.12135508954524994,0.5266387293496863,0.2925537904501678,0.5377947994355977,0.12215279177585163,0.879258214069744,0.4741483449935913,0.7839145333602096,0.3715432405471802,0.5857085265067526,0.24334084689617158,0.39098971981455355,0.15113506615161895,5
S3_fixed_85pct,B6,history_censor_frac,"(0,0.3]",2252.0,0.08602217847293617,0.09930486156579306,0.0017795604653656483,0.14173254370689392,0.5065149926952639,0.2975627688558757,0.5015097690941385,0.1119005328596803,0.8779751332149199,0.5461829423904419,0.7867673179396093,0.4338756620883942,0.5646536412078154,0.2892957329750061,0.37708703374777974,0.18198756575584413,5
S3_fixed_85pct,B6,history_censor_frac,"(0.3,1]",2979.0,0.05996233702259912,0.06837109319478114,0.016823717253282668,0.09553827941417695,0.529249088753575,0.2863252779074096,0.5299093655589123,0.12541121181604564,0.8776099362202082,0.39465994834899903,0.7938234306814367,0.30866397023200987,0.6050352467270896,0.19947564601898193,0.4116817724068479,0.12234374135732651,5
S3_fixed_85pct,B6,history_censor_frac,0,4691.0,0.07871432749455645,0.09036471807288532,-0.022638718225061895,0.1279673844575882,0.5346417978386171,0.2934558191407964,0.5602217011298231,0.1250053293540823,0.8809209123854188,0.4900456190109253,0.776252398209337,0.3815506279468536,0.5835429545939033,0.2491357982158661,0.3845235557450437,0.15460754930973053,5
S3_fixed_85pct,B6,target_cap_tertile,low,6179.0,0.07519303258091843,0.0861556816986848,-0.014651097648311406,0.12158627361059189,0.5449113930178542,0.2918701997565187,0.5621621621621621,0.13523223822625022,0.8769703835572098,0.4734643161296844,0.7822948697200195,0.3701479136943817,0.5804499109888331,0.241552996635437,0.3856611102120084,0.14970480799674987,5
S3_fixed_85pct,B6,target_cap_tertile,mid,3743.0,0.07399970875523494,0.0851875421151885,0.010274198837578297,0.12097345292568207,0.49647394473691336,0.29117010722043196,0.49756879508415713,0.10056104728827145,0.8830349986641732,0.4752775847911835,0.7865882981565588,0.3738466382026672,0.5943895271172857,0.24629226624965667,0.3997862676997061,0.1534961223602295,5
S3_fixed_85pct,B6,target_censoring,censored,2211.0,0.06193739523102746,0.07023589544771651,-0.07654150798916817,0.09680693000555038,0.6829033154427083,0.24125820937737358,0.7355042966983266,0.24568068747173225,0.8420624151967436,0.3989461660385132,0.7501582994120307,0.31012030243873595,0.5562189054726369,0.19900949597358703,0.3828132066938037,0.12153414636850357,5
S3_fixed_85pct,B6,target_censoring,uncensored,7711.0,0.07841461254474616,0.09025046848896677,0.01519394051283598,0.12839387059211732,0.48183247855839184,0.2904847203748727,0.4811049150564129,0.08673323823109844,0.8899234859291921,0.4957113146781921,0.7935935676306575,0.3891552329063416,0.5941641810400726,0.2560521334409714,0.3933341978991052,0.15962262451648712,5
S3_fixed_85pct,B6,target_wind_band,7-11,4703.0,0.07974770479054748,0.09172844208946959,0.028767235204577447,0.130246365070343,0.4683346285192627,0.27798857627277906,0.4671911545821816,0.05868594514139911,0.9180948330852647,0.5236342787742615,0.8267914097384648,0.41009569764137266,0.6251754199447161,0.2694794714450836,0.4176483095896236,0.16791367530822754,5
S3_fixed_85pct,B6,target_wind_band,<7,647.0,0.09830261161824375,0.1111582653410653,0.1502857804298401,0.15265631079673767,0.16481749013481334,0.16840045938515708,0.06027820710973725,0.0,0.6596599690880989,0.42911900877952575,0.500772797527048,0.32928593158721925,0.31839258114374036,0.21251623332500458,0.2034003091190108,0.13089334964752197,5
S3_fixed_85pct,B6,target_wind_band,>11,4572.0,0.06626058898543105,0.07609244674778637,-0.06224847063422203,0.10777951329946518,0.637816010184661,0.26020999434974124,0.6779965004374453,0.2047244094488189,0.8703849518810148,0.42961679100990297,0.7798775153105861,0.33786613345146177,0.5829396325459317,0.22081539332866668,0.3901137357830271,0.13674016296863556,5
S3_fixed_85pct,BQR,all,all,9922.0,0.08305093344065198,0.09220570370187989,-0.044702062755823134,0.1348060190677643,0.5974150443262399,0.30746008621299364,0.6319088893368272,0.2187260632936908,0.8590002015722635,0.48819389939308167,0.6994355976617618,0.37463353872299193,0.49875025196532957,0.2412828028202057,0.31273936706309213,0.1446380525827408,5
S3_fixed_85pct,BQR,history_censor_frac,"(0,0.3]",2252.0,0.09138233689541661,0.10107419438680987,-0.022106670215725897,0.14752834141254426,0.5417192979847537,0.31728677979576353,0.5462699822380106,0.17797513321492006,0.8455595026642984,0.5259383857250214,0.7180284191829485,0.40549411773681643,0.5063055062166962,0.262579745054245,0.3261101243339254,0.1589380294084549,5
S3_fixed_85pct,BQR,history_censor_frac,"(0.3,1]",2979.0,0.08456117777305787,0.09516306623003405,-0.08955073356628418,0.1392347514629364,0.7324309470218087,0.2783338871400326,0.7954347096341053,0.40745216515609267,0.8279288351795906,0.4545025885105133,0.5446122860020142,0.33575001955032346,0.3337361530715005,0.20951997935771943,0.19221215172876804,0.12288461327552795,5
S3_fixed_85pct,BQR,history_censor_frac,0,4691.0,0.07809221708030938,0.08607016245399382,-0.027068432420492172,0.12588599026203157,0.5384115155756382,0.2927679481116027,0.5691750159880622,0.11843956512470688,0.8851843956512472,0.49146947264671326,0.7888296738435302,0.3845111668109894,0.5999147303346835,0.25122967958450315,0.38286079727137073,0.15158753097057343,5
S3_fixed_85pct,BQR,target_cap_tertile,low,6179.0,0.0868816506660791,0.09667715267254348,-0.0629932664334774,0.1413540720939636,0.6368562931956001,0.3091338398848894,0.6734099368829909,0.28082213950477425,0.8381291471111829,0.48420136570930483,0.6502670335005665,0.36789325475692747,0.4413011814209419,0.23446200489997865,0.2701084317850785,0.13954941630363465,5
S3_fixed_85pct,BQR,target_cap_tertile,mid,3743.0,0.07672712854193058,0.08482416932043976,-0.014506675000302494,0.123996402323246,0.532304844816815,0.2932124049606283,0.5633983435746728,0.11621693828479829,0.8934544483034997,0.4947847783565521,0.7806037937483302,0.3857604920864105,0.5935880309911836,0.25254266858100893,0.3831151482767833,0.1530384749174118,5
S3_fixed_85pct,BQR,target_censoring,censored,2211.0,0.1090797917173492,0.12305518716167993,-0.17870094776153564,0.17945702075958253,0.8987130971407284,0.10443566157283315,0.9885119855269109,0.6445952057892356,0.7227498869289913,0.45390394926071165,0.3554047942107644,0.33456398248672486,0.13233830845771144,0.20772038400173187,0.05011307100859339,0.12224561721086502,5
S3_fixed_85pct,BQR,target_censoring,uncensored,7711.0,0.07558759461951625,0.08336013141169471,-0.006280130473896861,0.12200309336185455,0.511022877970017,0.29139426226450704,0.5296589288030087,0.09661522500324213,0.8980676954999351,0.4980259478092194,0.7980806639865128,0.3861228108406067,0.6038127350538193,0.2509062647819519,0.3880430553754377,0.15105871558189393,5
S3_fixed_85pct,BQR,target_wind_band,7-11,4703.0,0.07243722171619513,0.07984246084511411,0.0184278916567564,0.11726447492837906,0.47035147563463775,0.27623471209418665,0.46557516478843286,0.058515840952583456,0.9238783755049969,0.5110541522502899,0.8376355517754626,0.3961782336235046,0.6410376355517755,0.2575820803642273,0.4160748458430789,0.15467013120651246,5
S3_fixed_85pct,BQR,target_wind_band,<7,647.0,0.0988514636351023,0.10751381316072835,0.15288116037845612,0.15461061894893646,0.15103106494091803,0.16467605150271603,0.05378670788253477,0.0,0.6565687789799073,0.4151302456855774,0.5100463678516228,0.3216705620288849,0.3072642967542504,0.20815552473068238,0.17341576506955175,0.12411016076803208,5
S3_fixed_85pct,BQR,target_wind_band,>11,4572.0,0.09173276703739547,0.1027568813780598,-0.13760156333446502,0.15004755258560182,0.7912887097284507,0.2001697170727184,0.8848206474190725,0.41447944006999127,0.820909886264217,0.4750180780887604,0.584076990376203,0.35996652245521543,0.3794838145231846,0.22920448184013367,0.22615923009623798,0.1372235119342804,5
S3_fixed_85pct,BT,all,all,9922.0,0.07684781308177198,0.08807730327978325,-0.008506031706929207,0.12388541400432587,0.5134318140105135,0.27078569467212993,0.5195525095746825,0.09467849223946785,0.9125781092521669,0.5005081355571747,0.8315057448095142,0.39951297640800476,0.6570852650675267,0.27002134919166565,0.46325337633541624,0.17140355706214905,5
S3_fixed_85pct,BT,history_censor_frac,"(0,0.3]",2252.0,0.08820493082907944,0.10160843395073207,0.00018542041070759296,0.1443173110485077,0.4980955597808072,0.28298106971549075,0.4932504440497336,0.09547069271758438,0.9065719360568384,0.5732868432998657,0.8157193605683837,0.4565532922744751,0.611190053285968,0.30544314384460447,0.4172291296625222,0.1916243314743042,5
S3_fixed_85pct,BT,history_censor_frac,"(0.3,1]",2979.0,0.0658305704943178,0.07554445867645983,0.004950592620298266,0.10597334057092667,0.48943645330960006,0.23572683024799726,0.48593487747566294,0.04665995300436388,0.9422625041960389,0.4428075909614563,0.884055052030883,0.3637105882167816,0.7599865726753945,0.2567458480596542,0.5748909029875797,0.16851961612701416,5
S3_fixed_85pct,BT,history_censor_frac,0,4691.0,0.0783920758191605,0.08954036825576357,-0.021224095672369003,0.12545170187950133,0.5360324160257169,0.2832151618771098,0.5535280324024728,0.12479215519079087,0.8966105308036665,0.5022118926048279,0.8057130675762098,0.3948659062385559,0.613771050948625,0.261447012424469,0.4144532082711575,0.16352761089801787,5
S3_fixed_85pct,BT,target_cap_tertile,low,6179.0,0.07804489664101576,0.08941427086902994,-0.01253749281167984,0.12612109780311584,0.518850491189001,0.2698668938867092,0.5170415924906943,0.10082537627447807,0.9092733452014888,0.502933144569397,0.8344715973458487,0.4015468418598175,0.6620165075254896,0.27207604646682737,0.4634083184981389,0.17330409288406373,5
S3_fixed_85pct,BT,target_cap_tertile,mid,3743.0,0.07487164976022045,0.0858702173236103,-0.0018508363980799913,0.12019472867250443,0.5044865812330959,0.2720082202215793,0.5236975687950841,0.0845311247662303,0.9180336628372963,0.49650492072105407,0.8266096713865883,0.39615547060966494,0.6489446967672989,0.26662942171096804,0.46299759551162173,0.16826609671115875,5
S3_fixed_85pct,BT,target_censoring,censored,2211.0,0.07238370598353233,0.08302141943104427,-0.08092867881059647,0.11673280447721482,0.6116649307239844,0.21913415808683095,0.6419719583898689,0.13876074174581637,0.9226594301221167,0.4468402981758118,0.8597014925373134,0.3654780387878418,0.7352329262777024,0.25661416053771974,0.5554952510176391,0.16816913485527038,5
S3_fixed_85pct,BT,target_censoring,uncensored,7711.0,0.07812782096586066,0.08952699322785249,0.01225994834676385,0.12593630999326705,0.48526511435372655,0.2772962848589054,0.48445078459343793,0.0820386460900013,0.9096874594734794,0.5158964991569519,0.8234210867591752,0.4092719316482544,0.6346777331085462,0.2738656520843506,0.4368045649072753,0.17233096957206726,5
S3_fixed_85pct,BT,target_wind_band,7-11,4703.0,0.0768263754206162,0.0876250874662107,0.03351186513900757,0.12237608432769775,0.45992431430533787,0.2704302168419569,0.43504146289602386,0.06468211779715075,0.9155857963002338,0.536184561252594,0.8368275568785881,0.42105549573898315,0.6509462045502871,0.2783032119274139,0.44448224537529235,0.1738566905260086,5
S3_fixed_85pct,BT,target_wind_band,<7,647.0,0.09833922010099364,0.11460839118709143,0.16533986628055572,0.166830438375473,0.18046044450338616,0.14551823137093328,0.04544049459041731,0.0003091190108191654,0.82225656877898,0.4439690887928009,0.6469860896445131,0.34630913138389585,0.3437403400309119,0.22733848690986633,0.17897990726429674,0.14180215895175935,5
S3_fixed_85pct,BT,target_wind_band,>11,4572.0,0.07382853945512699,0.08478796756132378,-0.076329405605793,0.11936069279909134,0.6155924105075721,0.22707743984602669,0.6735783027121609,0.1388888888888889,0.9222659667541556,0.4718105554580688,0.852143482064742,0.38488229513168337,0.707742782152231,0.2675423860549927,0.5227909011373578,0.17306910455226898,5
S3_fixed_85pct,CLQR,all,all,9922.0,0.07869279061220143,0.08700831371197124,-0.03240817403420806,0.1274920105934143,0.5557956085674942,0.28626935255601804,0.5963716992541827,0.1276758718000403,0.8966135859705705,0.49639391899108887,0.7907478330981657,0.3869792461395264,0.5963112275750857,0.25310336947441103,0.39510179399314654,0.15531368553638458,5
S3_fixed_85pct,CLQR,history_censor_frac,"(0,0.3]",2252.0,0.08968920692119939,0.09921592014412467,-0.021566585497930647,0.1454209417104721,0.5301538133753553,0.3031150786619317,0.5399644760213144,0.1447602131438721,0.8742451154529307,0.5404109477996826,0.7578152753108348,0.4186628460884094,0.5518650088809947,0.273064124584198,0.3733570159857904,0.16840409338474274,5
S3_fixed_85pct,CLQR,history_censor_frac,"(0.3,1]",2979.0,0.07085745217764425,0.07876525335861967,-0.045256692077964546,0.11608804911375045,0.5965520108162219,0.25645662108235395,0.6753944276602887,0.12091305807317891,0.9336018798254448,0.47192937731742857,0.825243370258476,0.37251441478729247,0.6253105068815039,0.2404193639755249,0.42134944612286,0.14909119307994842,5
S3_fixed_85pct,CLQR,history_censor_frac,0,4691.0,0.07838955967395425,0.08638255099771516,-0.02945347912609577,0.12612694203853608,0.5422232360400455,0.2919377774870486,0.5732679599232573,0.12376891920699211,0.8838627158388404,0.4907988369464874,0.7846514602430186,0.38095479607582095,0.5992325730121509,0.25157577097415923,0.38887230867618844,0.15298095643520354,5
S3_fixed_85pct,CLQR,target_cap_tertile,low,6179.0,0.08055814419940734,0.08918858383110431,-0.044447315856814384,0.1310830295085907,0.5777676508638862,0.2867411942979857,0.6216539893186599,0.14860009710309113,0.8913740087392782,0.49388631582260134,0.7807412202621784,0.3843251049518585,0.5751739763715811,0.24869449138641359,0.37394400388412363,0.15299126207828523,5
S3_fixed_85pct,CLQR,target_cap_tertile,mid,3743.0,0.07561343720174317,0.08340909141271305,-0.012533782422542572,0.12156390100717544,0.5195238347632183,0.2815812595228214,0.5546353192626235,0.09313384985305904,0.9052631578947368,0.500533539056778,0.807266898209992,0.3913607656955719,0.6312049158429067,0.26038160622119905,0.43002938819129044,0.15914756953716278,5
S3_fixed_85pct,CLQR,target_censoring,censored,2211.0,0.08661862672460344,0.09663874535719527,-0.12988204807043074,0.143031744658947,0.7323145690757946,0.19784222407191163,0.847037539574853,0.2648575305291723,0.8801447308909995,0.4689300775527954,0.7350520126639529,0.3698507070541382,0.5251922207146087,0.2375677853822708,0.34554500226142015,0.14875660836696625,5
S3_fixed_85pct,CLQR,target_censoring,uncensored,7711.0,0.07642018995800343,0.0842469488607729,-0.004459175560623407,0.12303625345230103,0.505181755411762,0.28667727022073114,0.5244974711451174,0.08834133056672286,0.9013357541174944,0.5042687118053436,0.8067176760472053,0.39189056754112245,0.6167034107119699,0.2575579404830933,0.4093113733627286,0.1571938157081604,5
S3_fixed_85pct,CLQR,target_wind_band,7-11,4703.0,0.0734804373673339,0.08103203391858979,0.016965247876942157,0.1187908560037613,0.4794627566793784,0.27763471788455774,0.4769296193918775,0.06366149266425686,0.9222623857112481,0.5132535696029663,0.835381671273655,0.39614973664283754,0.6375504996810546,0.25966556668281554,0.41849883053370185,0.15758951902389526,5
S3_fixed_85pct,CLQR,target_wind_band,<7,647.0,0.09726467481778338,0.10551757589757293,0.1495975524187088,0.1516623705625534,0.15540002100616182,0.1708456288882083,0.05502318392581144,0.0,0.6516228748068007,0.4105323076248169,0.5075734157650695,0.3146471202373505,0.317774343122102,0.20416657328605653,0.18918083462132923,0.1228196680545807,5
S3_fixed_85pct,CLQR,target_wind_band,>11,4572.0,0.08142631822147538,0.09053651826888036,-0.10895256102085113,0.133022041618824,0.6909770056764164,0.21604819593128025,0.7958442694663167,0.2115923009623797,0.9048993875765529,0.491201788187027,0.7849081364829396,0.3877819895744324,0.5933070866141732,0.25327836275100707,0.40017497812773406,0.15757097899913788,5
S3_fixed_85pct,ORACLE,all,all,9922.0,0.07486074786384794,0.08587434609006164,-0.008928523119539022,0.12132510840892792,0.5337472691832298,0.2924570440945163,0.5476919975811329,0.12465228784519251,0.8773634347913728,0.47756479382514955,0.7847208224148357,0.3739683449268341,0.5840959483975005,0.244346284866333,0.39115097762547874,0.15166238248348235,5
S3_fixed_85pct,ORACLE,history_censor_frac,"(0,0.3]",2252.0,0.08597938263764834,0.0991835391318581,-0.002865199861116707,0.14161563217639922,0.5136881171598321,0.2996643244461269,0.5094138543516873,0.12282415630550621,0.8706927175843694,0.5424564957618714,0.7796625222024867,0.43018917441368104,0.5597690941385436,0.28669093251228334,0.3790408525754885,0.18054085373878478,5
S3_fixed_85pct,ORACLE,history_censor_frac,"(0.3,1]",2979.0,0.060396433245583234,0.06879548695095486,0.010134893271606415,0.09580881595611572,0.5444571203923312,0.2831189031835971,0.5539442766028869,0.12440416247062773,0.8826451829472978,0.41235581040382385,0.8038939241356159,0.3226028740406036,0.607787848271232,0.20741388499736785,0.412621685129238,0.12705874890089036,5
S3_fixed_85pct,ORACLE,history_censor_frac,0,4691.0,0.07870854742411484,0.09033088385285709,-0.02394547574222088,0.12778829038143158,0.5365757841277572,0.29422692942415274,0.5620976337667875,0.1256874866766148,0.8772116819441484,0.4878230690956116,0.7749733532295886,0.37959795594215395,0.5807290556384566,0.24747175872325897,0.38332978043061183,0.15342315137386323,5
S3_fixed_85pct,ORACLE,target_cap_tertile,low,6179.0,0.07543181578438354,0.08640284101472792,-0.01909421179443598,0.12189172953367233,0.55374331647849,0.2911220086573918,0.5752387117656579,0.1396989804175433,0.8753519987052922,0.47840394973754885,0.7819064573555592,0.37399449944496155,0.5782165398931867,0.24371224641799927,0.38491665318012624,0.15106167197227477,5
S3_fixed_85pct,ORACLE,target_cap_tertile,mid,3743.0,0.07391802045775937,0.08500189881795024,0.00785314675886184,0.12038973271846772,0.5007374972790319,0.2916471616522881,0.502217472615549,0.09981298423724286,0.8806839433609405,0.47617953419685366,0.7893668180603794,0.3739251852035522,0.5938017632914774,0.24539299607276915,0.40144269302698365,0.15265402793884278,5
S3_fixed_85pct,ORACLE,target_censoring,censored,2211.0,0.0647819898603463,0.07335992361258828,-0.08288434296846389,0.10076963603496551,0.698059852966936,0.2359050587933226,0.7624604251469923,0.25508819538670285,0.831388511985527,0.4145400166511536,0.7406603346901854,0.3227471649646759,0.5391225689733152,0.20613930523395538,0.3692446856625961,0.12621528804302215,5
S3_fixed_85pct,ORACLE,target_censoring,uncensored,7711.0,0.07775066278353956,0.08946264697161961,0.012277068383991719,0.1272190511226654,0.48663338995280914,0.2899902605039978,0.48611075087537287,0.08725197769420309,0.8905459732849177,0.4956361174583435,0.7973544287381662,0.3886551558971405,0.5969913111139931,0.25530150830745696,0.3974322396576319,0.158958899974823,5
S3_fixed_85pct,ORACLE,target_wind_band,7-11,4703.0,0.07847870417001043,0.09038222429808386,0.026360685005784035,0.12861453592777253,0.47175111426950966,0.27694452146336107,0.46987029555602805,0.05953646608547736,0.9227301722304911,0.5211928725242615,0.8313416967892835,0.40804720520973203,0.6293429725706996,0.26810545921325685,0.4191367212417606,0.16688326597213746,5
S3_fixed_85pct,ORACLE,target_wind_band,<7,647.0,0.09844248498137896,0.11131603595746029,0.150678351521492,0.15286112129688262,0.16155637504024561,0.16615425597445402,0.056877897990726435,0.0,0.6547140649149923,0.42918082475662234,0.49366306027820717,0.3289304494857788,0.31190108191653787,0.21162596046924592,0.20123647604327669,0.13021329492330552,5
S3_fixed_85pct,ORACLE,target_wind_band,>11,4572.0,0.0678019918658329,0.0776369610164537,-0.06781539991497994,0.10936405807733536,0.6501898380961206,0.2561097108448611,0.6972003499562555,0.2092738407699038,0.8622047244094488,0.43953369855880736,0.7779527559055118,0.34528652429580686,0.5760717410323709,0.22453673779964448,0.38923884514435697,0.13904068768024444,5
S4_random_uniform,B0_climatology,all,all,9922.0,0.2518210717539043,0.2834012011919227,-0.35942700505256653,0.3854532539844513,0.8105958455389664,0.23883484008010844,0.8685748840959484,0.5412215279177586,0.5589598871195324,0.6599999666213989,0.44658335013102196,0.5199999809265137,0.28976012900624876,0.3400000035762787,0.16972384599879056,0.21000000834465027,1
S4_random_uniform,B0_climatology,history_censor_frac,"(0,0.3]",2471.0,0.19248979888292567,0.21914219912294802,-0.2731131911277771,0.30348625779151917,0.7558881717019367,0.24244896148070902,0.820720356131121,0.3982193443949818,0.7082152974504249,0.6599999666213989,0.5953055443140429,0.5199999809265137,0.4144071226224201,0.3399999439716339,0.254552812626467,0.21000000834465027,1
S4_random_uniform,B0_climatology,history_censor_frac,"(0.3,1]",4570.0,0.31888924143328057,0.35571872624023027,-0.46770724654197693,0.4767533838748932,0.8911195475439414,0.17258180287108874,0.9483588621444201,0.7024070021881839,0.39584245076586433,0.6600000262260437,0.29540481400437635,0.5199999809265137,0.17658643326039386,0.3399999737739563,0.09102844638949671,0.21000002324581146,1
S4_random_uniform,B0_climatology,history_censor_frac,0,2881.0,0.19632160623132128,0.22380137635390515,-0.2616974413394928,0.3109302222728729,0.7297868708387112,0.2817893382479776,0.7830614370010414,0.4081916001388407,0.6896910794862895,0.6599999666213989,0.5588337382853176,0.5199999809265137,0.3623741756334606,0.3399999439716339,0.22179798681013538,0.21000000834465027,1
S4_random_uniform,B0_climatology,target_cap_tertile,low,3310.0,0.25951621986452905,0.2911059278480518,-0.3741587698459625,0.39363130927085876,0.8239932105472151,0.22186806660703826,0.8848942598187312,0.5570996978851964,0.5359516616314199,0.6599999666213989,0.4377643504531722,0.5199999809265137,0.2957703927492447,0.3399999737739563,0.18036253776435046,0.21000000834465027,1
S4_random_uniform,B0_climatology,target_cap_tertile,mid,6612.0,0.24796884243657696,0.27954417680719995,-0.3520522117614746,0.381359338760376,0.8038890581558291,0.24661771276514216,0.8604053236539625,0.5332728372655777,0.5704779189352692,0.6599999666213989,0.45099818511796735,0.5199999809265137,0.2867513611615245,0.3399999737739563,0.16439806412583183,0.21000000834465027,1
S4_random_uniform,B0_climatology,target_censoring,censored,3551.0,0.3717616304537002,0.41327640309191993,-0.55060213804245,0.55060213804245,0.9502425725021011,0.07685929852455792,1.0,0.8400450577302169,0.25457617572514785,0.6599999666213989,0.15995494226978316,0.5199999809265137,0.069276260208392,0.3400000035762787,0.019994367783722895,0.21000002324581146,1
S4_random_uniform,B0_climatology,target_censoring,uncensored,6371.0,0.18496988293849453,0.21101274695445765,-0.25287187099456787,0.29340437054634094,0.7327610429261754,0.2619453732701086,0.7953225553288338,0.3746664573850259,0.7286140323340135,0.6599999666213989,0.6063412337152724,0.5199999809265137,0.41265107518442945,0.3399999439716339,0.25317846491916496,0.21000000834465027,1
S4_random_uniform,B0_climatology,target_wind_band,7-11,4703.0,0.10262249258938759,0.12366241092647579,-0.173473060131073,0.1868574172258377,0.7304551902993544,0.17097521967900464,0.8603019349351477,0.1701041888156496,0.9942589836274718,0.6599999666213989,0.8298958111843504,0.5199999809265137,0.5556028067191154,0.3399999439716339,0.3414841590474165,0.21000002324581146,1
S4_random_uniform,B0_climatology,target_wind_band,<7,647.0,0.083409865347919,0.09750427060011821,0.15091635286808014,0.15091635286808014,0.18116680147133754,0.09730951030353022,0.0,0.0,0.893353941267388,0.6600000262260437,0.8129829984544049,0.5199999809265137,0.40494590417310666,0.3399999737739563,0.1205564142194745,0.20999999344348907,1
S4_random_uniform,B0_climatology,target_wind_band,>11,4572.0,0.42912705783338684,0.4740238706388375,-0.6229296326637268,0.6229296326637268,0.98210548969987,0.017134525798556333,1.0,0.9995625546806649,0.06386701662292213,0.6600000262260437,0.0004374453193350831,0.5199999809265137,0.0,0.3399999737739563,0.0,0.21000002324581146,1
S4_random_uniform,B0_persistence,all,all,9922.0,0.18923788926211416,0.17031409907245035,-0.09595943242311478,0.18923787772655487,0.644728885305382,0.47859539253764405,0.644728885305382,0.644728885305382,0.0,0.0,0.0,0.0,0.0,0.0,0.0,0.0,1
S4_random_uniform,B0_persistence,history_censor_frac,"(0,0.3]",2471.0,0.15801114609931607,0.1422100304622536,-0.036899298429489136,0.15801113843917847,0.5653581545932821,0.4957099067278771,0.5653581545932821,0.5653581545932821,0.0,0.0,0.0,0.0,0.0,0.0,0.0,0.0,1
S4_random_uniform,B0_persistence,history_censor_frac,"(0.3,1]",4570.0,0.24441749067280108,0.21997573987741828,-0.18836385011672974,0.2444174885749817,0.7741794310722101,0.41812156076543,0.7741794310722101,0.7741794310722101,0.0,0.0,0.0,0.0,0.0,0.0,0.0,0.0,1
S4_random_uniform,B0_persistence,history_censor_frac,0,2881.0,0.1284917955128725,0.1156426152324964,-3.765043948078528e-05,0.12849178910255432,0.5074626865671642,0.4999443052072903,0.5074626865671642,0.5074626865671642,0.0,0.0,0.0,0.0,0.0,0.0,0.0,0.0,1
S4_random_uniform,B0_persistence,target_cap_tertile,low,3310.0,0.2654634616132319,0.23891711362764192,-0.22037363052368164,0.2654634714126587,0.7984894259818731,0.40112848636940746,0.7984894259818731,0.7984894259818731,0.0,0.0,0.0,0.0,0.0,0.0,0.0,0.0,1
S4_random_uniform,B0_persistence,target_cap_tertile,mid,6612.0,0.15107898961265864,0.13597108966868687,-0.03367706760764122,0.1510789841413498,0.5677555958862673,0.49538790783193004,0.5677555958862673,0.5677555958862673,0.0,0.0,0.0,0.0,0.0,0.0,0.0,0.0,1
S4_random_uniform,B0_persistence,target_censoring,censored,3551.0,0.29268906273365325,0.26342015450679224,-0.2871953248977661,0.2926890552043915,0.9695860321036328,0.1717234941793521,0.9695860321036328,0.9695860321036328,0.0,0.0,0.0,0.0,0.0,0.0,0.0,0.0,1
S4_random_uniform,B0_persistence,target_censoring,uncensored,6371.0,0.13157737803978872,0.11841963935696644,0.01062957476824522,0.13157737255096436,0.46366347512164496,0.4986779090352456,0.46366347512164496,0.46366347512164496,0.0,0.0,0.0,0.0,0.0,0.0,0.0,0.0,1
S4_random_uniform,B0_persistence,target_wind_band,7-11,4703.0,0.1348421795694892,0.12135796071607051,-0.00019530431018210948,0.134842187166214,0.5251966829683181,0.4993647235912786,0.5251966829683181,0.5251966829683181,0.0,0.0,0.0,0.0,0.0,0.0,0.0,0.0,1
S4_random_uniform,B0_persistence,target_wind_band,<7,647.0,0.14812010681253773,0.1333080949938325,0.13580867648124695,0.14812010526657104,0.160741885625966,0.3672927059327136,0.160741885625966,0.160741885625966,0.0,0.0,0.0,0.0,0.0,0.0,0.0,0.0,1
S4_random_uniform,B0_persistence,target_wind_band,>11,4572.0,0.25101090499468,0.2259098128364311,-0.22726579010486603,0.2510108947753906,0.8361767279090113,0.37011512751087405,0.8361767279090113,0.8361767279090113,0.0,0.0,0.0,0.0,0.0,0.0,0.0,0.0,1
S4_random_uniform,B1,all,all,9922.0,0.08433772058179612,0.09639986510973128,-0.04908232130110264,0.13512719571590423,0.59511523566646,0.2959362048914345,0.6285023180810321,0.1984075791171135,0.8398105220721629,0.4748586893081665,0.7270913122354364,0.37014310956001284,0.5362426930054425,0.24219311773777008,0.3505744809514211,0.15059243142604828,5
S4_random_uniform,B1,history_censor_frac,"(0,0.3]",2471.0,0.09347131943442485,0.10620987395919182,-0.06362957432866097,0.14737659990787505,0.6047073965601648,0.30724061734054253,0.6256576284904897,0.231728045325779,0.7980574666127074,0.46834073662757875,0.6866855524079319,0.36182841658592224,0.5003642250101173,0.23424118459224702,0.3214083367057871,0.14482234418392181,5
S4_random_uniform,B1,history_censor_frac,"(0.3,1]",4570.0,0.0817182616698525,0.09357244636743063,-0.06127525642514229,0.13126467019319535,0.6284247457060964,0.27919549964649715,0.6776805251641138,0.21851203501094094,0.8481838074398249,0.48242363929748533,0.7316411378555798,0.3785553574562073,0.5433260393873086,0.2492682695388794,0.3590371991247265,0.15543720722198487,5
S4_random_uniform,B1,history_censor_frac,0,2881.0,0.08065906888541871,0.09247094174468339,-0.017264218209311365,0.1307479977607727,0.5340507821956224,0.3019585274339645,0.5529330093717459,0.1379382158972579,0.8623394654633808,0.4684491455554962,0.7545296771954183,0.36393059492111207,0.5557792433182922,0.2377903491258621,0.3621659146129816,0.14785630702972413,5
S4_random_uniform,B1,target_cap_tertile,low,3310.0,0.08622134416321928,0.09835342913895342,-0.08032613843679429,0.13708416521549224,0.6511084645338597,0.2763735747925843,0.7036858006042296,0.24712990936555893,0.8299697885196375,0.47516797184944154,0.7095468277945619,0.3710803687572479,0.5233232628398792,0.24306223094463347,0.3412084592145015,0.15122599005699158,5
S4_random_uniform,B1,target_cap_tertile,mid,6612.0,0.08339476927288644,0.09542190126570145,-0.03344151303172112,0.1341475337743759,0.567084747531086,0.3013186085095024,0.590865093768905,0.17401693889897157,0.8447368421052632,0.4747038781642914,0.7358741681790684,0.3696739196777344,0.5427102238354508,0.24175801873207092,0.35526315789473684,0.15027526021003723,5
S4_random_uniform,B1,target_censoring,censored,3551.0,0.10109433892873565,0.11517019306825342,-0.1327040821313858,0.1602851301431656,0.7421742122674748,0.23264118907020367,0.8206702337369756,0.35094339622641507,0.770937764010138,0.487085884809494,0.6397634469163617,0.3821993708610535,0.45666009574767674,0.2517189413309097,0.2896085609687412,0.1571180045604706,5
S4_random_uniform,B1,target_censoring,uncensored,6371.0,0.07499809544445782,0.08593785999582261,-0.0024741210276260973,0.12110494077205658,0.5131490724408747,0.2954829190262013,0.5213938157275153,0.11338879296813689,0.8781980850729869,0.4680436313152313,0.7757651859990583,0.3634233057498932,0.5805995919008005,0.23688368797302245,0.38455501491131694,0.14695527255535126,5
S4_random_uniform,B1,target_wind_band,7-11,4703.0,0.07518882484824993,0.08635747706768807,-0.008268274739384652,0.12211272418498993,0.5350923458222053,0.2820091035611353,0.5613863491388476,0.1060174356793536,0.9128216032319795,0.48894196152687075,0.8112694025090368,0.3785387992858887,0.6080799489687434,0.2463899552822113,0.4054433340421008,0.15271273851394654,5
S4_random_uniform,B1,target_wind_band,<7,647.0,0.09173979013985514,0.10365047756989568,0.1409967452287674,0.14258705079555511,0.15823879587985665,0.15797067596061717,0.04482225656877898,0.0,0.6442040185471407,0.39061514139175413,0.5060278207109737,0.2992550194263458,0.31746522411128286,0.19310355484485625,0.18794435857805256,0.11906337141990661,5
S4_random_uniform,B1,target_wind_band,>11,4572.0,0.09270126337068578,0.10570393437919823,-0.11796457171440125,0.1474589079618454,0.7186818820967885,0.24193244994163385,0.7801399825021872,0.3215223097112861,0.7923884514435695,0.4722935378551483,0.6717847769028872,0.37153849601745603,0.4933070866141732,0.24482283294200896,0.31714785651793526,0.15287314653396605,5
S4_random_uniform,B2_recon,all,all,9922.0,0.07576717643740812,0.08687969623648253,-0.01219923496246338,0.12272000014781952,0.5354032997370617,0.3002199109668607,0.5445676274944568,0.1568836928038702,0.845192501511792,0.46629127860069275,0.7476718403547672,0.36523905396461487,0.567788752267688,0.24008786976337432,0.3798830880870792,0.1493596166372299,5
S4_random_uniform,B2_recon,history_censor_frac,"(0,0.3]",2471.0,0.08520525360490504,0.0979396912972821,-0.024727915599942207,0.139082869887352,0.5442530643733025,0.3042873988078075,0.5506272764063131,0.16106839336301093,0.8461351679481991,0.5060064792633057,0.7411574261432617,0.3972796440124512,0.5502225819506272,0.26143017411231995,0.3601780655605018,0.16285957098007203,5
S4_random_uniform,B2_recon,history_censor_frac,"(0.3,1]",4570.0,0.0692323939863356,0.07922255547876667,-0.005227553285658359,0.11131926476955414,0.5374705993805156,0.2992746865429218,0.5403501094091904,0.17203501094091905,0.8299343544857768,0.43867220282554625,0.7415317286652079,0.34337549805641177,0.5714660831509847,0.22528707683086396,0.387527352297593,0.13962581753730774,5
S4_random_uniform,B2_recon,history_censor_frac,0,2881.0,0.07803807790235658,0.08953984391698437,-0.012512394972145558,0.12677024006843568,0.5245336962012289,0.29727118726339424,0.5460603956959389,0.12926067337729955,0.8685872960777508,0.47603887915611265,0.7629989586948976,0.3724394261837006,0.5770218674071503,0.24526066184043885,0.38465810482471363,0.15322111248970033,5
S4_random_uniform,B2_recon,target_cap_tertile,low,3310.0,0.07055869192990763,0.08093837550513604,-0.0220747796818614,0.1144599437713623,0.5547694874561964,0.29161936139741723,0.5616918429003022,0.16483383685800607,0.851178247734139,0.46401932239532473,0.7641691842900302,0.3633341372013092,0.5844108761329305,0.23838126063346862,0.39148036253776436,0.14798852503299714,5
S4_random_uniform,B2_recon,target_cap_tertile,mid,6612.0,0.07837456961947506,0.089853950867571,-0.007255488309601788,0.12685502767562867,0.5257084900954501,0.30389250958361314,0.5359951603145795,0.15290381125226862,0.8421960072595281,0.4674286127090454,0.7394131881427708,0.3661926925182343,0.5594676346037508,0.24094221293926238,0.3740774349667272,0.1500459849834442,5
S4_random_uniform,B2_recon,target_censoring,censored,3551.0,0.07397461728203619,0.08482166125107458,-0.07068718448281289,0.11982160210609435,0.6453311411940833,0.2779216131586122,0.6826809349479019,0.2652773866516474,0.7949873275133765,0.43665952086448667,0.703970712475359,0.34196789264678956,0.5335398479301605,0.22459137439727783,0.35916643199098847,0.13965024650096894,5
S4_random_uniform,B2_recon,target_censoring,uncensored,6371.0,0.07676629393242078,0.08802678181695399,0.020400153659284114,0.12433547973632812,0.4741328924204892,0.29446713668460994,0.4675875058860462,0.09646837231203893,0.8731753256945535,0.4828070938587189,0.7720295087113482,0.37820972204208375,0.5868780411238423,0.24872514903545379,0.3914299168105478,0.1547713100910187,5
S4_random_uniform,B2_recon,target_wind_band,7-11,4703.0,0.07849468645884677,0.09019379074354471,0.024805933237075806,0.127809938788414,0.47203328684674484,0.277247005397637,0.46876461832872635,0.059068679566234315,0.919370614501382,0.5168858289718627,0.8288751860514566,0.4055636763572693,0.6292153944290878,0.2668492436408997,0.420880289177121,0.16619945466518402,5
S4_random_uniform,B2_recon,target_wind_band,<7,647.0,0.09891258780880496,0.11181571714347963,0.15179427564144135,0.1535629838705063,0.16066368757115695,0.16181922143153707,0.055950540958268936,0.0,0.6553323029366306,0.43017618060112,0.5054095826893354,0.3312921166419983,0.3171561051004637,0.21423802077770232,0.18825347758887173,0.13204327821731568,5
S4_random_uniform,B2_recon,target_wind_band,>11,4572.0,0.06968612639626207,0.07994185896755415,-0.07347200363874436,0.11311952173709869,0.6536197694865151,0.2730741934164816,0.6916885389326335,0.27970253718285215,0.7957567804024497,0.41935781240463255,0.6984251968503937,0.328562992811203,0.5400699912510937,0.21621783971786498,0.3648293963254593,0.13448775112628936,5
S4_random_uniform,B4,all,all,9922.0,0.11892620498379078,0.13490065900992473,-0.1248501107096672,0.187151300907135,0.674939612710432,0.2940827296457694,0.7286635758919573,0.3106833299737956,0.752549889135255,0.5089147448539734,0.6330578512396694,0.3978107273578644,0.44051602499496073,0.26473008692264555,0.2801048175771014,0.16646483838558196,5
S4_random_uniform,B4,history_censor_frac,"(0,0.3]",2471.0,0.09608781389742849,0.11078213393718986,-0.0771083265542984,0.15775995552539826,0.6161530881049656,0.29761970981776165,0.6530959125859976,0.21829218939700526,0.8293808174828005,0.5281885743141175,0.7094293808174827,0.4099902808666229,0.5048968029138001,0.2665333926677704,0.32262242007284503,0.1661400318145752,5
S4_random_uniform,B4,history_censor_frac,"(0.3,1]",4570.0,0.15430114604222958,0.17301824876692481,-0.1980389326810837,0.2351715534925461,0.7689066912160138,0.26880450365995995,0.8327352297592998,0.4690153172866521,0.6236761487964989,0.4745059013366699,0.4945733041575492,0.3726940929889679,0.3155798687089716,0.2519186079502106,0.1937855579868709,0.1594415783882141,5
S4_random_uniform,B4,history_censor_frac,0,2881.0,0.08240075678432393,0.09512262716863265,-0.049701566249132155,0.13618755638599395,0.5763044004680157,0.28348123885235443,0.6283929191253037,0.1387712599791739,0.8910794862894829,0.5469649434089661,0.7872266574106213,0.4272058367729187,0.5834779590419993,0.28350571990013124,0.3805623047552933,0.17788406908512117,5
S4_random_uniform,B4,target_cap_tertile,low,3310.0,0.16577536586930924,0.18348302824047616,-0.20846390426158906,0.24295192062854767,0.7773590737785535,0.27718685513507657,0.8189728096676736,0.5233232628398792,0.5726283987915408,0.4392435014247894,0.4392749244712991,0.33291481137275697,0.2854380664652568,0.21100424528121947,0.17051359516616313,0.12962960749864577,5
S4_random_uniform,B4,target_cap_tertile,mid,6612.0,0.09547328264091932,0.11058008397164203,-0.08299262970685958,0.15921722948551179,0.6236679224298086,0.28876548780454,0.6834543254688444,0.20423472474289173,0.8426194797338173,0.5437925100326538,0.7300665456745312,0.4302979290485382,0.5181488203266787,0.2916255176067352,0.33496672716273446,0.18490472733974456,5
S4_random_uniform,B4,target_censoring,censored,3551.0,0.1887566273175421,0.21195234041488006,-0.2854588031768799,0.28891937136650087,0.8934021352757522,0.13564448635358756,0.9764010137989299,0.6415094339622642,0.5093776401013799,0.47397972345352174,0.35708251196845964,0.3706173002719879,0.17724584624049564,0.2482185423374176,0.0820050689946494,0.1561599552631378,5
S4_random_uniform,B4,target_censoring,uncensored,6371.0,0.08000486928968452,0.09195441498716592,-0.03533175401389599,0.1304288923740387,0.5531753029271246,0.2880335130813614,0.590582326165437,0.126291006121488,0.8880866425992779,0.5283864498138428,0.7868780411238425,0.4129675030708313,0.587254748077225,0.2739331364631653,0.39051954167320674,0.1722084492444992,5
S4_random_uniform,B4,target_wind_band,7-11,4703.0,0.07312320992841685,0.08349822441548851,-0.030047990009188653,0.11717101782560349,0.5703320102222211,0.27439990411878357,0.6030618753986816,0.1341696789283436,0.9128641292791835,0.5079553425312042,0.8147140123325537,0.3891137719154358,0.6113119285562407,0.25034489333629606,0.4081224750159473,0.15480799973011017,5
S4_random_uniform,B4,target_wind_band,<7,647.0,0.09172992846616176,0.10427863995269286,0.14289472997188568,0.14514434933662415,0.16159316145328403,0.15606894645745814,0.04142194744976816,0.0,0.6741885625965998,0.4215424954891205,0.5109737248840804,0.3194930493831635,0.32828438948995364,0.20534157752990723,0.19876352395672334,0.12707263827323914,5
S4_random_uniform,B4,target_wind_band,>11,4572.0,0.1698902199996109,0.19210934147441786,-0.2602580964565277,0.26508124470710753,0.855189986390535,0.1587751708894937,0.9551181102362204,0.5362204724409448,0.5987314085739283,0.5222659766674042,0.46347331583552054,0.41783989071846006,0.2807086614173228,0.2879317581653595,0.1599300087489064,0.18403018712997438,5
S4_random_uniform,B4_plain,all,all,9922.0,0.11824905225863303,0.13615799893623853,-0.13724418729543686,0.19441348016262056,0.685358329228995,0.2884596752236355,0.745998790566418,0.3083854061681113,0.7730094738963919,0.531413221359253,0.6392662769602903,0.4193886399269104,0.42390647046966334,0.27794678807258605,0.2592219310622858,0.17216529846191406,5
S4_random_uniform,B4_plain,history_censor_frac,"(0,0.3]",2471.0,0.09646671339914728,0.11219813572742268,-0.08738999366760254,0.16254036426544188,0.622208426749576,0.2906863816560535,0.6669364629704573,0.2038850667745852,0.8523674625657629,0.5514010667800904,0.7299069202751922,0.43155160546302795,0.5067583974099554,0.28064103722572326,0.3274787535410765,0.17309510409832002,5
S4_random_uniform,B4_plain,history_censor_frac,"(0.3,1]",4570.0,0.14993976487478555,0.17123226780465778,-0.20773083865642547,0.24081806242465972,0.7768219642366919,0.25592829111196086,0.8475711159737418,0.4586433260393873,0.6631509846827134,0.5153794288635254,0.5133479212253829,0.4090827167034149,0.31041575492341356,0.2728078782558441,0.17956236323851202,0.1693693667650223,5
S4_random_uniform,B4_plain,history_censor_frac,0,2881.0,0.08666196536726627,0.10107136695439467,-0.06819375306367874,0.1481411874294281,0.5944366343457841,0.2917919540147241,0.6526900381811871,0.15966678236723358,0.8792086081221798,0.5397035837173462,0.7612634501909059,0.4253044009208679,0.5328705310656022,0.28378758430480955,0.3270392224921902,0.17580284774303437,5
S4_random_uniform,B4_plain,target_cap_tertile,low,3310.0,0.1564869558236075,0.1761327482817738,-0.20717810094356537,0.2398516744375229,0.7741063301931771,0.2666274235028913,0.8227190332326284,0.4883383685800604,0.6277341389728097,0.4840422809123993,0.4815105740181269,0.37139698266983034,0.30187311178247733,0.23458671867847442,0.18356495468277945,0.14331903159618378,5
S4_random_uniform,B4_plain,target_cap_tertile,mid,6612.0,0.09910696804809682,0.11614644111202166,-0.10223491936922073,0.17166689932346343,0.640930639696109,0.28861037967281844,0.7075922565033272,0.21830006049606773,0.8457350272232305,0.5551273465156555,0.7182395644283122,0.44341349601745605,0.4849969751966122,0.2996530532836914,0.29709618874773136,0.18660587668418885,5
S4_random_uniform,B4_plain,target_censoring,censored,3551.0,0.180848775922694,0.20684090654901363,-0.28863311409950254,0.29157266616821287,0.8893451560204737,0.12789484016847377,0.9804562095184455,0.6103632779498733,0.5647423261053224,0.520835816860199,0.38896085609687414,0.41241509914398194,0.18085046465784288,0.27238074541091917,0.07406364404393129,0.1685102880001068,5
S4_random_uniform,B4_plain,target_censoring,uncensored,6371.0,0.08335788623586102,0.09676151409351924,-0.052864640951156616,0.1402599334716797,0.5716623282971882,0.2903070448501097,0.6153194161042222,0.14007220216606497,0.8890911944749647,0.5373087525367737,0.7787788416261183,0.42327545285224916,0.5593784335269187,0.28104913234710693,0.36242348140009417,0.1742024838924408,5
S4_random_uniform,B4_plain,target_wind_band,7-11,4703.0,0.07110427034661956,0.0816015313553348,-0.03620278425514698,0.11499887406826019,0.5773791295866488,0.2663912276671069,0.6156921114182436,0.12136933871996598,0.9358707208165,0.5183831512928009,0.8361471401233256,0.39769933223724363,0.6200297682330428,0.2537384480237961,0.4154794811822241,0.15615011751651764,5
S4_random_uniform,B4_plain,target_wind_band,<7,647.0,0.09235217793106204,0.10509076298714506,0.14450524747371674,0.14619971215724945,0.1521004779327672,0.1468315479118376,0.031221020092735703,0.0,0.6732612055641422,0.4256166934967041,0.5072642967542504,0.32078205943107607,0.3017001545595054,0.2044544130563736,0.16290571870170015,0.1258763536810875,5
S4_random_uniform,B4_plain,target_wind_band,>11,4572.0,0.17040941687414873,0.19667409007623277,-0.2810520589351654,0.28292642831802367,0.8718946384386654,0.12928798057127697,0.9811898512685915,0.5444006999125109,0.6195975503062117,0.5597882747650147,0.455424321959755,0.4556535482406616,0.2394575678040245,0.31324891448020936,0.1121172353455818,0.19518985450267792,5
S4_random_uniform,B6,all,all,9922.0,0.07531474319064561,0.0863730912713305,0.0016340655274689198,0.12215047627687455,0.5199760001191147,0.2907543549481745,0.5270106833299738,0.1182624470872808,0.8836121749647248,0.4868395209312439,0.7876033057851239,0.38296512365341184,0.5970570449506148,0.25215440094470976,0.39893166700262045,0.15678251683712005,5
S4_random_uniform,B6,history_censor_frac,"(0,0.3]",2471.0,0.08558570534757477,0.09858970447007467,-0.015525163896381856,0.14063265323638915,0.5323209938503487,0.30055986466872736,0.5421286928369081,0.1321732092270336,0.8669364629704572,0.5204548597335815,0.7656009712666936,0.41021286845207217,0.5580736543909348,0.2709283769130707,0.3653581545932821,0.16904735565185547,5
S4_random_uniform,B6,history_censor_frac,"(0.3,1]",4570.0,0.06791668084452104,0.07749619667066412,0.01725340960547328,0.10848630666732788,0.5134072400332916,0.2834199741621414,0.5098468271334792,0.11487964989059081,0.8925164113785558,0.46690459847450255,0.8023194748358862,0.3675128996372223,0.6227133479212255,0.24153259694576262,0.42192560175054705,0.14960306882858276,5
S4_random_uniform,B6,history_censor_frac,0,2881.0,0.0782406707963441,0.08997606145909462,-0.00842492626979947,0.12797337770462036,0.519807570435787,0.29313805940471516,0.5412703922249219,0.11169732731690385,0.8837903505727178,0.489629989862442,0.7831308573412009,0.3841062068939209,0.5897952099965289,0.2529010593891144,0.391253037139882,0.15765151977539063,5
S4_random_uniform,B6,target_cap_tertile,low,3310.0,0.06929258092067393,0.07908521678939823,-0.002014960302039981,0.11098842918872834,0.5305294448361306,0.2788886726746547,0.5350453172205438,0.11607250755287009,0.9025377643504532,0.49079151153564454,0.8158308157099698,0.3865425944328308,0.6338368580060424,0.25508095920085905,0.4221752265861027,0.15852507650852204,5
S4_random_uniform,B6,target_cap_tertile,mid,6612.0,0.07832946749699865,0.09002143738978116,0.0034607850946486,0.1277382493019104,0.5146928933415402,0.2963633112702424,0.5229885057471264,0.11935874168179068,0.8741379310344828,0.484861159324646,0.7734724742891712,0.38117421269416807,0.5786448880822747,0.2506893426179886,0.3872958257713249,0.15591017305850982,5
S4_random_uniform,B6,target_censoring,censored,3551.0,0.06969785610186599,0.07942837263379389,-0.04914677143096924,0.11106442362070083,0.6212301957041818,0.26192256321758195,0.6576738946775557,0.19098845395663194,0.8796958603210363,0.4672683775424957,0.788960856096874,0.3684094429016113,0.608898901717826,0.2425632119178772,0.40844832441565754,0.1501650333404541,5
S4_random_uniform,B6,target_censoring,uncensored,6371.0,0.07844542378274362,0.09024386444381402,0.02993774600327015,0.1283294975757599,0.46354001698890396,0.29062632828136775,0.4541830167948516,0.07772720138125883,0.8857950086328676,0.49774791598320006,0.7868466488777273,0.3910780012607574,0.5904567571809763,0.2575002253055573,0.3936273740386125,0.1604708820581436,5
S4_random_uniform,B6,target_wind_band,7-11,4703.0,0.08179633228031849,0.0943552968240542,0.03810255266726017,0.1349925935268402,0.45505081586055524,0.2763161420006138,0.44499255794173936,0.05502870508186264,0.9186051456517117,0.5359834194183349,0.8261960450776101,0.42153475880622865,0.622836487348501,0.27832403779029846,0.4164150542207102,0.17386264204978943,5
S4_random_uniform,B6,target_wind_band,<7,647.0,0.10046287877355606,0.11357903010014096,0.15401992499828338,0.15606832802295684,0.15918631649528905,0.1628082295896398,0.055332302936630606,0.0,0.6472952086553323,0.4342998266220093,0.4924265842349305,0.333471405506134,0.31468315301391037,0.21503556072711943,0.1901081916537867,0.13256259858608246,5
S4_random_uniform,B6,target_wind_band,>11,4572.0,0.06508863706403263,0.07431216495096743,-0.05744400843977928,0.10414055585861207,0.6378180969853922,0.2532063796328844,0.6781277340332459,0.2000437445319335,0.8810586176727909,0.4437226355075836,0.789676290463692,0.3502943813800812,0.610498687664042,0.23048774003982545,0.410498687664042,0.14264042377471925,5
S4_random_uniform,BQR,all,all,9922.0,0.12766344476663172,0.13847031332925863,-0.125743168592453,0.1927874654531479,0.6760675665342101,0.31585149790103384,0.7126788953839951,0.36841362628502317,0.7381173150574482,0.483713698387146,0.5624269300544246,0.3464263558387756,0.38836928038701873,0.21221239864826202,0.2425317476315259,0.12644497603178023,5
S4_random_uniform,BQR,history_censor_frac,"(0,0.3]",2471.0,0.10022951619520945,0.10920706026837643,-0.06693988293409348,0.1550845980644226,0.6107304239918199,0.32287701031883903,0.6288142452448401,0.2674220963172805,0.7883447996762445,0.4743643283843994,0.6428976123027115,0.3486638605594635,0.4500202347227843,0.22134883105754852,0.2856333468231485,0.1334443747997284,5
S4_random_uniform,BQR,history_censor_frac,"(0.3,1]",4570.0,0.17324162575740293,0.18672516071431633,-0.21480295062065125,0.2541352450847626,0.7871980721871926,0.2872788283274617,0.8265207877461707,0.5755798687089715,0.6142669584245077,0.47735368013381957,0.3801750547045952,0.32245627641677854,0.23404814004376367,0.1834117740392685,0.13916849015317287,0.10569808781147003,5
S4_random_uniform,BQR,history_censor_frac,0,2881.0,0.07889459727345574,0.08702458120976063,-0.03490655906498432,0.1278115302324295,0.5558251744440039,0.2922085714949977,0.6040263797292607,0.1264144394307532,0.8914960083304407,0.501821106672287,0.782506074279764,0.3825299501419067,0.5802846233946546,0.2500613182783127,0.3695244706699063,0.1533515453338623,5
S4_random_uniform,BQR,target_cap_tertile,low,3310.0,0.1840747056090557,0.19598602085044195,-0.2244734913110733,0.26226314902305603,0.7864511904815255,0.29806781957076367,0.8074924471299093,0.5908761329305137,0.536797583081571,0.4317935645580292,0.36513595166163143,0.2912431299686432,0.23800604229607253,0.16434162557125093,0.13933534743202416,0.09336312115192413,5
S4_random_uniform,BQR,target_cap_tertile,mid,6612.0,0.09942368775083871,0.10967766482727484,-0.07631828337907791,0.15800759196281433,0.620808976808618,0.3099081695405643,0.6652147610405323,0.2570477918935269,0.8388989715668481,0.5097051501274109,0.6611917725347853,0.3740513503551483,0.4636418632788869,0.23617675006389618,0.2941923774954628,0.14300591945648194,5
S4_random_uniform,BQR,target_censoring,censored,3551.0,0.21561045334507875,0.23139750339093973,-0.3086040079593658,0.3117798626422882,0.9296773394897304,0.12424611596344173,0.9805688538439876,0.7993804562095185,0.4673613066741763,0.4702852189540863,0.19926781188397635,0.31058826446533205,0.08656716417910448,0.17097685039043425,0.04038299070684314,0.09739660769701004,5
S4_random_uniform,BQR,target_censoring,uncensored,6371.0,0.07864447953949856,0.08667554768665472,-0.023822151683270933,0.12646474689245224,0.5347132573574636,0.3014172337633263,0.5633652487835505,0.12820593313451578,0.8890284099827342,0.49119829535484316,0.7648406843509653,0.3664014279842377,0.5565845236226652,0.2351958304643631,0.355203264793596,0.14263564944267274,5
S4_random_uniform,BQR,target_wind_band,7-11,4703.0,0.07162986877785257,0.07923574461343882,-0.02006065957248211,0.11575654745101929,0.5525420610561923,0.29469802223510777,0.5710822879013395,0.14841590474165428,0.9092494152668509,0.46852691769599913,0.7763129917074207,0.34404473304748534,0.5627046566021688,0.2175183266401291,0.35696364022964067,0.13094598352909087,5
S4_random_uniform,BQR,target_wind_band,<7,647.0,0.09496797275322114,0.10308609837833704,0.14671001136302947,0.14835756719112397,0.14823844213807577,0.1636872057862354,0.04976816074188563,0.0,0.6429675425038639,0.38087660670280454,0.4887171561051005,0.2891418099403381,0.3026275115919629,0.1894882559776306,0.17279752704791346,0.11288553923368454,5
S4_random_uniform,BQR,target_wind_band,>11,4572.0,0.18992938489521988,0.204409456755275,-0.27300958037376405,0.27831295132637024,0.8778273862514927,0.1651156210603196,0.952143482064742,0.6468503937007875,0.5755468066491688,0.5138884544372558,0.35284339457567804,0.3569827854633331,0.22117235345581804,0.20997020602226257,0.1346894138232721,0.12373385429382325,5
S4_random_uniform,BT,all,all,9922.0,0.07856493230292984,0.09014833490619671,-0.024354045372456314,0.12751522213220595,0.542921178845438,0.27493239425458127,0.575146139891151,0.10441443257407781,0.9076395887925821,0.5033847749233246,0.823402539810522,0.402791953086853,0.6338036686151985,0.27095564007759093,0.42618423704898206,0.17066439092159272,5
S4_random_uniform,BT,history_censor_frac,"(0,0.3]",2471.0,0.08684332892962045,0.09952564175619025,-0.024251994979567825,0.14031380116939546,0.540141582262547,0.2934547685330733,0.5479562929987859,0.13921489275596927,0.8789963577498987,0.5255313396453858,0.7762039660056657,0.41565356850624086,0.5785511938486443,0.2757992446422577,0.38648320518008905,0.17259490489959717,5
S4_random_uniform,BT,history_censor_frac,"(0.3,1]",4570.0,0.07416640180487113,0.08534670412276554,-0.027369789965450763,0.12149539142847061,0.5496809901069541,0.25699369026730084,0.5988621444201312,0.07724288840262582,0.9318599562363239,0.5016126573085785,0.8630634573304157,0.4069457173347473,0.6813566739606127,0.27765249013900756,0.4604814004376368,0.1759684830904007,5
S4_random_uniform,BT,history_censor_frac,0,2881.0,0.07844183834651741,0.08972213825709793,-0.0196578330360353,0.12608698904514312,0.5345824234449501,0.28520106097883813,0.560846928149948,0.11766747657063518,0.8937868795557098,0.4872009515762329,0.8009718847622352,0.3851718008518219,0.6057618882332523,0.2561783969402313,0.40583130857341204,0.1605949342250824,5
S4_random_uniform,BT,target_cap_tertile,low,3310.0,0.07499375841712573,0.08605787814006415,-0.03860529372468591,0.12229822874069214,0.5693240608163237,0.2606068049912408,0.6153474320241692,0.09637462235649547,0.9236858006042296,0.5137582957744599,0.8561933534743202,0.4130410850048065,0.6596374622356496,0.2783540666103363,0.4317220543806647,0.17527855336666107,5
S4_random_uniform,BT,target_cap_tertile,mid,6612.0,0.08035267966560551,0.09219603785475974,-0.01721979808062315,0.1301268607378006,0.5297037651546286,0.2808700310861553,0.5550211736237145,0.10843920145190562,0.8996067755595887,0.498191773891449,0.8069872958257713,0.39766119718551635,0.6208711433756806,0.26725195050239564,0.42341197822141563,0.16835451126098633,5
S4_random_uniform,BT,target_censoring,censored,3551.0,0.08136199453934267,0.09333676332470046,-0.09360917955636978,0.13236108273267747,0.6529030137956469,0.2251432507624987,0.7437341593917206,0.14908476485497044,0.9091523514502956,0.5051917374134064,0.8403266685440721,0.4108909904956818,0.6520416784004506,0.2808138310909271,0.4350323852435934,0.17814756631851197,5
S4_random_uniform,BT,target_censoring,uncensored,6371.0,0.07700593559887992,0.08837120269553797,0.014246644370723515,0.12481427937746048,0.4816206772117554,0.28071352813156764,0.4811803484539319,0.07951655940982577,0.9067964212839428,0.5023776412010192,0.8139695495212683,0.39827780723571776,0.6236383613247527,0.2654609680175781,0.42125255061999684,0.1664934992790222,5
S4_random_uniform,BT,target_wind_band,7-11,4703.0,0.07548442173930602,0.08601865100487886,0.027696854248642922,0.12004891633987427,0.46954515596170987,0.273224940870271,0.4455453965553902,0.07463321284286625,0.9132468637040188,0.5270963311195374,0.8331703168190516,0.4137746155261993,0.6452902402721667,0.2728709280490875,0.44086753136295986,0.17024070024490356,5
S4_random_uniform,BT,target_wind_band,<7,647.0,0.09787452295077086,0.11371539361263883,0.16306475400924683,0.16435257494449615,0.171973897000052,0.1439427245695179,0.04451313755795981,0.0,0.7996908809891808,0.42184234857559205,0.6006182380216384,0.3290015459060669,0.33106646058732614,0.21613910794258118,0.16816074188562596,0.13457495868206024,5
S4_random_uniform,BT,target_wind_band,>11,4572.0,0.07900113878402557,0.09106128687575703,-0.10441864356398582,0.12998246252536774,0.6708936913074105,0.20558394935911695,0.7835520559930009,0.14982502187226596,0.9171478565179353,0.4905332088470459,0.8448818897637794,0.4019369721412659,0.6648293963254593,0.2767427623271942,0.44759405074365705,0.17620734572410585,5
S4_random_uniform,CLQR,all,all,9922.0,0.08170462818146113,0.09026381246441127,-0.040832316130399705,0.13160646259784697,0.5686173158786038,0.29187269964991763,0.6079621044144325,0.14890143116307195,0.8858899415440435,0.4895109415054321,0.768715984680508,0.37657650113105773,0.5721830276154002,0.2462144672870636,0.372767587180004,0.14886904656887054,5
S4_random_uniform,CLQR,history_censor_frac,"(0,0.3]",2471.0,0.08941343440604518,0.09834462274985409,-0.04087802916765213,0.14273013174533844,0.5652394470416034,0.31277445900927775,0.5808984216916228,0.18923512747875354,0.8402266288951841,0.48556294441223147,0.7141238365034399,0.3703169643878937,0.518413597733711,0.24079107046127318,0.33354917037636583,0.14602665603160858,5
S4_random_uniform,CLQR,history_censor_frac,"(0.3,1]",4570.0,0.08007430990672867,0.08887898964118253,-0.05374082885682583,0.1299147203564644,0.5957162495922569,0.2766386159082574,0.6536542669584244,0.15164113785557987,0.9088402625820569,0.492481404542923,0.7859080962800875,0.3793170154094696,0.5803938730853392,0.2463127702474594,0.3789059080962801,0.1481217175722122,5
S4_random_uniform,CLQR,history_censor_frac,0,2881.0,0.07767897539929522,0.08552967781908886,-0.020316923223435878,0.12474935203790664,0.528528661531097,0.2912499193275183,0.5586948976049982,0.10996181881291218,0.8886497743838945,0.4881852209568024,0.7882679625130163,0.3775981247425079,0.6052759458521347,0.2507101446390152,0.396667823672336,0.1524923950433731,5
S4_random_uniform,CLQR,target_cap_tertile,low,3310.0,0.08258589780548999,0.09151979833016358,-0.07222891002893447,0.13402266204357147,0.6278136223283546,0.28103117233388525,0.6877341389728097,0.19589123867069486,0.8818731117824774,0.47850149869918823,0.7506948640483384,0.36594846844673157,0.532870090634441,0.2344321131706238,0.3312990936555891,0.13997181057929992,5
S4_random_uniform,CLQR,target_cap_tertile,mid,6612.0,0.08126346023597783,0.08963505970947479,-0.025115027837455273,0.13039690256118774,0.5389833512160698,0.292525299586281,0.5680278281911676,0.12537810042347247,0.8879007864488807,0.4950223326683044,0.7777374470659406,0.38189696073532103,0.5918632788868724,0.25211278200149534,0.3935269207501512,0.15332305133342744,5
S4_random_uniform,CLQR,target_censoring,censored,3551.0,0.09355503759776765,0.10369385750036582,-0.12428241968154907,0.15107004940509797,0.715294654694117,0.2291194064348113,0.8060264714165024,0.27057166995212617,0.8687130385806816,0.4936671912670135,0.72171219374824,0.3791589856147766,0.5119121374260771,0.24435896873474122,0.3245846240495635,0.14723650515079498,5
S4_random_uniform,CLQR,target_censoring,uncensored,6371.0,0.07509957342752856,0.0827783172638659,0.005680210748687386,0.12075804620981216,0.4868638658497405,0.29051322969087,0.4975671009260713,0.08108617171558626,0.8954638204363523,0.48719435930252075,0.7949144561293361,0.37513711452484133,0.6057761732851985,0.24724867343902587,0.3996232930466175,0.14977897703647614,5
S4_random_uniform,CLQR,target_wind_band,7-11,4703.0,0.07265518196529146,0.08019531181199441,0.009184090909548104,0.11775331646203994,0.4966220410268214,0.287375571661254,0.5030831384222837,0.08586008930469913,0.9119285562406974,0.49094770550727845,0.8125451839251541,0.37397350668907164,0.6083776312991708,0.24232589602470397,0.3928981501169466,0.14626799523830414,5
S4_random_uniform,CLQR,target_wind_band,<7,647.0,0.0969512792940394,0.10495784396371319,0.14889386296272278,0.15078184008598328,0.1496469655200319,0.16758150955786483,0.05285935085007728,0.0,0.6327666151468315,0.38795179724693296,0.4964451313755796,0.29887173175811765,0.3010819165378671,0.19490999579429627,0.1777434312210201,0.1155836433172226,5
S4_random_uniform,CLQR,target_wind_band,>11,4572.0,0.08885575729012424,0.09854139780742707,-0.11913065612316132,0.1431429535150528,0.7019654336191831,0.21833212184562706,0.7944006999125109,0.2348206474190726,0.8949256342957131,0.5024049878120422,0.7621609798775153,0.3902503788471222,0.57331583552056,0.2574747562408447,0.3796587926509186,0.15625496804714203,5
S4_random_uniform,ORACLE,all,all,9922.0,0.07495579004612116,0.08595684627951222,-0.0037063909112475812,0.12149428576231003,0.5245741580445467,0.29289401909501506,0.5337633541624672,0.1191896795001008,0.8781697238459987,0.4768129289150238,0.7860511993549688,0.3731412947177887,0.5851441241685145,0.2435976445674896,0.39332795807296916,0.15124653577804564,5
S4_random_uniform,ORACLE,history_censor_frac,"(0,0.3]",2471.0,0.0850989336629207,0.0979568142397289,-0.01814758386462927,0.13947103023529053,0.5347111014938088,0.3015893972347692,0.5430999595305545,0.13767705382436263,0.8610279239174423,0.5130975246429443,0.7620396600566572,0.40278671979904174,0.5560501821125051,0.26510642766952514,0.3653581545932821,0.16555403172969818,5
S4_random_uniform,ORACLE,history_censor_frac,"(0.3,1]",4570.0,0.06740868582357643,0.07701019931909572,0.007554503669962287,0.10797596275806427,0.5227698008013327,0.28662423870970455,0.5249452954048139,0.11299781181619255,0.8881400437636762,0.45378467440605164,0.8042450765864333,0.35452340841293334,0.6024945295404814,0.2294275641441345,0.4124288840262582,0.1415868729352951,5
S4_random_uniform,ORACLE,history_censor_frac,0,2881.0,0.07822776450634944,0.08985627556774825,-0.009182996116578579,0.12751935720443724,0.5187419905118706,0.29485482031004606,0.5397431447414093,0.11315515446025685,0.8770565775772301,0.48222075700759887,0.7777854911489066,0.37724748253822327,0.5825754946199236,0.24762719571590425,0.3870183963901423,0.15429781675338744,5
S4_random_uniform,ORACLE,target_cap_tertile,low,3310.0,0.06923215325316837,0.07918133875288982,-0.011776894703507424,0.11151022911071777,0.5426694395133034,0.2814824083950674,0.5522658610271903,0.11915407854984894,0.897643504531722,0.47946584820747373,0.8122658610271903,0.3750924408435822,0.6147432024169184,0.244392129778862,0.41172205438066467,0.15132386684417726,5
S4_random_uniform,ORACLE,target_cap_tertile,mid,6612.0,0.0778210710177899,0.08934869895844752,0.0003337434958666563,0.1264923632144928,0.5155155703764304,0.2980193890608906,0.5245009074410163,0.1192075015124017,0.868421052631579,0.47548486590385436,0.7729280096793708,0.3721645474433899,0.5703266787658803,0.2431999295949936,0.3841197822141561,0.15120781660079957,5
S4_random_uniform,ORACLE,target_censoring,censored,3551.0,0.07060185843350597,0.08066740104187234,-0.058499067276716235,0.11322297900915146,0.6315451507490901,0.26463277956601416,0.6731624894395944,0.1949873275133765,0.8684314277668262,0.45429850220680235,0.7801182765418192,0.35525991320610045,0.5799493100535061,0.2301774024963379,0.3922838637003661,0.14231991469860078,5
S4_random_uniform,ORACLE,target_censoring,uncensored,6371.0,0.07738253799093303,0.08890502082650001,0.026833367347717286,0.12610446512699128,0.4649518075353905,0.29088779090991645,0.45606655156176423,0.07694239522837859,0.883597551404803,0.4893618106842041,0.789358028566944,0.3831078290939331,0.5880395542301052,0.25107768177986145,0.39390990425364936,0.1562219500541687,5
S4_random_uniform,ORACLE,target_wind_band,7-11,4703.0,0.07998699847455928,0.09210355099177409,0.03104705736041069,0.13113328218460082,0.46449623483284413,0.27639674871280795,0.4583457367637678,0.0552413353178822,0.9201360833510526,0.5260429501533508,0.8301509674675739,0.4127939701080322,0.6278970869657665,0.2716610670089722,0.4205400807994897,0.16925281286239624,5
S4_random_uniform,ORACLE,target_wind_band,<7,647.0,0.10049342252141358,0.11361380092551925,0.15428268015384675,0.15627411305904387,0.15869703937825144,0.16202572378739988,0.05285935085007728,0.0,0.6472952086553323,0.43655950427055357,0.49366306027820717,0.33511900901794434,0.31282843894899537,0.2164853185415268,0.1919629057187017,0.1333446681499481,5
S4_random_uniform,ORACLE,target_wind_band,>11,4572.0,0.06616650276474348,0.07572018794230004,-0.06181321293115616,0.10665729939937592,0.638150047948687,0.26121299862864245,0.6793963254593176,0.20183727034120733,0.8676727909011375,0.4318687438964844,0.7820647419072616,0.3377331495285034,0.5797025371828521,0.2185669243335724,0.3938320209973753,0.13525765836238862,5
S5_wind_triggered,B0_climatology,all,all,9922.0,0.24374867448193896,0.2764564561263467,-0.35942700505256653,0.3854532539844513,0.8041840458000492,0.24412704207594577,0.8685748840959484,0.5308405563394477,0.550292279782302,0.6499999761581421,0.4569643217093328,0.529999852180481,0.34267284821608546,0.39000001549720764,0.20338641402942956,0.24000000953674316,1
S5_wind_triggered,B0_climatology,history_censor_frac,"(0,0.3]",2368.0,0.20907874320904296,0.2420306582291304,-0.334739089012146,0.3509199917316437,0.8139612066940503,0.20970905095692494,0.8990709459459459,0.4970439189189189,0.6338682432432432,0.6500000357627869,0.49915540540540543,0.5299999117851257,0.36021959459459457,0.39000004529953003,0.20650337837837837,0.24000002443790436,1
S5_wind_triggered,B0_climatology,history_censor_frac,"(0.3,1]",4205.0,0.37670854434158374,0.4212533003234042,-0.5683915615081787,0.5708540678024292,0.9553668255212792,0.10973594368686984,0.9890606420927467,0.8730083234244946,0.20499405469678952,0.6499999761581421,0.1248513674197384,0.5299999713897705,0.0741973840665874,0.39000004529953003,0.030915576694411414,0.24000000953674316,1
S5_wind_triggered,B0_climatology,history_censor_frac,0,3349.0,0.10131873852924006,0.11899140971606956,-0.1145077496767044,0.17708200216293335,0.607445943165004,0.25076325059885246,0.6957300686772171,0.12511197372349955,0.924753657808301,0.6500000357627869,0.8441325768886234,0.529999852180481,0.6673633920573305,0.39000004529953003,0.41773663780232906,0.24000002443790436,1
S5_wind_triggered,B0_climatology,target_cap_tertile,low,9922.0,0.24374867448193896,0.2764564561263467,-0.35942700505256653,0.3854532539844513,0.8041840458000492,0.24412704207594577,0.8685748840959484,0.5308405563394477,0.550292279782302,0.6499999761581421,0.4569643217093328,0.529999852180481,0.34267284821608546,0.39000001549720764,0.20338641402942956,0.24000000953674316,1
S5_wind_triggered,B0_climatology,target_censoring,censored,3167.0,0.4687985645734741,0.5157790020195355,-0.6764651536941528,0.6764651536941528,0.999453895755712,0.0016803670677346904,1.0,1.0,0.0,0.6500000953674316,0.0,0.529999852180481,0.0,0.39000001549720764,0.0,0.24000000953674316,1
S5_wind_triggered,B0_climatology,target_censoring,uncensored,6755.0,0.1382367570992755,0.1642529768008502,-0.21078750491142273,0.24901585280895233,0.7126341398326793,0.247548326877323,0.8069578090303479,0.31088082901554404,0.8082901554404145,0.6500001549720764,0.6712065136935603,0.529999852180481,0.5033308660251665,0.39000001549720764,0.2987416728349371,0.24000002443790436,1
S5_wind_triggered,B0_climatology,target_wind_band,7-11,4703.0,0.098183512940366,0.11885294174450092,-0.173473060131073,0.1868574172258377,0.7078725350148136,0.1655484824877072,0.8603019349351477,0.14862853497767384,0.9908568998511589,0.6500000357627869,0.8513714650223262,0.5299999117851257,0.6670210503933659,0.3900000751018524,0.41250265787795026,0.24000002443790436,1
S5_wind_triggered,B0_climatology,target_wind_band,<7,647.0,0.08774319836377545,0.10236726527454325,0.15091635286808014,0.15091635286808014,0.18116680147133754,0.09730951030353022,0.0,0.0,0.893353941267388,0.6500000953674316,0.8129829984544049,0.5299999117851257,0.40494590417310666,0.39000004529953003,0.1205564142194745,0.23999999463558197,1
S5_wind_triggered,B0_climatology,target_wind_band,>11,4572.0,0.4155615567606943,0.46321171304212483,-0.6229296326637268,0.6229296326637268,0.9914205270563134,0.016681573616802437,1.0,0.9991251093613298,0.048556430446194225,0.6500000357627869,0.0008748906386701663,0.5299999117851257,0.00021872265966754156,0.39000001549720764,0.0,0.24000000953674316,1
S5_wind_triggered,B0_persistence,all,all,9922.0,0.20018103963518438,0.1801629340814528,-0.11290273815393448,0.2001810371875763,0.6769804474904253,0.46763011152628825,0.6769804474904253,0.6769804474904253,0.0,0.0,0.0,0.0,0.0,0.0,0.0,0.0,1
S5_wind_triggered,B0_persistence,history_censor_frac,"(0,0.3]",2368.0,0.1737226345474089,0.15635037021270975,-0.050204597413539886,0.17372262477874756,0.5899493243243243,0.4918425754787781,0.5899493243243243,0.5899493243243243,0.0,0.0,0.0,0.0,0.0,0.0,0.0,0.0,1
S5_wind_triggered,B0_persistence,history_censor_frac,"(0.3,1]",4205.0,0.2723311959173393,0.2450980737598061,-0.22865372896194458,0.272331178188324,0.8492271105826397,0.3578273679221598,0.8492271105826397,0.8492271105826397,0.0,0.0,0.0,0.0,0.0,0.0,0.0,0.0,1
S5_wind_triggered,B0_persistence,history_censor_frac,0,3349.0,0.12829752099720015,0.11546776803000697,-0.011898347176611423,0.12829752266407013,0.5222454464019111,0.4995048949854043,0.5222454464019111,0.5222454464019111,0.0,0.0,0.0,0.0,0.0,0.0,0.0,0.0,1
S5_wind_triggered,B0_persistence,target_cap_tertile,low,9922.0,0.20018103963518438,0.1801629340814528,-0.11290273815393448,0.2001810371875763,0.6769804474904253,0.46763011152628825,0.6769804474904253,0.6769804474904253,0.0,0.0,0.0,0.0,0.0,0.0,0.0,0.0,1
S5_wind_triggered,B0_persistence,target_censoring,censored,3167.0,0.33600912881614586,0.302408212578594,-0.3358954191207886,0.33600911498069763,0.9968424376381434,0.05610340597314598,0.9968424376381434,0.9968424376381434,0.0,0.0,0.0,0.0,0.0,0.0,0.0,0.0,1
S5_wind_triggered,B0_persistence,target_censoring,uncensored,6755.0,0.13649968383413258,0.12284971468834457,-0.008355334401130676,0.13649968802928925,0.5270170244263509,0.49926954682931146,0.5270170244263509,0.5270170244263509,0.0,0.0,0.0,0.0,0.0,0.0,0.0,0.0,1
S5_wind_triggered,B0_persistence,target_wind_band,7-11,4703.0,0.12415462994384444,0.11173916621909556,0.014589217491447926,0.12415463477373123,0.48075696364022963,0.499629568332036,0.48075696364022963,0.48075696364022963,0.0,0.0,0.0,0.0,0.0,0.0,0.0,0.0,1
S5_wind_triggered,B0_persistence,target_wind_band,<7,647.0,0.15251207714713247,0.13726086869916462,0.1402006596326828,0.1525120735168457,0.160741885625966,0.3672927059327136,0.160741885625966,0.160741885625966,0.0,0.0,0.0,0.0,0.0,0.0,0.0,0.0,1
S5_wind_triggered,B0_persistence,target_wind_band,>11,4572.0,0.28513161345586274,0.25661844951430646,-0.2798652648925781,0.2851316034793854,0.9518810148731408,0.21401763571542473,0.9518810148731408,0.9518810148731408,0.0,0.0,0.0,0.0,0.0,0.0,0.0,0.0,1
S5_wind_triggered,B1,all,all,9922.0,0.10978580036175616,0.1222147145574021,-0.09214541614055634,0.16374770998954774,0.676789870255184,0.3245736734338195,0.6950010078613182,0.3943559766176174,0.6175972586172143,0.4511428952217102,0.5370489820600686,0.3545527160167694,0.3990324531344487,0.23700201511383057,0.2634146341463415,0.14723121225833893,5
S5_wind_triggered,B1,history_censor_frac,"(0,0.3]",2368.0,0.10311866768815152,0.11681157913000403,-0.0627694845199585,0.16135181486606598,0.6089763469740206,0.32389462160965365,0.6189189189189189,0.2883445945945946,0.7294763513513514,0.5002229809761047,0.6336148648648648,0.3974941074848175,0.46824324324324323,0.26627280116081237,0.30717905405405405,0.16779476404190063,5
S5_wind_triggered,B1,history_censor_frac,"(0.3,1]",4205.0,0.13993097336818855,0.1526677414086805,-0.15334560573101044,0.19695674777030944,0.824083420277608,0.28393579483458903,0.8394292508917955,0.6650178359096314,0.353769322235434,0.40635148286819456,0.2957907253269917,0.31976600289344786,0.2192627824019025,0.21938739717006683,0.14287752675386445,0.13589157462120055,5
S5_wind_triggered,B1,history_censor_frac,0,3349.0,0.07664973517186288,0.08779836543302254,-0.03607357256114483,0.12374456375837325,0.5397976472887767,0.2956052382334455,0.5674529710361302,0.12947148402508213,0.8697521648253209,0.47267961502075195,0.7716930426993132,0.3678680121898651,0.5758136757240967,0.23842221200466157,0.38381606449686473,0.14692923426628113,5
S5_wind_triggered,B1,target_cap_tertile,low,9922.0,0.10978580036175616,0.1222147145574021,-0.09214541614055634,0.16374770998954774,0.676789870255184,0.3245736734338195,0.6950010078613182,0.3943559766176174,0.6175972586172143,0.4511428952217102,0.5370489820600686,0.3545527160167694,0.3990324531344487,0.23700201511383057,0.2634146341463415,0.14723121225833893,5
S5_wind_triggered,B1,target_censoring,censored,3167.0,0.18762852338268848,0.20300211596905626,-0.2575065910816193,0.2575065910816193,0.9930567952789844,0.021764586238283805,1.0,0.9864856330912535,0.04414272181875592,0.40227848291397095,0.013514366908746448,0.3170956790447235,0.0015156299336911902,0.21806252598762513,0.0,0.13493212312459946,5
S5_wind_triggered,B1,target_censoring,uncensored,6755.0,0.0732901817374345,0.08433851910651996,-0.014617831446230412,0.11978999823331833,0.5285119499664533,0.29260186108023994,0.5520059215396003,0.11674315321983715,0.8864544781643227,0.4740523934364319,0.7825018504811251,0.3721140146255493,0.5854034048852702,0.2458815634250641,0.3869133974833457,0.152997487783432,5
S5_wind_triggered,B1,target_wind_band,7-11,4703.0,0.06602773831457426,0.07593293098790278,0.0006681493250653148,0.10757478624582291,0.49825476558196347,0.26321529719427267,0.5031256644694876,0.059961726557516484,0.9477780140335955,0.48379077911376955,0.8661280034020837,0.3799519598484039,0.6729746970019137,0.25001828372478485,0.45821815862215604,0.15538676977157592,5
S5_wind_triggered,B1,target_wind_band,<7,647.0,0.09835554912306334,0.11148064043284416,0.1522703140974045,0.15403783023357392,0.15055243498169407,0.1533032748872148,0.03523956723338485,0.0,0.6380216383307573,0.4272055685520172,0.48686244204018553,0.32799072861671447,0.29520865533230295,0.21050695180892945,0.1749613601236476,0.12935394048690796,5
S5_wind_triggered,B1,target_wind_band,>11,4572.0,0.15641518320500433,0.17134161177655,-0.22220647633075713,0.22290422320365905,0.9349102153776915,0.12388193672253575,0.9857392825896764,0.7941382327209099,0.27506561679790026,0.42094706296920775,0.20564304461942257,0.3321846067905426,0.13193350831146106,0.22736220061779022,0.07554680664916885,0.14137183427810668,5
S5_wind_triggered,B2_recon,all,all,9922.0,0.10526886889225273,0.11333232087173865,-0.053407464921474454,0.14194535911083223,0.6517625827554817,0.34331611645840143,0.6491030034267284,0.4040516024994961,0.5851642813948801,0.38722293376922606,0.5102801854464826,0.2951334476470947,0.38554726869582745,0.19254041016101836,0.2578109252166902,0.11986132264137268,5
S5_wind_triggered,B2_recon,history_censor_frac,"(0,0.3]",2368.0,0.09946861012360533,0.11186969469627595,-0.03462252728641033,0.15389627814292908,0.5813140029015516,0.32879345425391016,0.5744087837837838,0.2835304054054054,0.7190878378378379,0.49516805410385134,0.6315033783783784,0.3957364857196808,0.4880912162162162,0.2748851180076599,0.3359797297297297,0.177742400765419,5
S5_wind_triggered,B2_recon,history_censor_frac,"(0.3,1]",4205.0,0.13113298714387936,0.13424774558038383,-0.07809567898511886,0.14939179718494416,0.7813649537596995,0.3446251836081547,0.7570986920332936,0.6939833531510107,0.2805231866825208,0.25004186034202575,0.22872770511296076,0.17312769293785096,0.1697978596908442,0.1043628916144371,0.10906064209274673,0.06261259987950325,5
S5_wind_triggered,B2_recon,history_censor_frac,0,3349.0,0.07689514405381354,0.08810513003376994,-0.035691367089748384,0.12414542287588119,0.5388465681306297,0.2935488094204442,0.5663183039713348,0.12523141236189908,0.8729770080621082,0.4831418335437775,0.7780830098536876,0.3771896123886108,0.5839355031352642,0.24503194093704223,0.38931024186324276,0.1508163720369339,5
S5_wind_triggered,B2_recon,target_cap_tertile,low,9922.0,0.10526886889225273,0.11333232087173865,-0.053407464921474454,0.14194535911083223,0.6517625827554817,0.34331611645840143,0.6491030034267284,0.4040516024994961,0.5851642813948801,0.38722293376922606,0.5102801854464826,0.2951334476470947,0.38554726869582745,0.19254041016101836,0.2578109252166902,0.11986132264137268,5
S5_wind_triggered,B2_recon,target_censoring,censored,3167.0,0.16868357524448693,0.1704329103027748,-0.18352744579315186,0.18353815674781798,0.9968376141617409,0.014317198479681197,0.9996842437638144,0.9979791600884118,0.011367224502683928,0.2341067224740982,0.0020208399115882536,0.15986484289169312,0.0006315124723713293,0.09578907340765,0.00031575623618566466,0.057717710733413696,5
S5_wind_triggered,B2_recon,target_censoring,uncensored,6755.0,0.07553765127307796,0.08656140055669921,0.007597709679976106,0.12244509607553482,0.48997833042926064,0.3016573449022931,0.48473723168023686,0.12559585492227981,0.8541820873427092,0.45900962352752683,0.7485714285714286,0.35855247974395754,0.5660103626943005,0.2379010945558548,0.3785344189489267,0.14899660050868987,5
S5_wind_triggered,B2_recon,target_wind_band,7-11,4703.0,0.07301887981498556,0.08409944055133915,0.01562625989317894,0.12003796249628067,0.4777542732410701,0.27327400673699936,0.47897086965766533,0.05843078885817563,0.9274930895173293,0.4818443477153778,0.8410801615989794,0.3790082991123199,0.6454178184137784,0.25175801217556,0.4327025302998086,0.15751903355121613,5
S5_wind_triggered,B2_recon,target_wind_band,<7,647.0,0.09945358084097297,0.11266340588590022,0.15385300517082215,0.1554899275302887,0.14855018476485324,0.15129453678918753,0.030911901081916538,0.0,0.6343122102009273,0.4278485178947449,0.4871715610510046,0.3282967507839203,0.29335394126738795,0.21113137602806092,0.16939721792890264,0.12989180833101271,5
S5_wind_triggered,B2_recon,target_wind_band,>11,4572.0,0.13926584833222772,0.14349746176033804,-0.15374935567378997,0.16256373822689058,0.9019680729449424,0.2145808388410737,0.9115923009623798,0.8167541557305338,0.226071741032371,0.2841413080692291,0.17327209098862642,0.20416228473186493,0.13127734033245844,0.12899518013000488,0.09041994750656168,0.07970515936613083,5
S5_wind_triggered,B4,all,all,9922.0,0.1482781651258342,0.16210462476583612,-0.14936995804309844,0.2098379373550415,0.6994810837883005,0.3264959482877241,0.7329973795605724,0.4284015319492037,0.580588591009877,0.38346846103668214,0.4954041523886314,0.2884428441524506,0.34996976416045156,0.17875306606292723,0.2238459987905664,0.10627151429653167,5
S5_wind_triggered,B4,history_censor_frac,"(0,0.3]",2368.0,0.10809174451247058,0.12341146354944292,-0.09165038913488388,0.17658564150333406,0.6232688981496683,0.32856873180344864,0.6611486486486486,0.30422297297297296,0.7142736486486486,0.4815380096435547,0.6085304054054055,0.37540372014045714,0.43108108108108106,0.24141892194747924,0.2766891891891892,0.14729982018470764,5
S5_wind_triggered,B4,history_censor_frac,"(0.3,1]",4205.0,0.2274944014967542,0.24262492659031248,-0.27089802026748655,0.29668288826942446,0.8658257992857349,0.2647408945513702,0.9027348394768133,0.7287039239001188,0.2790011890606421,0.26228965520858766,0.21755053507728891,0.18060973584651946,0.1300356718192628,0.09867585003376007,0.07148632580261594,0.05295551717281342,5
S5_wind_triggered,B4,history_censor_frac,0,3349.0,0.07722924606722747,0.08836247385168146,-0.037591634318232536,0.12430747747421264,0.5445067412757802,0.29756399813905415,0.5706778142729173,0.1391460137354434,0.8647357420125411,0.4662776947021484,0.7642878471185429,0.36234994530677794,0.568766796058525,0.23498835563659667,0.37778441325768886,0.144204843044281,5
S5_wind_triggered,B4,target_cap_tertile,low,9922.0,0.1482781651258342,0.16210462476583612,-0.14936995804309844,0.2098379373550415,0.6994810837883005,0.3264959482877241,0.7329973795605724,0.4284015319492037,0.580588591009877,0.38346846103668214,0.4954041523886314,0.2884428441524506,0.34996976416045156,0.17875306606292723,0.2238459987905664,0.10627151429653167,5
S5_wind_triggered,B4,target_censoring,censored,3167.0,0.29557709721810144,0.313154845683412,-0.3780471384525299,0.3780471384525299,0.9967115945998939,0.010745879938314851,1.0,0.9981686138301231,0.013261761919797915,0.2506113052368164,0.0018313861698768552,0.17006882429122924,0.0,0.09154592752456665,0.0,0.04916449934244156,5
S5_wind_triggered,B4,target_censoring,uncensored,6755.0,0.07921884344763871,0.09128655672054184,-0.042157423496246335,0.1309750944375992,0.5601281559214883,0.30927759026843343,0.6078164322723908,0.16127313101406365,0.8465729089563286,0.4457569241523743,0.7268097705403405,0.34394108653068545,0.5140488527017024,0.21963907778263092,0.3287934863064397,0.1330454409122467,5
S5_wind_triggered,B4,target_wind_band,7-11,4703.0,0.06542723656028221,0.0743174642593468,-0.015924232266843318,0.10237686187028885,0.5185511769288529,0.27438489145991773,0.5692111418243674,0.07233680629385499,0.9244737401658515,0.46576396822929383,0.8360620880289178,0.3613425612449646,0.6400170104188816,0.232463538646698,0.4338082075271103,0.1414633125066757,5
S5_wind_triggered,B4,target_wind_band,<7,647.0,0.09729818146750677,0.10990465655168266,0.14812194108963012,0.15031805336475373,0.15595500214169913,0.15875188017018152,0.0401854714064915,0.0003091190108191654,0.6435857805255023,0.4164822340011597,0.49860896445131375,0.3195703327655792,0.3072642967542504,0.2052704721689224,0.18608964451313756,0.12602782398462295,5
S5_wind_triggered,B4,target_wind_band,>11,4572.0,0.2407173528928352,0.2597941250494268,-0.3287383854389191,0.32880094051361086,0.9625114264797558,0.0746103301249116,0.9995188101487313,0.855249343832021,0.21793525809273842,0.2941430389881134,0.14453193350831145,0.20904943346977234,0.05765529308836396,0.11975108087062836,0.013210848643919509,0.06727558076381683,5
S5_wind_triggered,B4_plain,all,all,9922.0,0.14722315151513513,0.16128984608379882,-0.14990634024143218,0.2096175730228424,0.7011568698114522,0.3247944059683336,0.7353960894980851,0.4285829469864947,0.5809312638580931,0.387309205532074,0.49701673049788353,0.29230639338493347,0.35091715379963717,0.18167949020862578,0.22366458375327553,0.1086518794298172,5
S5_wind_triggered,B4_plain,history_censor_frac,"(0,0.3]",2368.0,0.10740191223008584,0.122601352749042,-0.0904096782207489,0.17518114447593688,0.6232977755338217,0.3264876047210071,0.6591216216216216,0.3030405405405405,0.7185810810810811,0.48547635674476625,0.6122466216216216,0.3794771909713745,0.435472972972973,0.2445836216211319,0.280152027027027,0.15039695501327516,5
S5_wind_triggered,B4_plain,history_censor_frac,"(0.3,1]",4205.0,0.2253465491024651,0.24106156480224486,-0.2715139627456665,0.2967430830001831,0.8666676898341155,0.26265544825554604,0.9045897740784781,0.7279904875148633,0.2780499405469679,0.26893031001091006,0.22011890606420925,0.1874040275812149,0.1330796670630202,0.10372602790594102,0.07443519619500595,0.0566625326871872,5
S5_wind_triggered,B4_plain,history_censor_frac,0,3349.0,0.07728818817451824,0.08848431458354158,-0.03928467780351639,0.12457211464643478,0.5483940561518911,0.2974495250276421,0.5768886234696924,0.14141534786503435,0.8638996715437445,0.46653391122817994,0.7632128993729472,0.3623851895332336,0.5646461630337415,0.2350797325372696,0.37109584950731567,0.14441266655921936,5
S5_wind_triggered,B4_plain,target_cap_tertile,low,9922.0,0.14722315151513513,0.16128984608379882,-0.14990634024143218,0.2096175730228424,0.7011568698114522,0.3247944059683336,0.7353960894980851,0.4285829469864947,0.5809312638580931,0.387309205532074,0.49701673049788353,0.29230639338493347,0.35091715379963717,0.18167949020862578,0.22366458375327553,0.1086518794298172,5
S5_wind_triggered,B4_plain,target_censoring,censored,3167.0,0.29293049439143265,0.3111871987883377,-0.3775709688663483,0.3775709688663483,0.9967880091016872,0.010631638065887027,1.0,0.9984843700663089,0.011619829491632459,0.257530152797699,0.0015156299336911902,0.177257964015007,0.0,0.09634100496768952,0.0,0.05238268300890923,5
S5_wind_triggered,B4_plain,target_censoring,uncensored,6755.0,0.0789100271792011,0.09101228634800687,-0.043168528378009795,0.13087466657161712,0.5625537879266004,0.3076700680975006,0.6113397483345671,0.16139156180606956,0.8478460399703923,0.4481545567512512,0.7293264248704663,0.34624544978141786,0.515440414507772,0.22168940901756287,0.3285270170244263,0.13503300845623017,5
S5_wind_triggered,B4_plain,target_wind_band,7-11,4703.0,0.065622671380908,0.07457081198133572,-0.017725211195647718,0.10270904153585433,0.5231241679868119,0.2730606247448465,0.5746544758664682,0.07539868169253668,0.924728896449075,0.46732892990112307,0.8369551350201998,0.3628594517707825,0.6395917499468424,0.23388092815876008,0.43291516053582824,0.142970010638237,5
S5_wind_triggered,B4_plain,target_wind_band,<7,647.0,0.09614692656078608,0.10884381182369884,0.14792410433292388,0.14957310855388642,0.15384139304289532,0.15498071799074428,0.03802163833075734,0.0,0.6519319938176198,0.416204035282135,0.49768160741885625,0.3193199336528778,0.30231839258114374,0.205205562710762,0.17743431221020095,0.12601854354143144,5
S5_wind_triggered,B4_plain,target_wind_band,>11,4572.0,0.23838968161503318,0.2579154369740369,-0.32802184820175173,0.3280864417552948,0.961743245609908,0.0761988152868268,0.9994313210848643,0.8525371828521434,0.21723534558180227,0.30090769529342654,0.14724409448818898,0.21590900421142578,0.06084864391951006,0.12465309500694274,0.014960629921259844,0.07089281529188156,5
S5_wind_triggered,B6,all,all,9922.0,0.10524703913320037,0.11713787050327742,-0.07797750979661941,0.15646183788776397,0.6630935781997037,0.33292968098386977,0.6774642209232009,0.3861318282604314,0.6138077000604717,0.41961864233016966,0.5333602096351543,0.33126104474067686,0.39459786333400526,0.22008830308914185,0.26139891150977623,0.13713445663452148,5
S5_wind_triggered,B6,history_censor_frac,"(0,0.3]",2368.0,0.10112726670482222,0.1144312438405086,-0.04915630966424942,0.15772250294685364,0.5922602854730293,0.3313652842179987,0.595608108108108,0.28158783783783786,0.729222972972973,0.4869239926338196,0.6255067567567567,0.38458024263381957,0.4576858108108108,0.255720442533493,0.30194256756756754,0.16001858115196227,5
S5_wind_triggered,B6,history_censor_frac,"(0.3,1]",4205.0,0.13046931415486207,0.14215580150001975,-0.1301893785595894,0.18191121220588685,0.8053570135329788,0.3068749033577922,0.8175029726516053,0.6526991676575505,0.34449464922711054,0.3369716823101044,0.2890368608799049,0.2694649279117584,0.21032104637336504,0.1831805258989334,0.13731272294887037,0.1148547038435936,5
S5_wind_triggered,B6,history_censor_frac,0,3349.0,0.07649097900907739,0.08763918196823266,-0.03279916122555733,0.12361624091863632,0.5345523693613471,0.2949002493082948,0.559510301582562,0.1253508510002986,0.8703493580173186,0.4757999420166016,0.7749776052553001,0.37115139365196226,0.5813675724096745,0.2412349909543991,0.38853389071364586,0.14892804026603698,5
S5_wind_triggered,B6,target_cap_tertile,low,9922.0,0.10524703913320037,0.11713787050327742,-0.07797750979661941,0.15646183788776397,0.6630935781997037,0.33292968098386977,0.6774642209232009,0.3861318282604314,0.6138077000604717,0.41961864233016966,0.5333602096351543,0.33126104474067686,0.39459786333400526,0.22008830308914185,0.26139891150977623,0.13713445663452148,5
S5_wind_triggered,B6,target_censoring,censored,3167.0,0.17309619894055378,0.18709083390783338,-0.23538976907730103,0.23538976907730103,0.991823725701483,0.025786400857589292,1.0,0.9801705083675403,0.05134196400378908,0.33300787806510923,0.019829491632459742,0.26760910749435424,0.0027786548784338493,0.18192676901817323,0.0,0.11428986489772797,5
S5_wind_triggered,B6,target_censoring,uncensored,6755.0,0.07343678167799858,0.08434127019206665,-0.004176678322255612,0.11945742964744568,0.5089724268839178,0.2967586295214845,0.5262472242783124,0.1076239822353812,0.8775129533678756,0.46022502779960633,0.7741228719467061,0.361103481054306,0.5782975573649148,0.23797986805438995,0.3839526276831976,0.147844859957695,5
S5_wind_triggered,B6,target_wind_band,7-11,4703.0,0.06867985441645498,0.07885270821820156,0.00953440461307764,0.11168029606342315,0.47824430402792795,0.2713757704946004,0.47999149479055925,0.056389538592387836,0.9289815011694664,0.47672039866447447,0.8442270890920689,0.3744231402873993,0.6486497980012758,0.2462457984685898,0.4396342759940463,0.15282627940177917,5
S5_wind_triggered,B6,target_wind_band,<7,647.0,0.10066304076146307,0.11381298950744372,0.15473709106445313,0.15653498768806456,0.15033086382520425,0.15379337465243106,0.03462132921174652,0.0,0.6346213292117465,0.42975890040397646,0.48933539412673877,0.3302071154117584,0.2942812982998454,0.21184543669223785,0.1768160741885626,0.13024420142173768,5
S5_wind_triggered,B6,target_wind_band,>11,4572.0,0.1435106692008661,0.15699052059755042,-0.2009291470050812,0.20251613855361938,0.9258021548904656,0.14145749186007572,0.9715660542432196,0.7799650043744533,0.28665791776028,0.3594457387924194,0.2198162729658793,0.28701138496398926,0.14746281714785653,0.19434777796268463,0.09002624671916011,0.12196807265281677,5
S5_wind_triggered,BQR,all,all,9922.0,0.13362668924475932,0.14274484112009883,-0.13729903995990753,0.2006738841533661,0.6931524538959133,0.32446765917633985,0.7186051199354969,0.41126788953839954,0.6246522878451926,0.4547746300697327,0.518363233219109,0.34044237732887267,0.37002620439427536,0.22190434336662293,0.23309816569240072,0.13425155580043793,5
S5_wind_triggered,BQR,history_censor_frac,"(0,0.3]",2368.0,0.10669991094210007,0.11763579172400027,-0.08395808637142181,0.1713538497686386,0.6205730032357369,0.3257877145698367,0.6464527027027027,0.2872466216216216,0.7644425675675676,0.5051130950450897,0.6246621621621622,0.3819361746311188,0.43310810810810807,0.2486894518136978,0.2775337837837838,0.15277374386787415,5
S5_wind_triggered,BQR,history_censor_frac,"(0.3,1]",4205.0,0.19488499826292077,0.20421940061830948,-0.25275432169437406,0.28039018511772157,0.8628937928125527,0.2531792030149109,0.8926516052318668,0.7063020214030915,0.35229488703923895,0.41554767489433286,0.2594054696789536,0.3000437140464783,0.16846611177170037,0.19662121534347535,0.09607609988109393,0.11831572204828263,5
S5_wind_triggered,BQR,history_censor_frac,0,3349.0,0.07575013552703104,0.08331148975550802,-0.03004969544708729,0.12131370455026627,0.5313446930774091,0.30036123284109195,0.5510898775753956,0.12851597491788594,0.8677814272917288,0.46843482851982116,0.7683487608241266,0.36182761788368223,0.578501045088086,0.2347106546163559,0.37372349955210515,0.14116396009922028,5
S5_wind_triggered,BQR,target_cap_tertile,low,9922.0,0.13362668924475932,0.14274484112009883,-0.13729903995990753,0.2006738841533661,0.6931524538959133,0.32446765917633985,0.7186051199354969,0.41126788953839954,0.6246522878451926,0.4547746300697327,0.518363233219109,0.34044237732887267,0.37002620439427536,0.22190434336662293,0.23309816569240072,0.13425155580043793,5
S5_wind_triggered,BQR,target_censoring,censored,3167.0,0.2565930930261812,0.2672758762011552,-0.3616963267326355,0.3616963267326355,0.9944887016308563,0.02004283285455944,1.0,0.9920429428481212,0.0728765393116514,0.40978320837020876,0.00795705715187875,0.29531375765800477,6.315124723713293e-05,0.19307940006256102,0.0,0.11678393185138702,5
S5_wind_triggered,BQR,target_censoring,uncensored,6755.0,0.07597537898927993,0.0843599724151831,-0.03209309279918671,0.12518045604228972,0.5518746009608186,0.30310403377373396,0.5866765358993338,0.13897853441894892,0.8833456698741673,0.47586833238601683,0.757660991857883,0.36160039305686953,0.543478904515174,0.23541854918003083,0.3423834196891192,0.14244104027748108,5
S5_wind_triggered,BQR,target_wind_band,7-11,4703.0,0.0630495241402553,0.06896369483536566,-0.00865508511196822,0.09958434998989105,0.512197652521062,0.2652499108985761,0.5395704869232405,0.06268339357856687,0.9376142887518606,0.48500123620033264,0.8586008930469913,0.3704750180244446,0.6778651924303636,0.24126429259777069,0.4550712311290665,0.1458173543214798,5
S5_wind_triggered,BQR,target_wind_band,<7,647.0,0.09986049750822681,0.10842633736192593,0.15448180437088013,0.15593883097171785,0.14309801686583562,0.15564234475156136,0.03647604327666152,0.0,0.6500772797527048,0.41701831221580504,0.49304482225656876,0.3226520776748657,0.3010819165378671,0.2081489622592926,0.15826893353941268,0.12372820377349854,5
S5_wind_triggered,BQR,target_wind_band,>11,4572.0,0.21100445248623326,0.22349654779302922,-0.3109199285507202,0.31099051237106323,0.9571322552135829,0.07998965459127745,0.9993000874890638,0.8280402449693789,0.29912510936132986,0.42902501821517947,0.17195975503062116,0.3120668113231659,0.0631233595800525,0.20393622815608978,0.015354330708661417,0.12384356558322906,5
S5_wind_triggered,BT,all,all,9922.0,0.0925698482584658,0.10634541593957376,-0.07908716201782226,0.15015006065368652,0.6546571525725838,0.2998108978534002,0.6923200967546865,0.3090909090909091,0.7762144728885305,0.47154101729393005,0.6348518443862124,0.3680689334869385,0.4402136665994759,0.24191352128982543,0.28478129409393266,0.15075811743736267,5
S5_wind_triggered,BT,history_censor_frac,"(0,0.3]",2368.0,0.10221478953262213,0.11709750082529598,-0.07297219038009643,0.16485140919685365,0.6137864959671289,0.30786020176893186,0.6364864864864865,0.26368243243243245,0.7961993243243243,0.5350574254989624,0.6749155405405405,0.4168826162815094,0.4743243243243243,0.27379897236824036,0.31233108108108104,0.17060557305812835,5
S5_wind_triggered,BT,history_censor_frac,"(0.3,1]",4205.0,0.09894192763191165,0.11453846749659682,-0.11565809845924377,0.16342634856700897,0.754309765177308,0.27292530523180086,0.8208323424494649,0.4535552913198573,0.683281807372176,0.42909868359565734,0.4955529131985731,0.33584017157554624,0.3024494649227111,0.22096647918224335,0.17821640903686087,0.13774268627166747,5
S5_wind_triggered,BT,history_censor_frac,0,3349.0,0.07774936014185133,0.08845568204686785,-0.03749250192195177,0.1230853870511055,0.5584321537188522,0.2873358233603268,0.5704389369961183,0.15980889817856075,0.878769782024485,0.4799205720424652,0.7814272917288743,0.37402032017707826,0.5890713645864437,0.24566914439201354,0.3991042102120036,0.15306658744812013,5
S5_wind_triggered,BT,target_cap_tertile,low,9922.0,0.0925698482584658,0.10634541593957376,-0.07908716201782226,0.15015006065368652,0.6546571525725838,0.2998108978534002,0.6923200967546865,0.3090909090909091,0.7762144728885305,0.47154101729393005,0.6348518443862124,0.3680689334869385,0.4402136665994759,0.24191352128982543,0.28478129409393266,0.15075811743736267,5
S5_wind_triggered,BT,target_censoring,censored,3167.0,0.1310754027584627,0.15138183557420032,-0.2143995374441147,0.21487062871456147,0.9166606738122349,0.08279638686783973,0.9928007578149668,0.7300284180612567,0.5074834227976003,0.4263403654098511,0.2697189769497948,0.33407641053199766,0.09251657720239974,0.21986738741397857,0.03485948847489738,0.13715566843748092,5
S5_wind_triggered,BT,target_censoring,uncensored,6755.0,0.07451698503100612,0.08523063563122998,-0.015647588483989238,0.11980660110712052,0.5318199724443862,0.2846723202916282,0.5514433752775721,0.11173945225758697,0.9022057735011103,0.4927327811717987,0.806039970392302,0.3840059220790863,0.6032272390821614,0.25224958956241605,0.40195410806809767,0.15713545978069304,5
S5_wind_triggered,BT,target_wind_band,7-11,4703.0,0.06810377886201596,0.07716670742049996,-0.0020832863010582514,0.10638917833566666,0.5108325233276493,0.2663997136013604,0.5168190516691473,0.08398894322772699,0.9214969168615778,0.5009551346302032,0.8473314905379545,0.39035892486572266,0.673357431426749,0.25643418431282045,0.46600042526047203,0.1597435623407364,5
S5_wind_triggered,BT,target_wind_band,<7,647.0,0.09235418211133255,0.10749324624916134,0.1549101859331131,0.15630404651165009,0.1821009413329737,0.13939530608416054,0.030602782071097373,0.0006182380216383308,0.8349304482225657,0.43126121163368225,0.6497681607418857,0.3362534880638123,0.3601236476043277,0.220871701836586,0.19783616692426584,0.13767233192920686,5
S5_wind_triggered,BT,target_wind_band,>11,4572.0,0.11776745551321181,0.13619773876435526,-0.19141120314598084,0.19429392814636232,0.8694758533623815,0.1406727275354085,0.9664916885389326,0.5842957130358706,0.6184601924759405,0.4469842493534088,0.41417322834645665,0.34964258670806886,0.21172353455818022,0.2299545079469681,0.11067366579177602,0.14336702227592468,5
S5_wind_triggered,CLQR,all,all,9922.0,0.09282471571217886,0.10263751493772837,-0.0749293826520443,0.14960015714168548,0.6479954326685599,0.3172169732240131,0.6820802257609353,0.31564200765974604,0.7777262648659544,0.4714177012443542,0.6081233622253578,0.35631195902824403,0.4160249949606934,0.2270886331796646,0.26379762144728885,0.13761544227600098,5
S5_wind_triggered,CLQR,history_censor_frac,"(0,0.3]",2368.0,0.10105064891143449,0.1112594287463706,-0.06269915699958802,0.16134613156318664,0.6016261016229414,0.32740527677718945,0.6149493243243243,0.26663851351351353,0.7773648648648649,0.5067241311073303,0.6441722972972973,0.39054110646247864,0.44222972972972974,0.2501997798681259,0.28690878378378376,0.1535530924797058,5
S5_wind_triggered,CLQR,history_censor_frac,"(0.3,1]",4205.0,0.10158366951962998,0.11295297100555937,-0.115952168405056,0.16505692303180694,0.7627583411167341,0.2834861001582011,0.8182639714625445,0.48841854934601664,0.7094887039239002,0.4597828149795532,0.4604518430439953,0.3334976136684418,0.27338882282996435,0.20902432203292848,0.16604042806183114,0.12595987021923066,5
S5_wind_triggered,CLQR,history_censor_frac,0,3349.0,0.07601061879483959,0.08358908714910662,-0.03206893317401409,0.12188733965158463,0.5366859509998383,0.3008759366291596,0.5585547924753658,0.1333532397730666,0.8636607942669453,0.461062091588974,0.7680501642281278,0.36075501441955565,0.5765900268736937,0.2334287792444229,0.3702000597193192,0.14098102152347564,5
S5_wind_triggered,CLQR,target_cap_tertile,low,9922.0,0.09282471571217886,0.10263751493772837,-0.0749293826520443,0.14960015714168548,0.6479954326685599,0.3172169732240131,0.6820802257609353,0.31564200765974604,0.7777262648659544,0.4714177012443542,0.6081233622253578,0.35631195902824403,0.4160249949606934,0.2270886331796646,0.26379762144728885,0.13761544227600098,5
S5_wind_triggered,CLQR,target_censoring,censored,3167.0,0.13422457750099745,0.1487839104452832,-0.21515147089958192,0.21532673835754396,0.9333407921093742,0.08262537763993597,0.9970318913798547,0.7782759709504263,0.532996526681402,0.4597725570201874,0.22172402904957375,0.3330541789531708,0.07186611935585727,0.20922620296478273,0.03397537101357752,0.12680366039276122,5
S5_wind_triggered,CLQR,target_censoring,uncensored,6755.0,0.07341489153968614,0.08100233587445285,-0.009187953802756966,0.11878503113985062,0.5142147141860937,0.2968585902580544,0.534418948926721,0.0987416728349371,0.8924648408586233,0.47687738537788393,0.7892820133234641,0.36721609234809877,0.577379718726869,0.2354632019996643,0.37154700222057735,0.1426844120025635,5
S5_wind_triggered,CLQR,target_wind_band,7-11,4703.0,0.06721379584112992,0.0739788383985536,0.0049161979695782065,0.10805803835391999,0.4893478041521736,0.27420139799464077,0.4925792047629173,0.06408675313629598,0.9275356155645333,0.4829274296760559,0.8436317244312141,0.3740708947181702,0.6472039123963428,0.24079857170581817,0.42836487348500957,0.145818093419075,5
S5_wind_triggered,CLQR,target_wind_band,<7,647.0,0.09845409496288625,0.10690452089715732,0.15170146524906158,0.15354987978935242,0.15009368995639927,0.1646684445668285,0.04729520865533231,0.0,0.6472952086553323,0.4073691725730896,0.504791344667697,0.31808008551597594,0.312210200927357,0.20433652698993682,0.17743431221020095,0.12300467491149902,5
S5_wind_triggered,CLQR,target_wind_band,>11,4572.0,0.11837282327524438,0.13151349982573984,-0.18913408517837524,0.1917736142873764,0.8816485876220446,0.1455983647113842,0.9668416447944006,0.6190726159230097,0.642082239720035,0.4686419010162354,0.3804899387576553,0.343454509973526,0.19291338582677164,0.21620558202266693,0.10673665791776028,0.13124537020921706,5
S5_wind_triggered,ORACLE,all,all,9922.0,0.07515151749506391,0.08619283064488421,-0.008824511617422103,0.121755813062191,0.5327743056027544,0.2922663225490455,0.5460995766982463,0.12588187865349726,0.8753880266075388,0.4816196322441101,0.7840556339447693,0.3773168623447418,0.5857085265067526,0.24664381444454192,0.39483975005039307,0.1531239777803421,5
S5_wind_triggered,ORACLE,history_censor_frac,"(0,0.3]",2368.0,0.09241570550350572,0.1068859980756024,-0.0283015800639987,0.15328688621520997,0.5426787142242178,0.2999806156178075,0.5597972972972973,0.14864864864864863,0.8660472972972973,0.5705101251602173,0.7619087837837838,0.45463430881500244,0.5567567567567567,0.3050489783287048,0.3751689189189189,0.1922500103712082,5
S5_wind_triggered,ORACLE,history_censor_frac,"(0.3,1]",4205.0,0.06402721945515322,0.0729825527923632,0.02060635443776846,0.10197643041610718,0.5285446041604396,0.28703289958403383,0.5302259215219977,0.11843043995243759,0.8766230677764566,0.41929938793182375,0.799191438763377,0.328872287273407,0.6015695600475623,0.2132675290107727,0.41084423305588585,0.13191630095243453,5
S5_wind_triggered,ORACLE,history_censor_frac,0,3349.0,0.0769120657344889,0.08814798080729394,-0.0320060882717371,0.1242958813905716,0.5310819362236289,0.29250041806994115,0.5563451776649746,0.11914004180352344,0.8804419229620782,0.49701642990112305,0.7807106598984772,0.38347447514533994,0.586264556584055,0.2472541004419327,0.38865332935204544,0.15208719968795775,5
S5_wind_triggered,ORACLE,target_cap_tertile,low,9922.0,0.07515151749506391,0.08619283064488421,-0.008824511617422103,0.121755813062191,0.5327743056027544,0.2922663225490455,0.5460995766982463,0.12588187865349726,0.8753880266075388,0.4816196322441101,0.7840556339447693,0.3773168623447418,0.5857085265067526,0.24664381444454192,0.39483975005039307,0.1531239777803421,5
S5_wind_triggered,ORACLE,target_censoring,censored,3167.0,0.06184540351345208,0.07018173900572619,-0.0810841053724289,0.09689337760210037,0.700385348994959,0.2318650570638056,0.7651405115251027,0.25740448373855385,0.8292390274707925,0.4074480414390564,0.7401326176191979,0.31699525117874144,0.5455636248815914,0.2022570103406906,0.38130723081780865,0.12404863387346268,5
S5_wind_triggered,ORACLE,target_censoring,uncensored,6755.0,0.08138992800280109,0.09369943719132587,0.02505352273583412,0.1334122598171234,0.4541918963617312,0.28417038920251636,0.4434048852701703,0.06421909696521096,0.8970244263508512,0.5163940787315369,0.8046484085862324,0.40559791922569277,0.6045299777942266,0.2674540221691132,0.40118430792005916,0.1667555958032608,5
S5_wind_triggered,ORACLE,target_wind_band,7-11,4703.0,0.07872719675446668,0.09057481517748929,0.02742723822593689,0.12871791273355485,0.46789186134946964,0.2751777269277039,0.46514990431639375,0.057452689772485646,0.921326812672762,0.5260438084602356,0.8340633638103337,0.4117159307003021,0.6332128428662556,0.2701279938220978,0.4248777376142888,0.16790814697742462,5
S5_wind_triggered,ORACLE,target_wind_band,<7,647.0,0.10079738581884175,0.11397954659575901,0.15529968738555908,0.15693483054637908,0.1502241638740873,0.15133864732976007,0.03245749613601236,0.0,0.6417310664605873,0.4389922857284546,0.49149922720247297,0.33575270771980287,0.3004636785162288,0.21522102653980255,0.17403400309119013,0.1320154547691345,5
S5_wind_triggered,ORACLE,target_wind_band,>11,4572.0,0.06784414733704652,0.0777530934451778,-0.0693407692015171,0.10961592495441437,0.6536518377597197,0.2535155168985381,0.7020559930008748,0.21408573928258967,0.8611986001749781,0.44195492267608644,0.7740157480314961,0.3478140771389008,0.5772090988626422,0.22693349719047545,0.3951881014873141,0.1409033328294754,5
