run,scenario,model,seed,window_type,n_windows,wis_mean,dispersion_mean,dispersion_share,overprediction_mean,overprediction_share,underprediction_mean,underprediction_share,identity_max_abs_gap
pap_benchmark_semisyn,S1_fixed_50pct,B0_persistence,,all,9922,0.2135139622298839,0.0,0.0,0.04012543555387408,0.18792886017764152,0.1733885266760098,0.8120711398223583,8.940696716308594e-08
pap_benchmark_semisyn,S1_fixed_50pct,B0_persistence,,censored,4134,0.3298068854554111,0.0,0.0,0.0020336277627921876,0.00616611675642875,0.3277732576926189,0.9938338832435712,8.940696716308594e-08
pap_benchmark_semisyn,S1_fixed_50pct,B0_persistence,,clean,5788,0.13045332908988225,0.0,0.0,0.06733198935628122,0.5161385288212118,0.06312133973360103,0.48386147117878814,8.940696716308594e-08
pap_benchmark_semisyn,S1_fixed_50pct,B0_climatology,,all,9922,0.26553956151485686,0.04722222247057492,0.17783497947040502,0.002670500889839687,0.010056885213656847,0.21564683815444233,0.8121081353159384,6.730357809958676e-08
pap_benchmark_semisyn,S1_fixed_50pct,B0_climatology,,censored,4134,0.3734877548403752,0.04722222247057492,0.12643579838583252,0.0,0.0,0.3262655323698003,0.8735642016141676,6.730357809958676e-08
pap_benchmark_semisyn,S1_fixed_50pct,B0_climatology,,clean,5788,0.1884390378093122,0.04722222247057491,0.2505968138001249,0.004577869700931129,0.024293637635549963,0.13663894563780618,0.7251095485643252,6.730357809958676e-08
pap_benchmark_semisyn,S1_fixed_50pct,B1,1024,all,9922,0.09826765692295748,0.03600626009549563,0.36641008062016567,0.010118619840148354,0.10296999192808089,0.0521427769873135,0.5306199274517535,8.493661884934056e-08
pap_benchmark_semisyn,S1_fixed_50pct,B1,1024,censored,4134,0.13557820178989693,0.04002582931251578,0.29522319063165536,0.0022816165271628414,0.016828785874432976,0.09327075595021832,0.6879480234939117,8.493661884934056e-08
pap_benchmark_semisyn,S1_fixed_50pct,B1,1024,clean,5788,0.07161910950071702,0.0331353376450531,0.462660564701958,0.015716092489747892,0.21943993159521968,0.022767679365916036,0.31789950370282244,8.493661884934056e-08
pap_benchmark_semisyn,S1_fixed_50pct,B1,123,all,9922,0.08711841773229993,0.034664953396823295,0.39790614085006454,0.01295121399308489,0.148662181088754,0.03950225034239174,0.45343167806118145,7.318125827548982e-08
pap_benchmark_semisyn,S1_fixed_50pct,B1,123,censored,4134,0.10991294934079256,0.03729626953430422,0.33932552768340885,0.004352582082218851,0.039600266468361026,0.06826409772426949,0.6210742058482301,7.318125827548982e-08
pap_benchmark_semisyn,S1_fixed_50pct,B1,123,clean,5788,0.07083773465187346,0.03278557176027422,0.46282637243266406,0.01909266947330607,0.26952682164577274,0.018959493418293165,0.26764680592156315,7.318125827548982e-08
pap_benchmark_semisyn,S1_fixed_50pct,B1,256,all,9922,0.0873937428284856,0.03648731225748213,0.4175048587756474,0.011920299119240304,0.13639762680303624,0.038986131451763155,0.44609751442131623,7.400910057020482e-08
pap_benchmark_semisyn,S1_fixed_50pct,B1,256,censored,4134,0.1100932182587248,0.04001792734862816,0.3634913029300674,0.004078551571785567,0.037046347052919815,0.06599673933831106,0.5994623500170126,7.400910057020482e-08
pap_benchmark_semisyn,S1_fixed_50pct,B1,256,clean,5788,0.0711809523259616,0.03396561861774513,0.477172860264711,0.017521160273555762,0.2461495625026265,0.01969417343466071,0.2766775772326625,7.400910057020482e-08
pap_benchmark_semisyn,S1_fixed_50pct,B1,42,all,9922,0.08698700013931533,0.03678925633625718,0.4229282108514697,0.012937142174758462,0.14872500665661292,0.03726060162829967,0.4283467824919171,7.400910062571597e-08
pap_benchmark_semisyn,S1_fixed_50pct,B1,42,censored,4134,0.10913593075043673,0.04005044900004642,0.3669776646852499,0.0034424686187737373,0.03154294461139199,0.06564301313161656,0.6014793907033581,7.400910062571597e-08
pap_benchmark_semisyn,S1_fixed_50pct,B1,42,clean,5788,0.07116742875949916,0.034459993987932265,0.4842101869998032,0.01971858316999703,0.2770731430614608,0.016988851601569863,0.23871666993873591,7.400910062571597e-08
pap_benchmark_semisyn,S1_fixed_50pct,B1,789,all,9922,0.08674687917296652,0.03509419043360572,0.40455853591724766,0.013533936682731024,0.15601641017823142,0.03811875205662977,0.43942505390452086,7.814831204377981e-08
pap_benchmark_semisyn,S1_fixed_50pct,B1,789,censored,4134,0.10872326609229252,0.03793560202698429,0.3489188964833128,0.004018338168557469,0.03695932170715328,0.06676932589675075,0.6141217818095338,7.814831204377981e-08
pap_benchmark_semisyn,S1_fixed_50pct,B1,789,clean,5788,0.07105054476997867,0.03306475098525966,0.4653694224626223,0.020330323043752697,0.2861388763389604,0.017655470740966312,0.24849170119841732,7.814831204377981e-08
pap_benchmark_semisyn,S1_fixed_50pct,B4_plain,1024,all,9922,0.17119606997684342,0.022873076817615707,0.13360748772275904,0.01139860988986048,0.06658219368822133,0.13692438326936726,0.7998103185890199,9.80165269504063e-08
pap_benchmark_semisyn,S1_fixed_50pct,B4_plain,1024,censored,4134,0.2902327529226158,0.01060984795425987,0.036556342616123526,0.00014743324070215697,0.0005079827800877692,0.2794754717276538,0.9629356746037888,9.80165269504063e-08
pap_benchmark_semisyn,S1_fixed_50pct,B4_plain,1024,clean,5788,0.0861757439060378,0.03163192065332978,0.36706292536122254,0.019434609245012606,0.22552296463147728,0.03510921400769541,0.4074141100073002,9.80165269504063e-08
pap_benchmark_semisyn,S1_fixed_50pct,B4_plain,123,all,9922,0.17970791670562136,0.023685883357695402,0.1318021141856267,0.010352621040449848,0.057608041038105316,0.14566941230747613,0.810589844776268,1.0232130687182206e-07
pap_benchmark_semisyn,S1_fixed_50pct,B4_plain,123,censored,4134,0.30790490337374604,0.010160323681237428,0.032998252284746704,0.00011694728158683102,0.0003798162364594636,0.29762763241092177,0.9666219314787938,1.0232130687182206e-07
pap_benchmark_semisyn,S1_fixed_50pct,B4_plain,123,clean,5788,0.08814496872945905,0.03334632974720426,0.3783123441742119,0.017663311316735215,0.20038933102295078,0.03713532766551958,0.42129832480283735,1.0232130687182206e-07
pap_benchmark_semisyn,S1_fixed_50pct,B4_plain,256,all,9922,0.15968902463064158,0.023283186740877072,0.1458032998493838,0.01193225714882945,0.07472183624659609,0.12447358074093504,0.77947486390402,8.576446108854441e-08
pap_benchmark_semisyn,S1_fixed_50pct,B4_plain,256,censored,4134,0.2660641559804624,0.013178062727468083,0.04952964325053907,0.00028481607872113445,0.0010704789514828486,0.25260127717427316,0.949399877797978,8.576446108854441e-08
pap_benchmark_semisyn,S1_fixed_50pct,B4_plain,256,clean,5788,0.08371203897062783,0.03050063364333609,0.36435181866777716,0.020251282958060234,0.24191601598864212,0.03296012236923151,0.3937321653435807,8.576446108854441e-08
pap_benchmark_semisyn,S1_fixed_50pct,B4_plain,42,all,9922,0.16898930805669313,0.023737631458970582,0.14046824460046312,0.011437180574093356,0.06767990653146157,0.13381449602362921,0.7918518488680755,9.80165269504063e-08
pap_benchmark_semisyn,S1_fixed_50pct,B4_plain,42,censored,4134,0.2858483305968201,0.01156778483645721,0.04046826095609843,0.00015349514169256734,0.0005369810674496026,0.27412705061867026,0.9589947579764518,9.80165269504063e-08
pap_benchmark_semisyn,S1_fixed_50pct,B4_plain,42,clean,5788,0.08552434620788792,0.03242977830373048,0.37918767861612107,0.019496398883966346,0.22796314439604792,0.03359816902019109,0.39284917698783095,9.80165269504063e-08
pap_benchmark_semisyn,S1_fixed_50pct,B4_plain,789,all,9922,0.1571484572452968,0.02314877161794663,0.14730511532679672,0.012317278717045178,0.07837988951949329,0.12168240691030499,0.7743149951537099,9.80165269504063e-08
pap_benchmark_semisyn,S1_fixed_50pct,B4_plain,789,censored,4134,0.2607404780966687,0.013513250613650898,0.05182643950142986,0.00023893355227462557,0.0009163653991078504,0.2469882939307432,0.9472571950994623,9.80165269504063e-08
pap_benchmark_semisyn,S1_fixed_50pct,B4_plain,789,clean,5788,0.08315927027232312,0.030030810980724548,0.36112403202171117,0.02094407189450915,0.251854926407161,0.032184387397089426,0.38702104157112793,9.80165269504063e-08
pap_benchmark_semisyn,S1_fixed_50pct,B4,1024,all,9922,0.17361564348976202,0.023134930393996677,0.1332537202810352,0.010115695851124195,0.05826488701014266,0.14036501724464118,0.8084813927088222,8.708900878229286e-08
pap_benchmark_semisyn,S1_fixed_50pct,B4,1024,censored,4134,0.2978636072447244,0.010835537384543275,0.03637751346924638,0.0001447401027272403,0.0004859274486940662,0.2868833297574539,0.9631365590820596,8.708900878229286e-08
pap_benchmark_semisyn,S1_fixed_50pct,B4,1024,clean,5788,0.08487323122939329,0.031919603977459084,0.37608564579316606,0.01723731490155146,0.20309483510723028,0.03571631235038274,0.4208195190996035,8.708900878229286e-08
pap_benchmark_semisyn,S1_fixed_50pct,B4,123,all,9922,0.1725375888949806,0.023064032897710945,0.13367540977838432,0.011337099493231728,0.06570799769395376,0.13813645650403794,0.8006165925276619,1.0232130687182206e-07
pap_benchmark_semisyn,S1_fixed_50pct,B4,123,censored,4134,0.2955335310155617,0.010152636768528353,0.034353586659490606,0.00018810060263538736,0.0006364780402041172,0.285192793644398,0.9650099353003054,1.0232130687182206e-07
pap_benchmark_semisyn,S1_fixed_50pct,B4,123,clean,5788,0.08468941599821452,0.032285821356252895,0.3812261659347559,0.01930011977894791,0.2278929374050095,0.033103474863013724,0.3908808966602348,1.0232130687182206e-07
pap_benchmark_semisyn,S1_fixed_50pct,B4,256,all,9922,0.17255875443150995,0.022387892298915864,0.12974069251178913,0.0113078305241328,0.06553032073849939,0.13886303160846128,0.8047289867497115,9.80165269504063e-08
pap_benchmark_semisyn,S1_fixed_50pct,B4,256,censored,4134,0.29491586981349555,0.00982849546566238,0.03332643805122427,0.00012855876814080384,0.00043591675219819214,0.2849588155796923,0.9662376451965774,9.80165269504063e-08
pap_benchmark_semisyn,S1_fixed_50pct,B4,256,clean,5788,0.08516685481348499,0.031358270064753786,0.3681980523224469,0.019292472790765645,0.2265255988731305,0.034516111957965556,0.40527634880442254,9.80165269504063e-08
pap_benchmark_semisyn,S1_fixed_50pct,B4,42,all,9922,0.17122041927824744,0.02447764797112367,0.1429598646838112,0.010919868025244818,0.06377666911035373,0.13582290328187893,0.793263466205835,9.934107458864361e-08
pap_benchmark_semisyn,S1_fixed_50pct,B4,42,censored,4134,0.2925831417212448,0.011092861440582013,0.03791353587675468,0.00015292391689632524,0.0005226682439619906,0.28133735636376644,0.9615637958792833,9.934107458864361e-08
pap_benchmark_semisyn,S1_fixed_50pct,B4,42,clean,5788,0.08453875124449635,0.03403754906256444,0.40262658912625415,0.018610010897379004,0.2201358622338363,0.0318911912845529,0.3772375486399095,9.934107458864361e-08
pap_benchmark_semisyn,S1_fixed_50pct,B4,789,all,9922,0.1679257064140637,0.02274264828879649,0.13543279807749437,0.013350859906450747,0.07950456300913687,0.13183219821881645,0.7850626389133687,8.278422886087711e-08
pap_benchmark_semisyn,S1_fixed_50pct,B4,789,censored,4134,0.28561366433085983,0.010883809139269505,0.038106752226887544,0.0003365170027769708,0.0011782244507291628,0.2743933381888134,0.9607150233223835,8.278422886087711e-08
pap_benchmark_semisyn,S1_fixed_50pct,B4,789,clean,5788,0.08386868878655238,0.03121266229089473,0.3721610858890572,0.022646176693559835,0.27001944374252523,0.030009849802097824,0.3578194703684177,8.278422886087711e-08
pap_benchmark_semisyn,S1_fixed_50pct,B6,1024,all,9922,0.07499206223757035,0.03527112589748682,0.470331457024745,0.021722726617198262,0.2896670123350118,0.01799820972288527,0.24000153064024327,1.0000334838000668e-07
pap_benchmark_semisyn,S1_fixed_50pct,B6,1024,censored,4134,0.07235531034531298,0.0345496156140429,0.4774993770209286,0.01137259921508278,0.15717711887085387,0.0264330955161873,0.36532350410821757,1.0000334838000668e-07
pap_benchmark_semisyn,S1_fixed_50pct,B6,1024,clean,5788,0.0768753262877763,0.03578645476959415,0.4655128829714566,0.029115163846007073,0.3787322311584983,0.01197370767217508,0.15575488587004516,1.0000334838000668e-07
pap_benchmark_semisyn,S1_fixed_50pct,B6,123,all,9922,0.07589314654895009,0.03580046591068334,0.47172198727578785,0.017559219802737065,0.23136766099705192,0.02253346083552969,0.29691035172716024,7.417466907355674e-08
pap_benchmark_semisyn,S1_fixed_50pct,B6,123,censored,4134,0.07825788799508111,0.03681871210935471,0.47047924564063043,0.007166003031300799,0.0915690828731695,0.0342731728544256,0.4379516714862,7.417466907355674e-08
pap_benchmark_semisyn,S1_fixed_50pct,B6,123,clean,5788,0.07420416224723868,0.03507319746125218,0.47265808815943267,0.02498243302545951,0.33667158645658274,0.014148531760526979,0.1906703253839845,7.417466907355674e-08
pap_benchmark_semisyn,S1_fixed_50pct,B6,256,all,9922,0.07517016347678838,0.0363636027450795,0.4837504810842686,0.019698859304338196,0.2620568905696335,0.01910770142737069,0.25419262834609785,5.2485201074148335e-08
pap_benchmark_semisyn,S1_fixed_50pct,B6,256,censored,4134,0.07330005106502216,0.036435279220767974,0.49707031156700543,0.008877391013343996,0.12111029780141822,0.02798738083091018,0.3818193906315762,5.2485201074148335e-08
pap_benchmark_semisyn,S1_fixed_50pct,B6,256,clean,5788,0.07650586574186123,0.036312408800626125,0.4746356171322599,0.02742794532973039,0.35850774399802415,0.012765511611504717,0.166856638869716,5.2485201074148335e-08
pap_benchmark_semisyn,S1_fixed_50pct,B6,42,all,9922,0.07638152871759743,0.03867020547583053,0.5062769248675871,0.015562978745123923,0.20375317182593114,0.02214834449664297,0.28996990330648154,9.520186317057977e-08
pap_benchmark_semisyn,S1_fixed_50pct,B6,42,censored,4134,0.0785917674574028,0.03984636892800142,0.5070043621248038,0.005623810633673358,0.07155724849579818,0.03312158789572803,0.42143838937939804,9.520186317057977e-08
pap_benchmark_semisyn,S1_fixed_50pct,B6,42,clean,5788,0.07480289586508267,0.03783014678348871,0.505731046184637,0.02266189390972942,0.30295476729408,0.01431085517186453,0.19131418652128296,9.520186317057977e-08
pap_benchmark_semisyn,S1_fixed_50pct,B6,789,all,9922,0.07539362069169707,0.038431969457496516,0.5097509458347176,0.018228093252956296,0.24177235534947208,0.01873355798124426,0.24847669881581036,6.688965692447368e-08
pap_benchmark_semisyn,S1_fixed_50pct,B6,789,censored,4134,0.07470155496268205,0.03939665657605964,0.5273873695901063,0.007842305105091237,0.10498181877216536,0.027462593281531163,0.3676308116377282,6.688965692447368e-08
pap_benchmark_semisyn,S1_fixed_50pct,B6,789,clean,5788,0.0758879191926902,0.037742954850008614,0.49735129453442906,0.025646000682685764,0.3379457620595306,0.012498963659995806,0.16470294340604022,6.688965692447368e-08
pap_benchmark_semisyn,S1_fixed_50pct,BQR,1024,all,9922,0.1497107702462488,0.028330160863397163,0.18923261711097245,0.009070581297535279,0.06058736644408223,0.11231002808531634,0.7501800164449453,7.781717514809827e-08
pap_benchmark_semisyn,S1_fixed_50pct,BQR,1024,censored,4134,0.24441232614382194,0.022617821613912306,0.09253961111847968,8.401345490243034e-05,0.0003437365710148083,0.2217104910750072,0.9071166523105055,7.781717514809827e-08
pap_benchmark_semisyn,S1_fixed_50pct,BQR,1024,clean,5788,0.0820714765212026,0.032410121205029924,0.3949011590726894,0.015489114722110984,0.18872713613370265,0.034172240594061695,0.41637170479360797,7.781717514809827e-08
pap_benchmark_semisyn,S1_fixed_50pct,BQR,123,all,9922,0.15561250654631406,0.02759898867540372,0.17735713721178054,0.008745026904800514,0.05619745545450604,0.11926849096610984,0.7664454073337135,6.854534151390368e-08
pap_benchmark_semisyn,S1_fixed_50pct,BQR,123,censored,4134,0.2587011147885217,0.020329209296212514,0.07858183878655052,9.117649267073928e-05,0.0003524395043495371,0.23828072899963845,0.9210657217091,6.854534151390368e-08
pap_benchmark_semisyn,S1_fixed_50pct,BQR,123,clean,5788,0.08198287515839313,0.03279132937228977,0.3999777918124491,0.014925921445875928,0.18206145389556838,0.03426562434022743,0.41796075429198254,6.854534151390368e-08
pap_benchmark_semisyn,S1_fixed_50pct,BQR,256,all,9922,0.15528453199622197,0.025559491640421438,0.16459779549094622,0.010434343522438468,0.06719499610361922,0.11929069683336205,0.7682072084054344,7.98039966332098e-08
pap_benchmark_semisyn,S1_fixed_50pct,BQR,256,censored,4134,0.25880859305117215,0.01909330819087077,0.07377385721924466,0.0001184096908220737,0.0004575183900430288,0.2395968751694793,0.9257686243907123,7.98039966332098e-08
pap_benchmark_semisyn,S1_fixed_50pct,BQR,256,clean,5788,0.0813438843802641,0.030177874912785375,0.3709913184341025,0.01780235846022392,0.21885306554825873,0.033363651007254816,0.4101556160176389,7.98039966332098e-08
pap_benchmark_semisyn,S1_fixed_50pct,BQR,42,all,9922,0.15378362717605754,0.02557567103607316,0.16630945378075343,0.010326306389005587,0.06714828215869577,0.1178816497509788,0.7665422640605508,8.90758302674044e-08
pap_benchmark_semisyn,S1_fixed_50pct,BQR,42,censored,4134,0.25484110839714597,0.018522292836925445,0.07268173079854993,0.00013005341316226835,0.0005103313746367494,0.23618876214705828,0.9268079378268135,8.90758302674044e-08
pap_benchmark_semisyn,S1_fixed_50pct,BQR,42,clean,5788,0.08160470054026286,0.030613450143757444,0.37514322019542373,0.017608840909070597,0.21578218892406312,0.03338240948743482,0.4090745908805132,8.90758302674044e-08
pap_benchmark_semisyn,S1_fixed_50pct,BQR,789,all,9922,0.1580322891843262,0.026474220653701225,0.1675241230152791,0.010434686722556243,0.06602882725052094,0.12112338180806874,0.7664470497342,8.808241946933748e-08
pap_benchmark_semisyn,S1_fixed_50pct,BQR,789,censored,4134,0.2659747808226887,0.019320779411203408,0.07264139611824155,0.00015370030720464738,0.0005778754915380914,0.24650030110428067,0.9267807283902204,8.808241946933748e-08
pap_benchmark_semisyn,S1_fixed_50pct,BQR,789,clean,5788,0.08093583783101063,0.031583468424344965,0.39022847320478016,0.017777740945269356,0.2196522754529119,0.031574628461396324,0.39011925134230807,8.808241946933748e-08
pap_benchmark_semisyn,S1_fixed_50pct,BT,1024,all,9922,0.07742642434685595,0.037219062045622635,0.48070232300652516,0.025258367941836116,0.3262241302618255,0.01494899435939721,0.1930735467316494,7.16911421339006e-08
pap_benchmark_semisyn,S1_fixed_50pct,BT,1024,censored,4134,0.07213596010195225,0.038530556391997206,0.5341379852370529,0.011150322988687813,0.15457371015688534,0.022455080721267208,0.31128830460606144,7.16911421339006e-08
pap_benchmark_semisyn,S1_fixed_50pct,BT,1024,clean,5788,0.08120506622460856,0.03628234510921757,0.4467990335586044,0.03533484648992097,0.4351310593379335,0.009587874625470016,0.11806990710346205,7.16911421339006e-08
pap_benchmark_semisyn,S1_fixed_50pct,BT,123,all,9922,0.07900118816576433,0.03849586667503102,0.48728212282398875,0.014919778536112847,0.1888551157586061,0.025585542954620462,0.3238627614174051,6.904204685742599e-08
pap_benchmark_semisyn,S1_fixed_50pct,BT,123,censored,4134,0.08580333813772857,0.04101155568336028,0.4779715635017596,0.004151739888580065,0.04838669425559918,0.04064004256578823,0.4736417422426413,6.904204685742599e-08
pap_benchmark_semisyn,S1_fixed_50pct,BT,123,clean,5788,0.07414284539034964,0.03669907013729205,0.4949779030475241,0.02261070316792013,0.30496136274347946,0.014833072085137476,0.2000607342089967,6.904204685742599e-08
pap_benchmark_semisyn,S1_fixed_50pct,BT,256,all,9922,0.07948972601600701,0.03731685934633305,0.4694551260475911,0.0147091609203551,0.18504480588338026,0.02746370574931884,0.3455000680690284,6.010135011891293e-08
pap_benchmark_semisyn,S1_fixed_50pct,BT,256,censored,4134,0.08708791463222691,0.03948096914822338,0.4533461309178419,0.004401364096042925,0.050539321266675485,0.04320558138796061,0.49611454781548264,6.010135011891293e-08
pap_benchmark_semisyn,S1_fixed_50pct,BT,256,clean,5788,0.0740628235040075,0.03577117345811353,0.48298419862669656,0.022071364111734944,0.29800867786981783,0.016220285934159022,0.21900712350348553,6.010135011891293e-08
pap_benchmark_semisyn,S1_fixed_50pct,BT,42,all,9922,0.07858811719920124,0.037729432938687024,0.4800908112234365,0.014115227778750307,0.17961020421155696,0.0267434564817639,0.34029898456500646,6.829698884214253e-08
pap_benchmark_semisyn,S1_fixed_50pct,BT,42,censored,4134,0.08469913496768472,0.039503142887055885,0.4663936993232284,0.005003961792096254,0.05907925498891361,0.04019203028853257,0.4745270456878579,6.829698884214253e-08
pap_benchmark_semisyn,S1_fixed_50pct,BT,42,clean,5788,0.07422340616690845,0.0364625848173054,0.49125453411974745,0.02062282515069707,0.27784800261418735,0.017137996198905964,0.23089746326606497,6.829698884214253e-08
pap_benchmark_semisyn,S1_fixed_50pct,BT,789,all,9922,0.07919721487043833,0.04048444439080642,0.5111852033816647,0.014295987638142032,0.18051124223912884,0.02441678284148988,0.3083035543792064,7.649262745434982e-08
pap_benchmark_semisyn,S1_fixed_50pct,BT,789,censored,4134,0.08464932006802106,0.04234752313501549,0.5002700919627776,0.004070013498789596,0.048080876438453185,0.03823178343421598,0.4516490315987693,7.649262745434982e-08
pap_benchmark_semisyn,S1_fixed_50pct,BT,789,clean,5788,0.07530312314846063,0.039153765826784266,0.5199487642709366,0.021599750093581383,0.2868373739426096,0.014549607228094978,0.19321386178645375,7.649262745434982e-08
pap_benchmark_semisyn,S1_fixed_50pct,ORACLE,1024,all,9922,0.07465410971052355,0.03596511682297609,0.48175669045459524,0.018773023371632832,0.25146671019755673,0.019915969515914636,0.2667765993478481,9.304947323762747e-08
pap_benchmark_semisyn,S1_fixed_50pct,ORACLE,1024,censored,4134,0.07452633168352299,0.03578930813497765,0.48022366493171037,0.008749291538673145,0.11739866086294334,0.029987732009872186,0.40237767420534626,9.304947323762747e-08
pap_benchmark_semisyn,S1_fixed_50pct,ORACLE,1024,clean,5788,0.07474537342227552,0.0360906857787787,0.48284842427481933,0.025932337020122015,0.34694237024700836,0.01272235062337481,0.17020920547817225,9.304947323762747e-08
pap_benchmark_semisyn,S1_fixed_50pct,ORACLE,123,all,9922,0.07555326904820611,0.03396772596890069,0.44958644935969455,0.01839008040969148,0.24340548915173804,0.023195462669613955,0.30700806148856763,5.662441249221217e-08
pap_benchmark_semisyn,S1_fixed_50pct,ORACLE,123,censored,4134,0.07789820209658192,0.033948422125045806,0.4358049507093235,0.009130038670658432,0.11720474189299739,0.034819741300877685,0.4469903073976791,5.662441249221217e-08
pap_benchmark_semisyn,S1_fixed_50pct,ORACLE,123,clean,5788,0.07387843262422797,0.03398151347589726,0.4599652736102205,0.02500393883214528,0.3384470669447499,0.014892980316185432,0.2015876594450296,5.662441249221217e-08
pap_benchmark_semisyn,S1_fixed_50pct,ORACLE,256,all,9922,0.07462826643396354,0.033902091764602967,0.45427950272169293,0.020506254171119464,0.2747786482386653,0.020219920498241107,0.27094184903964164,9.404288403569439e-08
pap_benchmark_semisyn,S1_fixed_50pct,ORACLE,256,censored,4134,0.07359540728090294,0.03296648367755994,0.4479421324720941,0.010780302437122155,0.1464806410537999,0.02984862116622084,0.405577226474106,9.404288403569439e-08
pap_benchmark_semisyn,S1_fixed_50pct,ORACLE,256,clean,5788,0.07536597198661603,0.03457033707072527,0.4586995451589809,0.027452882448304135,0.36426097514113387,0.013342752467586608,0.17703947969988498,9.404288403569439e-08
pap_benchmark_semisyn,S1_fixed_50pct,ORACLE,42,all,9922,0.07495338828211455,0.034136531488542024,0.455436802403871,0.01929191046233024,0.2573854351949783,0.02152494633124228,0.2871777624011506,6.871090996174445e-08
pap_benchmark_semisyn,S1_fixed_50pct,ORACLE,42,censored,4134,0.07513839404795516,0.033716093960374276,0.4487199172616843,0.008949062913705896,0.11910106713212935,0.03247323717387499,0.4321790156061863,6.871090996174445e-08
pap_benchmark_semisyn,S1_fixed_50pct,ORACLE,42,clean,5788,0.0748212504389934,0.03443682325451394,0.4602545807837375,0.026679148155145202,0.3565718027781216,0.013705279029334258,0.1831736164381409,6.871090996174445e-08
pap_benchmark_semisyn,S1_fixed_50pct,ORACLE,789,all,9922,0.07526816209747027,0.036437747743679985,0.4841057191816916,0.01751645712264568,0.23272067012825867,0.021313957231144598,0.28317361069004965,6.722079382015522e-08
pap_benchmark_semisyn,S1_fixed_50pct,ORACLE,789,censored,4134,0.07657867893516547,0.03667217643943222,0.4788823331684832,0.008314064223426827,0.10856891681907756,0.03159243827230641,0.412548750012439,6.722079382015522e-08
pap_benchmark_semisyn,S1_fixed_50pct,ORACLE,789,clean,5788,0.07433214333329752,0.036270310247439534,0.4879492050270537,0.024089140648107105,0.3240743447971617,0.013972692437750863,0.18797645017578438,6.722079382015522e-08
pap_benchmark_semisyn,S2_fixed_70pct,B0_persistence,,all,9922,0.16165526773922506,0.0,0.0,0.05063993304650994,0.31325878676715924,0.11101533469271513,0.6867412132328408,8.940696716308594e-08
pap_benchmark_semisyn,S2_fixed_70pct,B0_persistence,,censored,2998,0.23463809676344113,0.0,0.0,0.0008842526395134801,0.0037685808558401805,0.23375384412392766,0.9962314191441598,8.940696716308594e-08
pap_benchmark_semisyn,S2_fixed_70pct,B0_persistence,,clean,6924,0.1300546725031477,0.0,0.0,0.07218348155317883,0.555024130728035,0.05787119094996887,0.444975869271965,8.940696716308594e-08
pap_benchmark_semisyn,S2_fixed_70pct,B0_climatology,,all,9922,0.24201162562139528,0.053222223371267335,0.21991597814614314,0.002670500889839687,0.011034597544571836,0.18611890136028833,0.7690494243092854,6.200538743561523e-08
pap_benchmark_semisyn,S2_fixed_70pct,B0_climatology,,censored,2998,0.4111497237224119,0.05322222337126733,0.12944730423119624,0.0,0.0,0.35792750035114457,0.8705526957688038,6.200538743561523e-08
pap_benchmark_semisyn,S2_fixed_70pct,B0_climatology,,clean,6924,0.1687770765014,0.05322222337126733,0.31534035589735937,0.0038267922918817695,0.022673649592751574,0.11172806083825092,0.6619859945098892,6.200538743561523e-08
pap_benchmark_semisyn,S2_fixed_70pct,B1,1024,all,9922,0.09529470476926384,0.03352546533695889,0.35180827117449787,0.011787369181778218,0.12369385277302514,0.04998187025052673,0.5244978760524769,7.020102610333367e-08
pap_benchmark_semisyn,S2_fixed_70pct,B1,1024,censored,2998,0.14335771960384228,0.03424271732255608,0.23886203977841666,0.0009532299744049903,0.00664931038969625,0.10816177230688123,0.7544886498318872,7.020102610333367e-08
pap_benchmark_semisyn,S2_fixed_70pct,B1,1024,clean,6924,0.07448405796480599,0.03321490475740656,0.4459330716527385,0.01647840750409262,0.22123401912230306,0.024790745703306815,0.33283290922495845,7.020102610333367e-08
pap_benchmark_semisyn,S2_fixed_70pct,B1,123,all,9922,0.08767327403100228,0.03274078926680976,0.37344093315406746,0.013633123920447104,0.15549919939828272,0.0412993608437454,0.47105986744764966,7.086329989469675e-08
pap_benchmark_semisyn,S2_fixed_70pct,B1,123,censored,2998,0.11903536723434183,0.03308783625552492,0.27796643152606704,0.0022192782286885103,0.018643855857725673,0.08372825275012838,0.7033897126162072,7.086329989469675e-08
pap_benchmark_semisyn,S2_fixed_70pct,B1,123,clean,6924,0.07409390438576656,0.03259052253195013,0.4398543011348011,0.018575167447872337,0.2506976464779284,0.0229282144059441,0.30944805238727047,7.086329989469675e-08
pap_benchmark_semisyn,S2_fixed_70pct,B1,256,all,9922,0.08514109027901273,0.034412058488828765,0.40417685956402805,0.014378546822133884,0.16887905446141785,0.03635048496805008,0.426944085974554,5.13262218837518e-08
pap_benchmark_semisyn,S2_fixed_70pct,B1,256,censored,2998,0.11189050171509098,0.03404302858393334,0.30425306940367275,0.0020356958079095957,0.018193642683747444,0.07581177732324805,0.6775532879125798,5.13262218837518e-08
pap_benchmark_semisyn,S2_fixed_70pct,B1,256,clean,6924,0.0735589505497576,0.03457184353430486,0.469988264866821,0.019722837310384086,0.26812287509516514,0.019264269705068632,0.2618888600380136,5.13262218837518e-08
pap_benchmark_semisyn,S2_fixed_70pct,B1,42,all,9922,0.08311574524343808,0.034797229495309764,0.41865989883615917,0.015427037356540873,0.1856090841916481,0.032891478391587445,0.39573101697219276,5.894237098402755e-08
pap_benchmark_semisyn,S2_fixed_70pct,B1,42,censored,2998,0.10507203334565955,0.03559884360199128,0.33880417527355144,0.0019228576279563077,0.018300375149594834,0.06755033211571196,0.6428954495768536,5.894237098402755e-08
pap_benchmark_semisyn,S2_fixed_70pct,B1,42,clean,6924,0.07360896423095109,0.034450141238257306,0.46801556845941483,0.021274167747398258,0.28901599105035225,0.017884655245295523,0.24296844049023292,5.894237098402755e-08
pap_benchmark_semisyn,S2_fixed_70pct,B1,789,all,9922,0.09067075930596033,0.03418597288882956,0.3770341524710526,0.013278957502948784,0.14645247932842534,0.04320582891418198,0.476513368200522,1.043081283569336e-07
pap_benchmark_semisyn,S2_fixed_70pct,B1,789,censored,2998,0.12946378527963417,0.03392643253344853,0.2620534573446113,0.0013650723475998497,0.010544047855941903,0.09417228039858579,0.7274024947994467,1.043081283569336e-07
pap_benchmark_semisyn,S2_fixed_70pct,B1,789,clean,6924,0.07387389450684508,0.034298350414166415,0.4642824186152575,0.018437511474025635,0.249580878294121,0.02113803261865302,0.28613670309062145,1.043081283569336e-07
pap_benchmark_semisyn,S2_fixed_70pct,B4_plain,1024,all,9922,0.12359158530877726,0.026190004132429563,0.21190766399668146,0.01397392042900674,0.11306530613791178,0.08342766074734095,0.6750270298654067,7.400910062571597e-08
pap_benchmark_semisyn,S2_fixed_70pct,B4_plain,1024,censored,2998,0.22009714187996354,0.013073122505239133,0.05939705710657953,6.758056006114536e-05,0.0003070487852950058,0.20695643881466327,0.9402958941081255,7.400910062571597e-08
pap_benchmark_semisyn,S2_fixed_70pct,B4_plain,1024,clean,6924,0.08180596159410128,0.03186943959145858,0.38957355882675143,0.019995180817091507,0.24442204978045615,0.02994134118555121,0.36600439139279267,7.400910062571597e-08
pap_benchmark_semisyn,S2_fixed_70pct,B4_plain,123,all,9922,0.12024973650867814,0.026959909372863206,0.22419932180822344,0.014703422286823368,0.12227404993741718,0.07858640484899157,0.6535266282543595,6.424056159248792e-08
pap_benchmark_semisyn,S2_fixed_70pct,B4_plain,123,censored,2998,0.2114552325517664,0.012827810856261225,0.06066442859540421,0.00012102378730414822,0.0005723376330946095,0.198506397908201,0.938763233771501,6.424056159248792e-08
pap_benchmark_semisyn,S2_fixed_70pct,B4_plain,123,clean,6924,0.08075896858014284,0.033078920255701555,0.40960057857691684,0.021017407079076202,0.2602485822762724,0.02666264124536508,0.33015083914681076,6.424056159248792e-08
pap_benchmark_semisyn,S2_fixed_70pct,B4_plain,256,all,9922,0.11324998543552349,0.02817490863561825,0.24878509721009232,0.01387639940102891,0.12252892879115776,0.07119867739887632,0.6286859739987499,6.589624623742907e-08
pap_benchmark_semisyn,S2_fixed_70pct,B4_plain,256,censored,2998,0.192730250109776,0.016053850543559962,0.08329699429340205,0.0001657718893207654,0.0008601238737891143,0.1765106276768953,0.9158428818328088,6.589624623742907e-08
pap_benchmark_semisyn,S2_fixed_70pct,B4_plain,256,clean,6924,0.07883608689516979,0.033423165735559146,0.4239576956680095,0.019812918938882897,0.2513178890427249,0.025600002220727735,0.3247244152892655,6.589624623742907e-08
pap_benchmark_semisyn,S2_fixed_70pct,B4_plain,42,all,9922,0.1177892240785953,0.027135142871027484,0.23037033381696664,0.015496052296952308,0.13155746986339353,0.0751580289106155,0.6380721963196399,7.914172273082443e-08
pap_benchmark_semisyn,S2_fixed_70pct,B4_plain,42,censored,2998,0.205167976673299,0.013698873070614917,0.06676906061431037,0.00015843802620258123,0.0007722356518379639,0.19131066557648146,0.9324587037338514,7.914172273082443e-08
pap_benchmark_semisyn,S2_fixed_70pct,B4_plain,42,clean,6924,0.07995538521682151,0.03295286916531357,0.4121407091711534,0.022137035483507428,0.27686734825273657,0.024865480568000503,0.3109919425761099,7.914172273082443e-08
pap_benchmark_semisyn,S2_fixed_70pct,B4_plain,789,all,9922,0.11972494186710142,0.027543024346474376,0.23005251802124932,0.013772187900856861,0.1150319030110237,0.07840972961977019,0.654915578967727,7.119443690140059e-08
pap_benchmark_semisyn,S2_fixed_70pct,B4_plain,789,censored,2998,0.21044949462316853,0.014421465860826235,0.06852696836668272,9.035354600402637e-05,0.0004293360084604322,0.19593767521633831,0.931043695624857,7.119443690140059e-08
pap_benchmark_semisyn,S2_fixed_70pct,B4_plain,789,clean,6924,0.0804424159914964,0.033224484823073615,0.41302196625454146,0.019696240384370553,0.2448489412159457,0.027521690784052217,0.3421290925295126,7.119443690140059e-08
pap_benchmark_semisyn,S2_fixed_70pct,B4,1024,all,9922,0.11384645466822466,0.028236981730634235,0.24802688685320454,0.015780676445259625,0.1386136835903079,0.0698287964923308,0.6133594295564876,6.208817160402447e-08
pap_benchmark_semisyn,S2_fixed_70pct,B4,1024,censored,2998,0.19438778371354432,0.013948298692062624,0.07175501683077604,0.00010945383697078841,0.0005630695246368098,0.18033003118451094,0.9276819136445873,6.208817160402447e-08
pap_benchmark_semisyn,S2_fixed_70pct,B4,1024,clean,6924,0.07897312935368563,0.034423791630928534,0.4358924600386498,0.02256610760927608,0.28574412327277154,0.021983230113481,0.27836341668857845,6.208817160402447e-08
pap_benchmark_semisyn,S2_fixed_70pct,B4,123,all,9922,0.11088662450509582,0.028229501091878117,0.25457985774092007,0.013591905502717308,0.12257479712616456,0.06906521791050038,0.6228453451329152,5.529986490948602e-08
pap_benchmark_semisyn,S2_fixed_70pct,B4,123,censored,2998,0.19012432832202658,0.01641138511908062,0.08631922733887867,0.0001518663037442691,0.0007987736502981499,0.17356107689920167,0.912881999010823,5.529986490948602e-08
pap_benchmark_semisyn,S2_fixed_70pct,B4,123,clean,6924,0.07657775159302786,0.03334658827940656,0.43546052979756916,0.019411263896495636,0.2534843801585703,0.02381989941712567,0.31105509004386056,5.529986490948602e-08
pap_benchmark_semisyn,S2_fixed_70pct,B4,256,all,9922,0.10693607978945292,0.02846422084400912,0.2661797673905056,0.015465021371921862,0.14461930344156093,0.06300683757352195,0.5892009291679337,6.705522537231445e-08
pap_benchmark_semisyn,S2_fixed_70pct,B4,256,censored,2998,0.17508841096514347,0.01607186256912506,0.09179284043148143,0.0001469655944758336,0.0008393793379339735,0.15886958280154256,0.9073677802305845,6.705522537231445e-08
pap_benchmark_semisyn,S2_fixed_70pct,B4,256,clean,6924,0.0774270259383957,0.033829947318316234,0.43692685994723346,0.02209753599075248,0.28539822785307856,0.021499542629327,0.2776749121996881,6.705522537231445e-08
pap_benchmark_semisyn,S2_fixed_70pct,B4,42,all,9922,0.12221421781948957,0.028065667612503876,0.22964322902231288,0.015747487063217897,0.12885151453063293,0.0784010631437678,0.6415052564470541,7.649262756537212e-08
pap_benchmark_semisyn,S2_fixed_70pct,B4,42,censored,2998,0.21964099820084457,0.01179393635004191,0.05369642483256826,6.684722102304269e-05,0.0003043476471633776,0.20778021462977964,0.9459992275202684,7.649262756537212e-08
pap_benchmark_semisyn,S2_fixed_70pct,B4,42,clean,6924,0.08002971643541934,0.035111111044748386,0.43872592092815416,0.022536995764387762,0.28160784228910996,0.02238160962628319,0.27966623678273583,7.649262756537212e-08
pap_benchmark_semisyn,S2_fixed_70pct,B4,789,all,9922,0.1177314627927969,0.026625389042741043,0.22615355667159898,0.015443359337981216,0.13117444540004541,0.07566271441207467,0.6426719979283558,5.6293275652041785e-08
pap_benchmark_semisyn,S2_fixed_70pct,B4,789,censored,2998,0.20717662455524152,0.012156882129466548,0.05867883095192064,0.00016320402084451247,0.000787753064298988,0.19485653840493047,0.9405334159837804,5.6293275652041785e-08
pap_benchmark_semisyn,S2_fixed_70pct,B4,789,clean,6924,0.07900289621801226,0.03289006029144078,0.41631461460196456,0.022059463561085756,0.2792234793546253,0.02405337236548574,0.3044619060434102,5.6293275652041785e-08
pap_benchmark_semisyn,S2_fixed_70pct,B6,1024,all,9922,0.07464497000002882,0.03771664540081741,0.5052804683396999,0.018079691910133165,0.24220911214950164,0.018848632689078243,0.2525104195107985,5.13262218837518e-08
pap_benchmark_semisyn,S2_fixed_70pct,B6,1024,censored,2998,0.06859411019711778,0.03534741671403152,0.5153127085176005,0.004077311294567116,0.05944112815007312,0.02916938218851915,0.42524616333232645,5.13262218837518e-08
pap_benchmark_semisyn,S2_fixed_70pct,B6,1024,clean,6924,0.07726491189620549,0.03874248994197629,0.5014241133675446,0.024142536665399925,0.31246443013915576,0.014379885288829277,0.18611145649329963,5.13262218837518e-08
pap_benchmark_semisyn,S2_fixed_70pct,B6,123,all,9922,0.07466695416666075,0.034100954106944484,0.4567074482619082,0.019434514341504165,0.2602826720121094,0.021131485718212092,0.2830098797259823,6.62273830220883e-08
pap_benchmark_semisyn,S2_fixed_70pct,B6,123,censored,2998,0.06989715607046694,0.031641427520641835,0.45268547820089383,0.005517531168945954,0.07893784925073982,0.03273819738087913,0.46837667254836607,6.62273830220883e-08
pap_benchmark_semisyn,S2_fixed_70pct,B6,123,clean,6924,0.07673221336544599,0.03516589643879534,0.45829378427172063,0.025460383138634368,0.3318082721969242,0.01610593378801628,0.20989794353135519,6.62273830220883e-08
pap_benchmark_semisyn,S2_fixed_70pct,B6,256,all,9922,0.07481918284557007,0.0344480391499091,0.46041720638691414,0.018394455291530557,0.24585212764883418,0.021976688404130404,0.29373066596425157,5.894237098402755e-08
pap_benchmark_semisyn,S2_fixed_70pct,B6,256,censored,2998,0.07103854673148001,0.03167052090658961,0.4458216329551564,0.005461479711635094,0.07688051013035285,0.03390654611325531,0.4772978569144908,5.894237098402755e-08
pap_benchmark_semisyn,S2_fixed_70pct,B6,256,clean,6924,0.07645614804921563,0.03565066764405581,0.4662890892843189,0.023994261875662073,0.3138303784310022,0.01681121852949775,0.21988053228467894,5.894237098402755e-08
pap_benchmark_semisyn,S2_fixed_70pct,B6,42,all,9922,0.07427635471326302,0.035366491989536446,0.47614738399677137,0.019739702920017844,0.26576025433963657,0.019170159803708724,0.25809236166359195,6.589624612640677e-08
pap_benchmark_semisyn,S2_fixed_70pct,B6,42,censored,2998,0.06779124007174625,0.03333585347264252,0.4917427891474152,0.0047325936476955086,0.06981128598159306,0.029722792951408235,0.43844592487099193,6.589624612640677e-08
pap_benchmark_semisyn,S2_fixed_70pct,B6,42,clean,6924,0.077084323184561,0.03624573148601941,0.4702088568545538,0.026237581833712584,0.3403750691420436,0.014601009864829014,0.18941607400340266,6.589624612640677e-08
pap_benchmark_semisyn,S2_fixed_70pct,B6,789,all,9922,0.07441128720626893,0.03523470844089179,0.47351295433474744,0.02113142068407497,0.2839813888113296,0.01804515808130216,0.24250565685392297,7.069773144685598e-08
pap_benchmark_semisyn,S2_fixed_70pct,B6,789,censored,2998,0.06566689217695224,0.032140389695784574,0.48944587798027706,0.005720654648446531,0.08711626907865706,0.02780584783272114,0.42343785294106606,7.069773144685598e-08
pap_benchmark_semisyn,S2_fixed_70pct,B6,789,clean,6924,0.07819749406616079,0.03657450734294716,0.4677196856462236,0.027804077612846503,0.355562258674456,0.01381890911036714,0.17671805567932053,7.069773144685598e-08
pap_benchmark_semisyn,S2_fixed_70pct,BQR,1024,all,9922,0.10436584850800625,0.03121079013861933,0.29905175481062707,0.0127716886083259,0.12237421331697544,0.060383369761061005,0.5785740318723974,4.867712655176604e-08
pap_benchmark_semisyn,S2_fixed_70pct,BQR,1024,censored,2998,0.17003457268586653,0.027042202157197673,0.15903943374596696,2.888518579364415e-05,0.0001698783096718137,0.1429634853428752,0.8407906879443612,4.867712655176604e-08
pap_benchmark_semisyn,S2_fixed_70pct,BQR,1024,clean,6924,0.07593216348703208,0.03301573334605753,0.4348056453270432,0.018289153175158897,0.24086174205061828,0.024627276965815646,0.3243326126223384,4.867712655176604e-08
pap_benchmark_semisyn,S2_fixed_70pct,BQR,123,all,9922,0.10225663521754913,0.03437067765925513,0.33612173514346666,0.012019207128973051,0.11753963059123163,0.05586675042932094,0.5463386342653017,5.993578167107216e-08
pap_benchmark_semisyn,S2_fixed_70pct,BQR,123,censored,2998,0.16368797861236245,0.03019567075601815,0.18447091235408317,3.7024272715539065e-05,0.00022618809902477975,0.13345528358362876,0.8153028995468921,5.993578167107216e-08
pap_benchmark_semisyn,S2_fixed_70pct,BQR,123,clean,6924,0.0756576797730589,0.03617840017455041,0.4781854305216646,0.017207333097063755,0.22743670105504807,0.022271946501444737,0.2943778684232873,5.993578167107216e-08
pap_benchmark_semisyn,S2_fixed_70pct,BQR,256,all,9922,0.10785938855704069,0.03163314464599927,0.2932813273762469,0.012020393344371869,0.11144503510711974,0.06420585056666954,0.5952736375166332,6.523397233504369e-08
pap_benchmark_semisyn,S2_fixed_70pct,BQR,256,censored,2998,0.18139459948905862,0.027185789258785717,0.14987099580340876,4.809295598310657e-05,0.0002651289295192465,0.1541607172742898,0.849863875267072,6.523397233504369e-08
pap_benchmark_semisyn,S2_fixed_70pct,BQR,256,clean,6924,0.07601961929444828,0.03355879043613015,0.44144907258935656,0.01720424033518491,0.22631316092951465,0.02525658852313321,0.3322377664811286,6.523397233504369e-08
pap_benchmark_semisyn,S2_fixed_70pct,BQR,42,all,9922,0.1046864959753177,0.0307086545614745,0.2933392151048287,0.014047803502587348,0.13418926072279128,0.059930037911255875,0.5724715241723802,8.410877649911441e-08
pap_benchmark_semisyn,S2_fixed_70pct,BQR,42,censored,2998,0.17251090745593972,0.025787312878951175,0.14948221685946092,6.345242259677545e-05,0.00036781687333585885,0.14666014215439174,0.8501499662672031,8.410877649911441e-08
pap_benchmark_semisyn,S2_fixed_70pct,BQR,42,clean,6924,0.07531942699511772,0.03283953011956302,0.4360034512967247,0.020102841708510472,0.26690115034748685,0.022377055167044243,0.2970953983557887,8.410877649911441e-08
pap_benchmark_semisyn,S2_fixed_70pct,BQR,789,all,9922,0.10316151395539305,0.030663942389691477,0.2972420742385628,0.013055878454982982,0.12655764688203716,0.059441693110718605,0.5762002788794002,7.38435321778752e-08
pap_benchmark_semisyn,S2_fixed_70pct,BQR,789,censored,2998,0.16669037885059312,0.02559112632149706,0.15352491546278588,7.298682637462427e-05,0.00043785866273687797,0.14102626570272142,0.8460372258744772,7.38435321778752e-08
pap_benchmark_semisyn,S2_fixed_70pct,BQR,789,clean,6924,0.07565435957124954,0.032860404344117654,0.4343491178875221,0.018677298024966784,0.24687669198199919,0.024116657202165104,0.31877419013047875,7.38435321778752e-08
pap_benchmark_semisyn,S2_fixed_70pct,BT,1024,all,9922,0.07678935299230123,0.04048332376885244,0.5271996988034425,0.016488714904310937,0.21472657682067026,0.019817314319137858,0.2580737243758872,8.460548184263672e-08
pap_benchmark_semisyn,S2_fixed_70pct,BT,1024,censored,2998,0.0768887484025516,0.04199788372053606,0.5462162487111357,0.003105826254515181,0.04039376786645824,0.03178503842750036,0.4133899834224062,8.460548184263672e-08
pap_benchmark_semisyn,S2_fixed_70pct,BT,1024,clean,6924,0.0767463161003413,0.039827539433909126,0.518950504175822,0.022283327869661553,0.29035045591670366,0.014635448796770619,0.19069903990747425,8.460548184263672e-08
pap_benchmark_semisyn,S2_fixed_70pct,BT,123,all,9922,0.07896196753609389,0.03705979872034541,0.4693373262691967,0.014503627120135252,0.18367864394343486,0.02739854169561323,0.34698402978736853,5.836288130556255e-08
pap_benchmark_semisyn,S2_fixed_70pct,BT,123,censored,2998,0.08623342603180242,0.04032873536736441,0.4676694087567782,0.0013349352499878652,0.015480484904954933,0.044569755414450164,0.516850106338267,5.836288130556255e-08
pap_benchmark_semisyn,S2_fixed_70pct,BT,123,clean,6924,0.07581352262417387,0.035644392586930786,0.47015877053528743,0.02020549572595585,0.2665157220845603,0.01996363431128724,0.2633255073801523,5.836288130556255e-08
pap_benchmark_semisyn,S2_fixed_70pct,BT,256,all,9922,0.07801790954231841,0.038087279341662124,0.48818636086375594,0.015125909448829728,0.19387739991450484,0.02480472075182656,0.3179362392217393,6.41163853121185e-08
pap_benchmark_semisyn,S2_fixed_70pct,BT,256,censored,2998,0.08215774027500905,0.039703688172355804,0.4832616870845579,0.0029593199241877964,0.03601997711088422,0.03949473217846544,0.48071833580455775,6.41163853121185e-08
pap_benchmark_semisyn,S2_fixed_70pct,BT,256,clean,6924,0.07622541784147982,0.037387395795385456,0.49048462906608353,0.020393881054097857,0.26754698933247506,0.0184441409919965,0.2419683816014413,6.41163853121185e-08
pap_benchmark_semisyn,S2_fixed_70pct,BT,42,all,9922,0.07952077505296914,0.038590001127472975,0.48528200463046295,0.013383138471075744,0.1682973847043263,0.027547635454420426,0.34642061066521074,6.0266918677776e-08
pap_benchmark_semisyn,S2_fixed_70pct,BT,42,censored,2998,0.08897606034534107,0.04124675509666915,0.4635713801732613,0.0011385720996080519,0.0127963869740797,0.04659073314906386,0.5236322328526588,6.0266918677776e-08
pap_benchmark_semisyn,S2_fixed_70pct,BT,42,clean,6924,0.07542676215485662,0.03743966195941259,0.4963710610107623,0.018684873014931918,0.24772206152201676,0.01930222718051213,0.2559068774672212,6.0266918677776e-08
pap_benchmark_semisyn,S2_fixed_70pct,BT,789,all,9922,0.07889878549160319,0.038962898490495626,0.49383394494256516,0.013742602324884732,0.17418015042002502,0.02619328467622284,0.33198590463740996,9.222163088740132e-08
pap_benchmark_semisyn,S2_fixed_70pct,BT,789,censored,2998,0.0858480078492668,0.04058390570790395,0.47274138008143146,0.001384798657433768,0.01613081878225081,0.04387930348392907,0.5111278011363176,9.222163088740132e-08
pap_benchmark_semisyn,S2_fixed_70pct,BT,789,clean,6924,0.07588986454586728,0.03826102390387082,0.5041651363173291,0.019093367113304432,0.2515931109847289,0.018535473528692035,0.24424175269794202,9.222163088740132e-08
pap_benchmark_semisyn,S2_fixed_70pct,ORACLE,1024,all,9922,0.07490675542568258,0.0361938789592931,0.48318577882073965,0.018261079368511488,0.2437841455652007,0.020451797097877984,0.2730300756140596,9.5036294722739e-08
pap_benchmark_semisyn,S2_fixed_70pct,ORACLE,1024,censored,2998,0.06986233746045739,0.03409465569852302,0.4880262661955857,0.004382024741086195,0.06272370636849152,0.031385657020848175,0.44925002743592274,9.5036294722739e-08
pap_benchmark_semisyn,S2_fixed_70pct,ORACLE,1024,clean,6924,0.077090921378852,0.037102814738580896,0.4812864352242538,0.02427052560956017,0.31482988107362525,0.015717581030710935,0.20388368370212095,9.5036294722739e-08
pap_benchmark_semisyn,S2_fixed_70pct,ORACLE,123,all,9922,0.07508366922405825,0.03399212740133245,0.4527233119081602,0.0186604407269016,0.24852862040101836,0.022431101095824198,0.2987480676908214,5.496872801380448e-08
pap_benchmark_semisyn,S2_fixed_70pct,ORACLE,123,censored,2998,0.07178102587340393,0.031655177257728095,0.4409964454054545,0.00548799131287893,0.0764546235736138,0.034637857302796914,0.48254893102093177,5.496872801380448e-08
pap_benchmark_semisyn,S2_fixed_70pct,ORACLE,123,clean,6924,0.07651366991228206,0.03500399576218253,0.4574868229731018,0.024363936299293273,0.31842592738297537,0.017145737850806267,0.22408724964392296,5.496872801380448e-08
pap_benchmark_semisyn,S2_fixed_70pct,ORACLE,256,all,9922,0.07630133802994964,0.03514980177413339,0.46067084381058254,0.015588911444386948,0.20430718316195218,0.02556262481142931,0.33502197302746545,6.904204685742599e-08
pap_benchmark_semisyn,S2_fixed_70pct,ORACLE,256,censored,2998,0.07803604476337202,0.033455081088904035,0.4287131823550203,0.0037681223901522873,0.04828694741741884,0.0408128412843157,0.5229998702275609,6.904204685742599e-08
pap_benchmark_semisyn,S2_fixed_70pct,ORACLE,256,clean,6924,0.07555023306362955,0.035883593312885216,0.47496337016807755,0.02070715604066013,0.2740846083587889,0.01895948371008422,0.2509520214731337,6.904204685742599e-08
pap_benchmark_semisyn,S2_fixed_70pct,ORACLE,42,all,9922,0.07621154369760809,0.03428375773526829,0.4498499318069093,0.015955255485777586,0.20935483932834106,0.02597253047656221,0.34079522886474956,6.440613009583984e-08
pap_benchmark_semisyn,S2_fixed_70pct,ORACLE,42,censored,2998,0.07717134219034927,0.033187458175426066,0.4300489953066587,0.004070673631902498,0.05274851410335532,0.0399132103830207,0.5172024905899859,6.440613009583984e-08
pap_benchmark_semisyn,S2_fixed_70pct,ORACLE,42,clean,6924,0.07579596370320629,0.03475844087801915,0.4585790480100303,0.02110112151667266,0.27839373610048906,0.019936401308514477,0.2630272158894806,6.440613009583984e-08
pap_benchmark_semisyn,S2_fixed_70pct,ORACLE,789,all,9922,0.07452801046227397,0.03431820425880193,0.4604739083458263,0.019579750962319956,0.26271667311220137,0.02063005524115209,0.27680941854197233,7.723768546963328e-08
pap_benchmark_semisyn,S2_fixed_70pct,ORACLE,789,censored,2998,0.06961962695247814,0.03163950040176556,0.45446236624281905,0.004870219356479465,0.06995468906783775,0.03310990719423312,0.47558294468934315,7.723768546963328e-08
pap_benchmark_semisyn,S2_fixed_70pct,ORACLE,789,clean,6924,0.07665327530374827,0.03547804743664639,0.46283798436609724,0.025948782700377405,0.33852151258445357,0.015226445166724462,0.198640503049449,7.723768546963328e-08
pap_benchmark_semisyn,S3_fixed_85pct,B0_persistence,,all,9922,0.13712125692897278,0.0,0.0,0.05866546640869075,0.4278364107986465,0.07845579052028205,0.5721635892013537,8.940696716308594e-08
pap_benchmark_semisyn,S3_fixed_85pct,B0_persistence,,censored,2211,0.15465415648910483,0.0,0.0,0.0006016963534309874,0.003890592836884898,0.15405246013567384,0.996109407163115,8.940696716308594e-08
pap_benchmark_semisyn,S3_fixed_85pct,B0_persistence,,clean,7711,0.13209399186251553,0.0,0.0,0.07531427922054126,0.5701567358107321,0.056779712641974275,0.429843264189268,8.940696716308594e-08
pap_benchmark_semisyn,S3_fixed_85pct,B0_climatology,,all,9922,0.22681651398334798,0.05566666879587701,0.24542599574545904,0.002670500889839687,0.01177383799327656,0.16847934429763123,0.7428001662612641,6.597903035032715e-08
pap_benchmark_semisyn,S3_fixed_85pct,B0_climatology,,censored,2211,0.4208472561094368,0.055666668795877026,0.13227285669031785,0.0,0.0,0.3651805873135597,0.8677271433096819,6.597903035032715e-08
pap_benchmark_semisyn,S3_fixed_85pct,B0_climatology,,clean,7711,0.17118145097715132,0.055666668795877006,0.3251910091783671,0.00343622225768245,0.020073566604719952,0.11207855992359181,0.6547354242169127,6.597903035032715e-08
pap_benchmark_semisyn,S3_fixed_85pct,B1,1024,all,9922,0.08207251414273338,0.037499652937791866,0.45690878766764387,0.0139975657945198,0.1705512002492875,0.030575295410421716,0.37254001208306864,5.960464477539063e-08
pap_benchmark_semisyn,S3_fixed_85pct,B1,1024,censored,2211,0.10337811409783093,0.037877833197731386,0.3664008917969431,0.0003018388347270123,0.0029197556693805605,0.06519844206537252,0.6306793525336762,5.960464477539063e-08
pap_benchmark_semisyn,S3_fixed_85pct,B1,1024,clean,7711,0.07596349047515191,0.03739121608722434,0.49222614513027435,0.017924585935630143,0.2359631689317038,0.02064768845229745,0.2718106859380221,5.960464477539063e-08
pap_benchmark_semisyn,S3_fixed_85pct,B1,123,all,9922,0.08175684116303844,0.034613552409894804,0.42337193949150875,0.015191800000974998,0.18581686602445543,0.03195148875216863,0.39081119448403573,6.490283543936215e-08
pap_benchmark_semisyn,S3_fixed_85pct,B1,123,censored,2211,0.10184209700422021,0.0347684808836998,0.341395964011415,0.0005330056411859721,0.005233647547181643,0.06654061047933445,0.6533703884414034,6.490283543936215e-08
pap_benchmark_semisyn,S3_fixed_85pct,B1,123,clean,7711,0.0759977307149963,0.034569129266906494,0.4548705460238844,0.01939496357632107,0.2552045093169334,0.022033637871768735,0.2899249446591822,6.490283543936215e-08
pap_benchmark_semisyn,S3_fixed_85pct,B1,256,all,9922,0.08557096845084586,0.03351948542447857,0.3917156254195372,0.016134255385086952,0.18854823869797477,0.035917227641280344,0.41973613588248815,8.344650259672903e-08
pap_benchmark_semisyn,S3_fixed_85pct,B1,256,censored,2211,0.11914959850057542,0.03244846505576525,0.272333817856789,0.0003496844676626562,0.0029348354678758524,0.08635144897714751,0.7247313466753351,8.344650259672903e-08
pap_benchmark_semisyn,S3_fixed_85pct,B1,256,clean,7711,0.07594285912132283,0.03382658256301121,0.4454215044626041,0.02066021651832844,0.27204949559935093,0.021456060039983186,0.2825289999380451,8.344650259672903e-08
pap_benchmark_semisyn,S3_fixed_85pct,B1,42,all,9922,0.08444889748163247,0.03569404692497015,0.42267037213521425,0.01445210115897435,0.17113427871711012,0.03430274939768797,0.40619534914767574,8.046627053559519e-08
pap_benchmark_semisyn,S3_fixed_85pct,B1,42,censored,2211,0.1127806172731507,0.03611668930928387,0.320238443293944,0.000388455475399294,0.003444346065764727,0.07627547248846754,0.6763172106402914,8.046627053559519e-08
pap_benchmark_semisyn,S3_fixed_85pct,B1,42,clean,7711,0.07632525172115436,0.03557286130550217,0.46606936110035485,0.018484615827160635,0.2421821796892604,0.02226777458849155,0.2917484592103848,8.046627053559519e-08
pap_benchmark_semisyn,S3_fixed_85pct,B1,789,all,9922,0.08616366387166993,0.03685577518755907,0.42774150415018525,0.012525234672332127,0.14536562292646826,0.036782654011778715,0.42689287292334627,6.390942464129523e-08
pap_benchmark_semisyn,S3_fixed_85pct,B1,789,censored,2211,0.1203561498065532,0.03770390492848274,0.3132694506187155,0.0001626383587908964,0.0013513090860110002,0.08248960651927954,0.6853792402952734,6.390942464129523e-08
pap_benchmark_semisyn,S3_fixed_85pct,B1,789,clean,7711,0.07635954165638956,0.03661258820050393,0.47947626984531916,0.016070001946257646,0.21045178634742306,0.02367695150962798,0.3100719438072578,6.390942464129523e-08
pap_benchmark_semisyn,S3_fixed_85pct,B4_plain,1024,all,9922,0.090361385529273,0.02922738535034882,0.3234499468899851,0.017286702943182543,0.1913063068027264,0.04384729723574164,0.4852437463072885,6.101197669305947e-08
pap_benchmark_semisyn,S3_fixed_85pct,B4_plain,1024,censored,2211,0.13148086483434127,0.01816342646989297,0.13814501823347375,6.078945295829511e-05,0.0004623444866664553,0.11325664891149,0.8613926372798598,6.101197669305947e-08
pap_benchmark_semisyn,S3_fixed_85pct,B4_plain,1024,clean,7711,0.07857106407375417,0.032399790107797644,0.4123628779850068,0.022225944899723307,0.28287697464374356,0.023945329066233204,0.30476014737124946,6.101197669305947e-08
pap_benchmark_semisyn,S3_fixed_85pct,B4_plain,123,all,9922,0.09246387925827425,0.029855977423949156,0.3228934116051318,0.017200572414851376,0.1860247758674062,0.045407329419473716,0.49108181252746197,8.808241946933748e-08
pap_benchmark_semisyn,S3_fixed_85pct,B4_plain,123,censored,2211,0.1375058206639309,0.018351375893161992,0.13345890235449306,0.0,0.0,0.1191544447707689,0.8665410976455068,8.808241946933748e-08
pap_benchmark_semisyn,S3_fixed_85pct,B4_plain,123,clean,7711,0.07954885754281493,0.03315472907543021,0.41678447811253116,0.02213254824279021,0.27822584668645917,0.024261580224594508,0.30498967520100956,8.808241946933748e-08
pap_benchmark_semisyn,S3_fixed_85pct,B4_plain,256,all,9922,0.08232754095153144,0.03375814721263943,0.4100468302887099,0.015937787458813215,0.19358998549703121,0.032631606280078794,0.3963631842142588,5.728668639459755e-08
pap_benchmark_semisyn,S3_fixed_85pct,B4_plain,256,censored,2211,0.0916195295953656,0.0263966532290518,0.28811164328862726,0.0,0.0,0.0652228763663138,0.7118883567113727,5.728668639459755e-08
pap_benchmark_semisyn,S3_fixed_85pct,B4_plain,256,clean,7711,0.07966321895807826,0.035868932220772254,0.4502571285708128,0.020507680867117718,0.2574297289933717,0.023286605870188305,0.2923131424358157,5.728668639459755e-08
pap_benchmark_semisyn,S3_fixed_85pct,B4_plain,42,all,9922,0.08476255149489073,0.03166629765846459,0.3735883016732142,0.0171749777711861,0.2026245962194916,0.03592127606524003,0.4237871021072941,7.583035366298674e-08
pap_benchmark_semisyn,S3_fixed_85pct,B4_plain,42,censored,2211,0.10966822747595108,0.022604855418668045,0.20612036812234444,4.427370950081665e-05,0.00040370589112079285,0.0870190983477822,0.7934759259865346,7.583035366298674e-08
pap_benchmark_semisyn,S3_fixed_85pct,B4_plain,42,clean,7711,0.07762126637050681,0.03426451433492552,0.4414320448132338,0.02208692001997175,0.2845472774760598,0.021269832015609544,0.27402067771070643,7.583035366298674e-08
pap_benchmark_semisyn,S3_fixed_85pct,B4_plain,789,all,9922,0.08942379914276712,0.03073302950191009,0.3436784144324277,0.015429242615927149,0.17254067444947194,0.04326152702492988,0.4837809111181004,4.337893594330566e-08
pap_benchmark_semisyn,S3_fixed_85pct,B4_plain,789,censored,2211,0.12629259769664417,0.021194634285838624,0.16782166708414936,0.0,0.0,0.10509796341080552,0.8321783329158504,4.337893594330566e-08
pap_benchmark_semisyn,S3_fixed_85pct,B4_plain,789,clean,7711,0.07885228914372391,0.033468004449742274,0.4244392244433159,0.019853319314645207,0.25177860440371747,0.02553096537933643,0.32378217115296665,4.337893594330566e-08
pap_benchmark_semisyn,S3_fixed_85pct,B4,1024,all,9922,0.09158609717605083,0.030309167836256843,0.3309363404578233,0.017017385236765905,0.1858075162221875,0.0442595441030281,0.4832561433199894,6.291601384322831e-08
pap_benchmark_semisyn,S3_fixed_85pct,B4,1024,censored,2211,0.14014078636727528,0.017055883762662604,0.12170535220177256,6.789109821780626e-05,0.0004844492454886048,0.1230170115063949,0.877810198552739,6.291601384322831e-08
pap_benchmark_semisyn,S3_fixed_85pct,B4,1024,clean,7711,0.07766385391294656,0.034109324895875155,0.4391917626713234,0.021877368577490824,0.2816930589359263,0.02167716043958056,0.2791151783927501,6.291601384322831e-08
pap_benchmark_semisyn,S3_fixed_85pct,B4,123,all,9922,0.08748025132335706,0.030142836871045756,0.3445673327986619,0.016882815931112762,0.19299002547109834,0.04045459852119854,0.46244264173023975,7.318125827548982e-08
pap_benchmark_semisyn,S3_fixed_85pct,B4,123,censored,2211,0.12236090830096057,0.018411277967406266,0.15046699328286806,0.00014721903347347218,0.0012031541406293767,0.1038024113000808,0.8483298525765024,7.318125827548982e-08
pap_benchmark_semisyn,S3_fixed_85pct,B4,123,clean,7711,0.07747880759654065,0.03350666474498518,0.4324623182053362,0.021681467823303196,0.27983739677830627,0.02229067502825227,0.2877002850163575,7.318125827548982e-08
pap_benchmark_semisyn,S3_fixed_85pct,B4,256,all,9922,0.08963958230591734,0.029890311725367394,0.3334499219704001,0.01798544456028924,0.20064177116432158,0.04176382602026071,0.4659083068652783,5.2650769521989105e-08
pap_benchmark_semisyn,S3_fixed_85pct,B4,256,censored,2211,0.13327078833435463,0.01854088287219264,0.13912188187614374,0.00017520750136260164,0.0013146729568600933,0.11455469796079937,0.859563445166996,5.2650769521989105e-08
pap_benchmark_semisyn,S3_fixed_85pct,B4,256,clean,7711,0.07712906531345531,0.033144570212511645,0.4297286642566056,0.02309223150585879,0.29939726887666956,0.02089226359508486,0.27087406686672455,5.2650769521989105e-08
pap_benchmark_semisyn,S3_fixed_85pct,B4,42,all,9922,0.09194758229524844,0.030341979261820546,0.32999213795954835,0.018007113863422745,0.195841080471273,0.04359848917000516,0.47416678156917885,7.665819590219058e-08
pap_benchmark_semisyn,S3_fixed_85pct,B4,42,censored,2211,0.1407522449645153,0.01534117432798391,0.10899417150931792,0.00010186843257662314,0.0007237428618087402,0.12530920220395478,0.8902820856288735,7.665819590219058e-08
pap_benchmark_semisyn,S3_fixed_85pct,B4,42,clean,7711,0.07795366332731316,0.03464320863657256,0.4444077052686039,0.023141142867131835,0.2968576700490189,0.02016931182360876,0.2587346246823772,7.665819590219058e-08
pap_benchmark_semisyn,S3_fixed_85pct,B4,789,all,9922,0.09025365947727071,0.03305828882885977,0.3662819770447657,0.015380101733562308,0.17040972989505873,0.041815268914848644,0.46330829306017574,7.682376435003135e-08
pap_benchmark_semisyn,S3_fixed_85pct,B4,789,censored,2211,0.13590852134092601,0.02128805657988655,0.1566351864463711,0.00015174941181735158,0.0011165555354449685,0.11446871534922212,0.842248258018184,7.682376435003135e-08
pap_benchmark_semisyn,S3_fixed_85pct,B4,789,clean,7711,0.07716289309411135,0.036433205636339956,0.4721596634784594,0.019746576507700304,0.25590767421870103,0.020983110950071087,0.27193266230283947,7.682376435003135e-08
pap_benchmark_semisyn,S3_fixed_85pct,B6,1024,all,9922,0.07432757087389613,0.034391878754889735,0.4627068845454248,0.02242249011224638,0.30167123516370914,0.01751320200676002,0.23562188029086611,5.97702132232314e-08
pap_benchmark_semisyn,S3_fixed_85pct,B6,1024,censored,2211,0.05566592425590208,0.02682828230852517,0.48195161882505977,0.002574267195806988,0.04624493763855985,0.026263374751569927,0.47180344353638043,5.97702132232314e-08
pap_benchmark_semisyn,S3_fixed_85pct,B6,1024,clean,7711,0.079678485239398,0.03656061325662907,0.4588517608835168,0.028113635342209745,0.35283847650643607,0.015004236640559178,0.1883097626100471,5.97702132232314e-08
pap_benchmark_semisyn,S3_fixed_85pct,B6,123,all,9922,0.07533189359404975,0.03349997756028232,0.4446984665062022,0.01940912178730757,0.2576481336298261,0.02242279424645986,0.2976533998639717,7.417466907355674e-08
pap_benchmark_semisyn,S3_fixed_85pct,B6,123,censored,2211,0.0641291160582208,0.027468364895935713,0.42832907397317077,0.0025041953685493454,0.03904927313009999,0.03415655579373575,0.5326216528967292,7.417466907355674e-08
pap_benchmark_semisyn,S3_fixed_85pct,B6,123,clean,7711,0.0785441022740806,0.03522944139128612,0.4485307027681411,0.024256326081416563,0.3088242831622649,0.019058334801377894,0.2426450140695937,7.417466907355674e-08
pap_benchmark_semisyn,S3_fixed_85pct,B6,256,all,9922,0.07516269350690191,0.034502351636715285,0.45903559368248376,0.017408703220325058,0.23161361585221105,0.023251638649861572,0.3093507904653052,5.5796570253008326e-08
pap_benchmark_semisyn,S3_fixed_85pct,B6,256,censored,2211,0.06783714463544062,0.029853007429595256,0.4400687497981592,0.0015430274042773351,0.02274605472517487,0.03644110980156804,0.5371851954766661,5.5796570253008326e-08
pap_benchmark_semisyn,S3_fixed_85pct,B6,256,clean,7711,0.07726317185663617,0.035835473156873805,0.4638105360645491,0.021957919823785244,0.28419645862492854,0.01946977887597712,0.2519930053105224,5.5796570253008326e-08
pap_benchmark_semisyn,S3_fixed_85pct,B6,42,all,9922,0.07439312635358777,0.03497261969364828,0.47010552463442273,0.01943323588918911,0.2612235409602718,0.019987270770750375,0.2686709344053054,7.483694292043097e-08
pap_benchmark_semisyn,S3_fixed_85pct,B6,42,censored,2211,0.062486410429556584,0.02976154561083732,0.47628829062582645,0.0017337335540491216,0.027745769714258565,0.03099113126467015,0.4959659396599151,7.483694292043097e-08
pap_benchmark_semisyn,S3_fixed_85pct,B6,42,clean,7711,0.07780717756718301,0.036466807840074826,0.46868179749339156,0.024508271508822684,0.3149872836302395,0.016832098218285504,0.21633091887636896,7.483694292043097e-08
pap_benchmark_semisyn,S3_fixed_85pct,B6,789,all,9922,0.07449901002597334,0.034711426804864894,0.46593138342057294,0.019893639368317374,0.26703226474260067,0.019893943852791075,0.2670363518368264,6.424056153697677e-08
pap_benchmark_semisyn,S3_fixed_85pct,B6,789,censored,2211,0.05956837552966493,0.0274460020011511,0.46074786759096775,0.0022847195972575097,0.038354572823959654,0.029837653931256324,0.5008975595850726,6.424056153697677e-08
pap_benchmark_semisyn,S3_fixed_85pct,B6,789,clean,7711,0.0787801192039448,0.03679466558595829,0.4670552159321416,0.024942701956024976,0.3166116300415042,0.01704275166196152,0.216333154026354,6.424056153697677e-08
pap_benchmark_semisyn,S3_fixed_85pct,BQR,1024,all,9922,0.08543155508782492,0.033119656540570745,0.38767474742234576,0.014711203111414106,0.17219870452189204,0.03760069543584007,0.4401265480557622,7.450580596923828e-08
pap_benchmark_semisyn,S3_fixed_85pct,BQR,1024,censored,2211,0.11951398065358534,0.030132478542329737,0.25212513529835123,1.6806167456078e-05,0.00014062093291655268,0.08936469594379953,0.7477342437687322,7.450580596923828e-08
pap_benchmark_semisyn,S3_fixed_85pct,BQR,1024,clean,7711,0.07565899083858406,0.03397617976117907,0.4490699569819286,0.018924575131008342,0.2501298909918491,0.02275823594639663,0.30080015202622207,7.450580596923828e-08
pap_benchmark_semisyn,S3_fixed_85pct,BQR,123,all,9922,0.08249108679769909,0.03523796799495744,0.4271730360563067,0.015336572715809474,0.18591793745451363,0.03191654608693218,0.3869090264891797,5.761782329027909e-08
pap_benchmark_semisyn,S3_fixed_85pct,BQR,123,censored,2211,0.10655809380205812,0.030485078914916496,0.2860888162239975,8.704184683083684e-05,0.0008168487603815945,0.07598597304031078,0.7130943350156208,5.761782329027909e-08
pap_benchmark_semisyn,S3_fixed_85pct,BQR,123,clean,7711,0.0755902759448087,0.0366007792718308,0.4841995721586518,0.019709120083376816,0.26073618381506086,0.019280376589601085,0.25506424402628736,5.761782329027909e-08
pap_benchmark_semisyn,S3_fixed_85pct,BQR,256,all,9922,0.0805385189317171,0.03501468946336138,0.4347570569685774,0.01688776338679172,0.2096855468761433,0.028636066081563997,0.3555573961552793,5.165735877943334e-08
pap_benchmark_semisyn,S3_fixed_85pct,BQR,256,censored,2211,0.09657632672017355,0.03086211191486268,0.3195618736285606,9.823277689259319e-05,0.001017151720599388,0.06561598202841827,0.67942097465084,5.165735877943334e-08
pap_benchmark_semisyn,S3_fixed_85pct,BQR,256,clean,7711,0.07593994637040505,0.036205371470848166,0.47676319514702675,0.021701879866948246,0.28577686585522527,0.018032695032608632,0.23745993899774792,5.165735877943334e-08
pap_benchmark_semisyn,S3_fixed_85pct,BQR,42,all,9922,0.08401476268388788,0.03353532202507287,0.39915987326241864,0.01539023580381828,0.18318489884599504,0.035089204854996746,0.41765522789158643,6.109476080595755e-08
pap_benchmark_semisyn,S3_fixed_85pct,BQR,42,censored,2211,0.11402153537999811,0.02838403531303627,0.24893574023925533,9.406466023743083e-06,8.249727555758896e-05,0.0856280936009381,0.7509817624851871,6.109476080595755e-08
pap_benchmark_semisyn,S3_fixed_85pct,BQR,42,clean,7711,0.0754108235798677,0.035012367145071936,0.46428835388583567,0.019800430806523987,0.2625674918608113,0.02059802562827176,0.27314415425335287,6.109476080595755e-08
pap_benchmark_semisyn,S3_fixed_85pct,BQR,789,all,9922,0.08277873709421066,0.033671282070552845,0.4067624519595109,0.01472599082675942,0.17789581411467703,0.0343814641968984,0.41534173392581214,7.732046969355366e-08
pap_benchmark_semisyn,S3_fixed_85pct,BQR,789,censored,2211,0.10872901457391035,0.02943558059177858,0.2707242469466994,3.9376660300065564e-05,0.0003621541173197944,0.0792540573218317,0.7289135989359808,7.732046969355366e-08
pap_benchmark_semisyn,S3_fixed_85pct,BQR,789,clean,7711,0.07533792999946083,0.034885798471742044,0.4630575657174508,0.018937131265359036,0.2513625110949367,0.021515000262359755,0.28557992318761255,7.732046969355366e-08
pap_benchmark_semisyn,S3_fixed_85pct,BT,1024,all,9922,0.07743879044069801,0.03819952133451987,0.4932866476494458,0.015595445165119405,0.20139060897473945,0.023643823941058736,0.3053227433758147,7.93072912896875e-08
pap_benchmark_semisyn,S3_fixed_85pct,BT,1024,censored,2211,0.07701023809575386,0.03811095606545876,0.49488168077174266,0.0013705800781238498,0.017797374894746882,0.03752870195217124,0.4873209443335103,7.93072912896875e-08
pap_benchmark_semisyn,S3_fixed_85pct,BT,1024,clean,7711,0.07756167064231538,0.038224915940912575,0.49283255020628935,0.01967418679491414,0.25365862586488025,0.01966256790648867,0.2535088239288305,7.93072912896875e-08
pap_benchmark_semisyn,S3_fixed_85pct,BT,123,all,9922,0.07689369201806627,0.03747724297045172,0.4873903435622053,0.017075780148145953,0.2220699734918955,0.0223406688994686,0.29053968294589927,7.268455293196752e-08
pap_benchmark_semisyn,S3_fixed_85pct,BT,123,censored,2211,0.07324047168277124,0.03594155018466149,0.4907334614164728,0.0024914530373271416,0.03401743571666838,0.03480746846078263,0.47524910286685906,7.268455293196752e-08
pap_benchmark_semisyn,S3_fixed_85pct,BT,123,clean,7711,0.07794119171477712,0.03791757713584948,0.4864895737623237,0.02125759148805263,0.272738856314181,0.01876602309087499,0.24077156992349505,7.268455293196752e-08
pap_benchmark_semisyn,S3_fixed_85pct,BT,256,all,9922,0.07708733115789969,0.037835672143935815,0.4908156966342001,0.01792088925050677,0.2324751548837385,0.021330769763457106,0.27670914848206146,5.21540641784668e-08
pap_benchmark_semisyn,S3_fixed_85pct,BT,256,censored,2211,0.0725613687730576,0.03380943322425992,0.46594260549304206,0.00318303526487235,0.0438668029379047,0.035568900283925335,0.49019059156905326,5.21540641784668e-08
pap_benchmark_semisyn,S3_fixed_85pct,BT,256,clean,7711,0.07838507500861759,0.03899012866726657,0.4974177630496625,0.02214672184838483,0.28253748364660025,0.017248224492966212,0.22004475330373743,5.21540641784668e-08
pap_benchmark_semisyn,S3_fixed_85pct,BT,42,all,9922,0.07605391141579677,0.037953513122605025,0.4990343351982012,0.021227269179525148,0.27910818502776097,0.0168731291136666,0.22185747977403789,6.142589781266139e-08
pap_benchmark_semisyn,S3_fixed_85pct,BT,42,censored,2211,0.06445467367163973,0.033733800648175216,0.5233724527104107,0.004512490073102966,0.0700102849964234,0.026208382950361556,0.406617262293166,6.142589781266139e-08
pap_benchmark_semisyn,S3_fixed_85pct,BT,42,clean,7711,0.0793797984151913,0.03916344494480244,0.49336790627711574,0.026019951919027087,0.3277906021243753,0.014196401551361773,0.178841491598509,6.142589781266139e-08
pap_benchmark_semisyn,S3_fixed_85pct,BT,789,all,9922,0.07676533397467183,0.0378696482316078,0.4933170517320047,0.016847849627316173,0.21947210746031534,0.022047836115747853,0.2872108408076799,4.718701046568796e-08
pap_benchmark_semisyn,S3_fixed_85pct,BT,789,censored,2211,0.07465177181453117,0.03691913711122487,0.49455138456658115,0.0017821426109798208,0.02387274364240772,0.03595049209232647,0.481575871791011,4.718701046568796e-08
pap_benchmark_semisyn,S3_fixed_85pct,BT,789,clean,7711,0.07737136249705168,0.03814219136312987,0.49297556786056757,0.021167688586351277,0.2735855735661615,0.01806148254757053,0.233438858573271,4.718701046568796e-08
pap_benchmark_semisyn,S3_fixed_85pct,ORACLE,1024,all,9922,0.0750869598657503,0.035929931262996755,0.4785109335527328,0.017694957360228785,0.23565952585996297,0.021462071242524746,0.28582954058730403,9.967221159534745e-08
pap_benchmark_semisyn,S3_fixed_85pct,ORACLE,1024,censored,2211,0.06598620038629147,0.03179099447600261,0.48178246799928093,0.001349687492423899,0.020454087135229178,0.032845518417864976,0.4977634448654901,9.967221159534745e-08
pap_benchmark_semisyn,S3_fixed_85pct,ORACLE,1024,clean,7711,0.07769645010165786,0.03711670201076541,0.47771425801567513,0.022381689519185677,0.2880657930948135,0.018198058571706793,0.2342199488895116,9.967221159534745e-08
pap_benchmark_semisyn,S3_fixed_85pct,ORACLE,123,all,9922,0.07524454590159182,0.03369835826563237,0.4478511746180857,0.01881475107898983,0.2500480380810139,0.022731436556969624,0.30210078730090034,8.377763960343287e-08
pap_benchmark_semisyn,S3_fixed_85pct,ORACLE,123,censored,2211,0.06541699448080811,0.028746770876726318,0.4394388813622427,0.002123410584693087,0.03245961697791005,0.034546813019388695,0.5281015016598472,8.377763960343287e-08
pap_benchmark_semisyn,S3_fixed_85pct,ORACLE,123,clean,7711,0.07806243154435578,0.03511814295203767,0.4498725219964897,0.023600713189337395,0.30233125874291084,0.019343575402980706,0.24779621926059925,8.377763960343287e-08
pap_benchmark_semisyn,S3_fixed_85pct,ORACLE,256,all,9922,0.07499352964629782,0.03371656690697391,0.44959301243715205,0.0185586448957249,0.24746994818427082,0.022718317843599015,0.30293703937857713,7.202227914060444e-08
pap_benchmark_semisyn,S3_fixed_85pct,ORACLE,256,censored,2211,0.06703246913749587,0.028486707549660317,0.42496879372336505,0.001918098064959184,0.028614462358902724,0.036627663522876386,0.5464167439177324,7.202227914060444e-08
pap_benchmark_semisyn,S3_fixed_85pct,ORACLE,256,clean,7711,0.07727623030574032,0.03521614141598964,0.4557176414617843,0.0233300427744466,0.3019045142619175,0.01873004611530408,0.24237784427629813,7.202227914060444e-08
pap_benchmark_semisyn,S3_fixed_85pct,ORACLE,42,all,9922,0.07433836425027429,0.0341362851389885,0.4592014565193038,0.020374487499752778,0.2740776946767106,0.019827591611533028,0.2667208488039857,6.225374016288754e-08
pap_benchmark_semisyn,S3_fixed_85pct,ORACLE,42,censored,2211,0.06132043284521348,0.028162068020453367,0.4592607506789905,0.002250281169346346,0.03669708553797329,0.030908083655413775,0.5040421637830363,6.225374016288754e-08
pap_benchmark_semisyn,S3_fixed_85pct,ORACLE,42,clean,7711,0.0780710378771177,0.03584929175928174,0.45918810270855925,0.025571299871238785,0.32753887442213225,0.016650446246597176,0.21327302286930855,6.225374016288754e-08
pap_benchmark_semisyn,S3_fixed_85pct,ORACLE,789,all,9922,0.07464033308772468,0.03545557572471012,0.47501899118053553,0.019106359777907398,0.25597902618483387,0.02007839758510715,0.26900198263463054,6.622738307759946e-08
pap_benchmark_semisyn,S3_fixed_85pct,ORACLE,789,censored,2211,0.06415384702541355,0.029584752912766743,0.46115321659583725,0.001694092101035714,0.02640671104828095,0.03287500201161108,0.5124400723558816,6.622738307759946e-08
pap_benchmark_semisyn,S3_fixed_85pct,ORACLE,789,clean,7711,0.07764715719403642,0.03713893576065966,0.4783038697456919,0.024099035673843503,0.31036597532632393,0.016409185759533273,0.21133015492798438,6.622738307759946e-08
pap_benchmark_semisyn,S4_random_uniform,B0_persistence,,all,9922,0.1892378881530124,0.0,0.0,0.046639227421157926,0.2464581901455525,0.14259866073185448,0.7535418098544475,8.940696716308594e-08
pap_benchmark_semisyn,S4_random_uniform,B0_persistence,,censored,3551,0.29268906126808564,0.0,0.0,0.002746879743945595,0.009384975755652234,0.28994218152414003,0.9906150242443478,8.940696716308594e-08
pap_benchmark_semisyn,S4_random_uniform,B0_persistence,,clean,6371,0.1315773771293701,0.0,0.0,0.07110347582828098,0.5403928652443825,0.06047390130108912,0.45960713475561765,8.940696716308594e-08
pap_benchmark_semisyn,S4_random_uniform,B0_climatology,,all,9922,0.25182106588216463,0.04800000083115364,0.19061153864551753,0.002670500889839687,0.010604755724008022,0.20115056416117125,0.7987837056304742,6.581346190248638e-08
pap_benchmark_semisyn,S4_random_uniform,B0_climatology,,censored,3551,0.3717616227519227,0.04800000083115365,0.129114997066774,0.0,0.0,0.32376162192076907,0.870885002933226,6.581346190248638e-08
pap_benchmark_semisyn,S4_random_uniform,B0_climatology,,clean,6371,0.1849698780867618,0.04800000083115364,0.259501716320745,0.004158956180974631,0.02248450517453353,0.13281092107463352,0.7180137785047215,6.581346190248638e-08
pap_benchmark_semisyn,S4_random_uniform,B1,1024,all,9922,0.09053887644078763,0.034119218804122255,0.37684605934375826,0.012093433441635585,0.1335717198737791,0.04432622419502978,0.4895822207824625,7.094608411861714e-08
pap_benchmark_semisyn,S4_random_uniform,B1,1024,censored,3551,0.11798321381428091,0.035964204165402046,0.30482475432491457,0.0018085986026114703,0.015329287482017668,0.0802104110462674,0.6798459581930678,7.094608411861714e-08
pap_benchmark_semisyn,S4_random_uniform,B1,1024,clean,6371,0.07524224451278973,0.03309088054986005,0.4397912471129864,0.017825884942714636,0.23691325342752872,0.02432547902021504,0.3232954994594849,7.094608411861714e-08
pap_benchmark_semisyn,S4_random_uniform,B1,123,all,9922,0.08526585675103018,0.03359286878760686,0.39397796571370275,0.013944726876740787,0.16354408913591673,0.03772826108668253,0.4424779451503804,6.76347149952683e-08
pap_benchmark_semisyn,S4_random_uniform,B1,123,censored,3551,0.10304773693765044,0.03451012227689039,0.3348945188167588,0.003607001355989521,0.03500320786444787,0.06493061330477054,0.6301022733187934,6.76347149952683e-08
pap_benchmark_semisyn,S4_random_uniform,B1,123,clean,6371,0.07535478210926459,0.033081619825050625,0.4390115517430892,0.019706658021645476,0.26151834654728057,0.0225665042625685,0.29947010170963034,6.76347149952683e-08
pap_benchmark_semisyn,S4_random_uniform,B1,256,all,9922,0.08355059508147407,0.03413621799440422,0.40856941786131395,0.014495962649937914,0.17349921488652745,0.03491841443713193,0.4179313672521585,8.675787188661133e-08
pap_benchmark_semisyn,S4_random_uniform,B1,256,censored,3551,0.09985765128530004,0.0352725053346022,0.35322786867704586,0.0032536338038772613,0.03258271912065516,0.06133151214682059,0.6141894122022991,8.675787188661133e-08
pap_benchmark_semisyn,S4_random_uniform,B1,256,clean,6371,0.07446154209453543,0.033502886281165635,0.449935434302862,0.02076209194398302,0.27882973357741814,0.02019656386938677,0.2712348321197199,8.675787188661133e-08
pap_benchmark_semisyn,S4_random_uniform,B1,42,all,9922,0.08027893323316533,0.03471086695942143,0.4323782786027538,0.016898985540345347,0.21050336445382575,0.02866908073339856,0.35711835694342053,7.649262745434982e-08
pap_benchmark_semisyn,S4_random_uniform,B1,42,censored,3551,0.08955122260389341,0.03550686810286055,0.3964978597770347,0.004120051770355142,0.04600776684623416,0.04992430273067773,0.5574943733767312,7.649262745434982e-08
pap_benchmark_semisyn,S4_random_uniform,B1,42,clean,6371,0.0751108435211177,0.034267200335602196,0.45622174814170263,0.024021571290970874,0.3198149583317769,0.016822071894544634,0.2239632935265205,7.649262745434982e-08
pap_benchmark_semisyn,S4_random_uniform,B1,789,all,9922,0.08205433445215138,0.03496704299689806,0.4261449834473828,0.014832030032830876,0.18075864159839025,0.03225526142242243,0.39309637495422683,1.0199016997614052e-07
pap_benchmark_semisyn,S4_random_uniform,B1,789,censored,3551,0.09503186188973684,0.0365834351525859,0.38495968010216164,0.002990867216956567,0.03147225738275861,0.05545755952019436,0.5835680625150796,1.0199016997614052e-07
pap_benchmark_semisyn,S4_random_uniform,B1,789,clean,6371,0.07482105868212062,0.03406611558442788,0.4553011703450861,0.02143193101527785,0.28644249884690903,0.019323012082414878,0.25825633080800475,1.0199016997614052e-07
pap_benchmark_semisyn,S4_random_uniform,B4_plain,1024,all,9922,0.12569456903091258,0.03744973054292082,0.29794231231828844,0.008715076076583986,0.06933534315584193,0.07952976241140776,0.6327223445258695,6.813142028327945e-08
pap_benchmark_semisyn,S4_random_uniform,B4_plain,1024,censored,3551,0.19987405092936888,0.0365155673612846,0.1826928868029417,0.00023080951717888412,0.0011547747999586357,0.16312767405090536,0.8161523383970994,6.813142028327945e-08
pap_benchmark_semisyn,S4_random_uniform,B4_plain,1024,clean,6371,0.08434920092207279,0.03797040444937039,0.45015725145339414,0.013443946042436677,0.1593843912624265,0.032934850430265714,0.39045835728417916,6.813142028327945e-08
pap_benchmark_semisyn,S4_random_uniform,B4_plain,123,all,9922,0.11650781942658164,0.041307151576562055,0.3545440278589378,0.008897045732865103,0.07636436572801579,0.06630362211715446,0.5690916064130462,6.837977301055176e-08
pap_benchmark_semisyn,S4_random_uniform,B4_plain,123,censored,3551,0.17322825121167695,0.039888232197351305,0.23026401247109352,0.00023248341475258505,0.0013420640866973887,0.13310753559957306,0.768393923442209,6.837977301055176e-08
pap_benchmark_semisyn,S4_random_uniform,B4_plain,123,clean,6371,0.08489359037794353,0.04209801371995829,0.4958915453161928,0.013726407024909926,0.16168955705372343,0.029069169633075292,0.34241889763008354,6.837977301055176e-08
pap_benchmark_semisyn,S4_random_uniform,B4_plain,256,all,9922,0.11507048926978529,0.03739225980935752,0.32495090658466347,0.010299986142075012,0.08951023157576456,0.06737824331835277,0.585538861839572,7.185671069276367e-08
pap_benchmark_semisyn,S4_random_uniform,B4_plain,256,censored,3551,0.17941553687649453,0.03633568031404645,0.20252248465560196,0.00046795781833171583,0.0026082346405364386,0.14261189874411637,0.7948692807038616,7.185671069276367e-08
pap_benchmark_semisyn,S4_random_uniform,B4_plain,256,clean,6371,0.07920653321085822,0.03798116481451364,0.47952060612731,0.01578005717921399,0.19922671198353553,0.02544531121713058,0.3212526818891544,7.185671069276367e-08
pap_benchmark_semisyn,S4_random_uniform,B4_plain,42,all,9922,0.1156039614574564,0.039228336883268676,0.3393338462514986,0.008298310530618828,0.0717822332902727,0.06807731404356887,0.5888839204582286,7.251898448412675e-08
pap_benchmark_semisyn,S4_random_uniform,B4_plain,42,censored,3551,0.17500385741518662,0.03940918088894605,0.2251903556357048,0.00023454002864205868,0.0013401991939276281,0.1353601364975985,0.7734694451703675,7.251898448412675e-08
pap_benchmark_semisyn,S4_random_uniform,B4_plain,42,clean,6371,0.08249628125875916,0.03912753998103036,0.4742945910289251,0.012792808890769433,0.15507134013281523,0.030575932386959367,0.3706340688382596,7.251898448412675e-08
pap_benchmark_semisyn,S4_random_uniform,B4_plain,789,all,9922,0.1183684130949564,0.039898598225452164,0.33707132825583364,0.008607438525569666,0.07271736015134957,0.06986237634393455,0.5902113115928167,7.914172284184673e-08
pap_benchmark_semisyn,S4_random_uniform,B4_plain,789,censored,3551,0.17672217028366655,0.03930970965270767,0.22243790685463785,0.00022108292653506254,0.0012510197570581557,0.13719137770442383,0.7763110733883041,7.914172284184673e-08
pap_benchmark_semisyn,S4_random_uniform,B4_plain,789,clean,6371,0.08584381856080008,0.04022682665455524,0.46860481428915035,0.013281735925062977,0.15471977071541854,0.03233525598118187,0.3766754149954312,7.914172284184673e-08
pap_benchmark_semisyn,S4_random_uniform,B4,1024,all,9922,0.11146061375679454,0.03992259651341569,0.35817671523437167,0.010164759838270906,0.09119597941969229,0.06137325740510794,0.550627305345936,6.175703470834293e-08
pap_benchmark_semisyn,S4_random_uniform,B4,1024,censored,3551,0.16506431602752178,0.03708251225174438,0.2246549293280413,0.00034431450663663593,0.002085941497974808,0.12763748926914073,0.7732591291739837,6.175703470834293e-08
pap_benchmark_semisyn,S4_random_uniform,B4,1024,clean,6371,0.08158355414867141,0.041505572374849496,0.5087492547727576,0.015638374870861286,0.19168538358065584,0.024439606902960626,0.29956536164658654,6.175703470834293e-08
pap_benchmark_semisyn,S4_random_uniform,B4,123,all,9922,0.11608087453185108,0.038680317738925094,0.33321869683460836,0.009000584560449216,0.07753718773009048,0.06839997223247676,0.5892441154353011,7.285012137980829e-08
pap_benchmark_semisyn,S4_random_uniform,B4,123,censored,3551,0.18089988599791146,0.03686201084984393,0.2037702270872051,0.0002505626753142788,0.0013850902886537563,0.14378731247275325,0.7948446826241412,7.285012137980829e-08
pap_benchmark_semisyn,S4_random_uniform,B4,123,clean,6371,0.07995274555429964,0.03969378623101852,0.496465580460406,0.013877578394088229,0.17357225568524495,0.026381380929192882,0.3299621638543489,7.285012137980829e-08
pap_benchmark_semisyn,S4_random_uniform,B4,256,all,9922,0.12805835070833707,0.03517612959782335,0.2746882917299141,0.009890970840680365,0.07723799959916575,0.08299125026983335,0.6480737086709201,9.768538999921361e-08
pap_benchmark_semisyn,S4_random_uniform,B4,256,censored,3551,0.21385233794385072,0.03235964859301092,0.1513177218642674,0.00033781692148347856,0.0015796737353050408,0.18115487242935635,0.8471026044004277,9.768538999921361e-08
pap_benchmark_semisyn,S4_random_uniform,B4,256,clean,6371,0.0802394135441071,0.0367459497278012,0.4579538671179617,0.01521560583786576,0.18962758033496638,0.028277857978440138,0.35241855254707183,9.768538999921361e-08
pap_benchmark_semisyn,S4_random_uniform,B4,42,all,9922,0.12513128076721616,0.034952339573410734,0.27932535621075566,0.009986893078088881,0.07981132309088777,0.08019204811571656,0.6408633206983567,8.609559798422595e-08
pap_benchmark_semisyn,S4_random_uniform,B4,42,censored,3551,0.2076554998780633,0.03186535913956591,0.1534529986360942,0.00036295328600847765,0.0017478626196831108,0.17542718745248892,0.8447991387442226,8.609559798422595e-08
pap_benchmark_semisyn,S4_random_uniform,B4,42,clean,6371,0.07913481207115307,0.036672927788853046,0.4634234520690976,0.015350981949800939,0.19398519498597275,0.027110902332499076,0.3425913529449296,8.609559798422595e-08
pap_benchmark_semisyn,S4_random_uniform,B4,789,all,9922,0.11389989568483629,0.03806003513690166,0.3341533801068149,0.009593569663439598,0.08422808120900509,0.066246290884495,0.5816185386841799,5.463759106261179e-08
pap_benchmark_semisyn,S4_random_uniform,B4,789,censored,3551,0.1763110816979025,0.036555368064940696,0.20733448920457495,0.00035331492642742503,0.0020039292086745123,0.13940239870653434,0.7906615815867504,5.463759106261179e-08
pap_benchmark_semisyn,S4_random_uniform,B4,789,clean,6371,0.07911381476623666,0.038898690414335885,0.49168012602189226,0.014743804253163382,0.18636194319194405,0.025471320098737395,0.32195793078616364,5.463759106261179e-08
pap_benchmark_semisyn,S4_random_uniform,B6,1024,all,9922,0.0752375567000548,0.03451877981461043,0.4587971928996105,0.021941474231028057,0.291629276565969,0.01877730265441631,0.24957353053442033,5.8942370928516397e-08
pap_benchmark_semisyn,S4_random_uniform,B6,1024,censored,3551,0.06813198932440974,0.03262802329890167,0.47889432882318594,0.008797151785983942,0.12911925621452794,0.026706814239524125,0.39198641496228614,5.8942370928516397e-08
pap_benchmark_semisyn,S4_random_uniform,B6,1024,clean,6371,0.07919798202589307,0.03557262950653977,0.4491608068360835,0.029267716422575946,0.36955128999381737,0.014357636096777345,0.18128790317009902,5.8942370928516397e-08
pap_benchmark_semisyn,S4_random_uniform,B6,123,all,9922,0.07577352413747075,0.03463961112262349,0.4571466289436294,0.0190501317427164,0.25140881276889065,0.02208378127213087,0.29144455828748006,6.688965692447368e-08
pap_benchmark_semisyn,S4_random_uniform,B6,123,censored,3551,0.07230539789186195,0.03322444365581112,0.4595015673034636,0.007321008102046134,0.10125119722036854,0.0317599461340047,0.4392472354761679,6.688965692447368e-08
pap_benchmark_semisyn,S4_random_uniform,B6,123,clean,6371,0.07770655133856272,0.03542838206512085,0.4559252914308543,0.025587585525171295,0.3292847911070939,0.016690583748270576,0.21478991746205178,6.688965692447368e-08
pap_benchmark_semisyn,S4_random_uniform,B6,256,all,9922,0.07471295988942324,0.03524320814620455,0.47171478948719525,0.021560110047015062,0.2885725592845536,0.017909641696203623,0.23971265122825106,5.794896024147178e-08
pap_benchmark_semisyn,S4_random_uniform,B6,256,censored,3551,0.06741621541986814,0.03321818581063747,0.4927328774502489,0.008435510550039448,0.12512583949578146,0.025762519059191212,0.38214128305396944,5.794896024147178e-08
pap_benchmark_semisyn,S4_random_uniform,B6,256,clean,6371,0.07877994146396257,0.03637189348816007,0.46168977549695417,0.02887535927221682,0.3665318701134817,0.013532688703585679,0.17177835438956413,5.794896024147178e-08
pap_benchmark_semisyn,S4_random_uniform,B6,42,all,9922,0.07549694620856964,0.03748584517433112,0.49652134366828354,0.01871608388550841,0.24790517796313133,0.019295017148730106,0.25557347836858507,5.728668639459755e-08
pap_benchmark_semisyn,S4_random_uniform,B6,42,censored,3551,0.07147839890662472,0.03702947531171613,0.5180512697282058,0.006027376101765176,0.08432444198475955,0.02842154749314341,0.39762428828703467,5.728668639459755e-08
pap_benchmark_semisyn,S4_random_uniform,B6,42,clean,6371,0.07773676122492601,0.0377402117387866,0.4854873182790298,0.025788380438651122,0.3317398362408514,0.014208169047488286,0.1827728454801187,5.728668639459755e-08
pap_benchmark_semisyn,S4_random_uniform,B6,789,all,9922,0.07535272289279682,0.03600602476675735,0.4778330946047242,0.02104321728370819,0.2792628650413344,0.01830348084233128,0.2429040403539414,8.112854432695826e-08
pap_benchmark_semisyn,S4_random_uniform,B6,789,censored,3551,0.06915727345501774,0.034751556596440344,0.5025003858638809,0.0076973443652889805,0.11130202190946116,0.02670837249328841,0.3861975922266579,8.112854432695826e-08
pap_benchmark_semisyn,S4_random_uniform,B6,789,clean,6371,0.07880587639359003,0.0367052268500717,0.4657676372603256,0.028481797527517103,0.36141717890766045,0.013618852016001229,0.17281518383201394,8.112854432695826e-08
pap_benchmark_semisyn,S4_random_uniform,BQR,1024,all,9922,0.12976975533263563,0.030556289855215656,0.2354654193258781,0.010332788772335866,0.07962401366828567,0.0888806767050841,0.6849105670058361,9.834766390159899e-08
pap_benchmark_semisyn,S4_random_uniform,BQR,1024,censored,3551,0.21893860711426308,0.02745100810469687,0.12538221772083494,0.00031542780066674917,0.0014407134713437216,0.19117217120889946,0.8731770688078213,9.834766390159899e-08
pap_benchmark_semisyn,S4_random_uniform,BQR,1024,clean,6371,0.08006977217825498,0.03228707866326655,0.4032367994177326,0.01591615854323479,0.19877861657707122,0.03186653497175364,0.39798458400519615,9.834766390159899e-08
pap_benchmark_semisyn,S4_random_uniform,BQR,123,all,9922,0.13053922308134353,0.029967438849230484,0.2295665482133039,0.012700477222353604,0.09729242232765163,0.08787130700975944,0.6731410294590444,8.212195506951403e-08
pap_benchmark_semisyn,S4_random_uniform,BQR,123,censored,3551,0.223536955906329,0.024949808217210448,0.11161379609940392,0.0004919776108123254,0.0022008781895485946,0.19809517007830627,0.8861853257110477,8.212195506951403e-08
pap_benchmark_semisyn,S4_random_uniform,BQR,123,clean,6371,0.07870513906603613,0.032764112271660734,0.41628936382630105,0.019505120468403372,0.24782524622741536,0.026435906325972022,0.3358853899462836,8.212195506951403e-08
pap_benchmark_semisyn,S4_random_uniform,BQR,256,all,9922,0.12600106570120687,0.029423373689345902,0.23351686373128888,0.012446434458770644,0.09878039038404283,0.08413125755309035,0.6677027458846685,7.748603814139443e-08
pap_benchmark_semisyn,S4_random_uniform,BQR,256,censored,3551,0.21232536129974938,0.02406757196190659,0.11335231841630686,0.00047215941891607115,0.0022237542233567763,0.18778562991892675,0.8844239273603365,7.748603814139443e-08
pap_benchmark_semisyn,S4_random_uniform,BQR,256,clean,6371,0.07788655092010117,0.032408533308579464,0.4160992228533178,0.019120528112282428,0.24549203792445443,0.02635748949923928,0.33840873922222775,7.748603814139443e-08
pap_benchmark_semisyn,S4_random_uniform,BQR,42,all,9922,0.12685157248194276,0.03338812013227861,0.26320619822849567,0.010826039183302065,0.08534414648145686,0.08263741316636207,0.6514496552900474,6.95387523119706e-08
pap_benchmark_semisyn,S4_random_uniform,BQR,42,censored,3551,0.21318677400721306,0.028517792954317767,0.1337690533904926,0.0003420416568910797,0.0016044224998662763,0.18432693939600417,0.8646265241096409,6.95387523119706e-08
pap_benchmark_semisyn,S4_random_uniform,BQR,42,clean,6371,0.07873097907176624,0.036102691127246275,0.4585576294477085,0.01666949785796623,0.21172730295620176,0.02595879008655372,0.3297150675960896,6.95387523119706e-08
pap_benchmark_semisyn,S4_random_uniform,BQR,789,all,9922,0.1251555970896345,0.031336215859005236,0.2503780620898858,0.012050882125316189,0.09628720093665115,0.08176849910531303,0.6533347369734627,6.556510928623638e-08
pap_benchmark_semisyn,S4_random_uniform,BQR,789,censored,3551,0.21006455170248559,0.02611097393818476,0.12429976274705183,0.0004548075386824293,0.0021650846608645,0.18349877022561842,0.8735351525920838,6.556510928623638e-08
pap_benchmark_semisyn,S4_random_uniform,BQR,789,clean,6371,0.07782994996512745,0.034248605446328045,0.44004403782443013,0.018514178445695487,0.23787987084651815,0.025067166073103914,0.32207609132905174,6.556510928623638e-08
pap_benchmark_semisyn,S4_random_uniform,BT,1024,all,9922,0.07862074366401299,0.037551242916444565,0.477625130041003,0.015847714070431215,0.20157166330245713,0.025221786677137183,0.32080320665653955,8.344650270775134e-08
pap_benchmark_semisyn,S4_random_uniform,BT,1024,censored,3551,0.08166923117213828,0.03793294321805782,0.4644704336459918,0.004015371811890126,0.04916627418013435,0.03972091614219034,0.48636329217387386,8.344650270775134e-08
pap_benchmark_semisyn,S4_random_uniform,BT,1024,clean,6371,0.07692161022478004,0.03733849487515927,0.4854096887213991,0.022442698744749127,0.2917606467047057,0.01714041660487164,0.22282966457389516,8.344650270775134e-08
pap_benchmark_semisyn,S4_random_uniform,BT,123,all,9922,0.07937310061357405,0.03827309562296648,0.48219227077064913,0.014441583849635366,0.1819455676797087,0.026658421140972208,0.3358621615496421,6.829698884214253e-08
pap_benchmark_semisyn,S4_random_uniform,BT,123,censored,3551,0.08473702871957753,0.04007819183643756,0.47297140862785464,0.0030360176626375713,0.03582870096477827,0.041622819220502386,0.49119989040736695,6.829698884214253e-08
pap_benchmark_semisyn,S4_random_uniform,BT,123,clean,6371,0.07638341160016668,0.03726699035628373,0.4878937661407416,0.02079869663099295,0.2722933709725472,0.01831772461289001,0.23981286288671136,6.829698884214253e-08
pap_benchmark_semisyn,S4_random_uniform,BT,256,all,9922,0.07659021867529574,0.03699344698107105,0.4830048486727109,0.020993109758804904,0.2740964854507754,0.018603661935419787,0.24289866587651382,7.417466907355674e-08
pap_benchmark_semisyn,S4_random_uniform,BT,256,censored,3551,0.07303317718991967,0.03748527480924442,0.5132636460791725,0.00688002310783485,0.0942040778253922,0.02866787927284039,0.39253227609543523,7.417466907355674e-08
pap_benchmark_semisyn,S4_random_uniform,BT,256,clean,6371,0.0785728045039836,0.03671931723411709,0.4673285810010185,0.028859311406520274,0.36729389498954595,0.012994175863346244,0.16537752400943567,7.417466907355674e-08
pap_benchmark_semisyn,S4_random_uniform,BT,42,all,9922,0.07748414581203333,0.03696125220197026,0.4770169666919159,0.01662164776141475,0.21451675806992504,0.023901245848648323,0.30846627523815906,9.238719944626439e-08
pap_benchmark_semisyn,S4_random_uniform,BT,42,censored,3551,0.07949967620713463,0.03775402648224827,0.4748953490562779,0.003997175210803675,0.05027913824943292,0.037748474514082676,0.4748255126942891,9.238719944626439e-08
pap_benchmark_semisyn,S4_random_uniform,BT,42,clean,6371,0.07636075098657348,0.036519384132708416,0.47824810077011454,0.02365814156571862,0.3098207031761439,0.016183225288146454,0.2119311960537417,9.238719944626439e-08
pap_benchmark_semisyn,S4_random_uniform,BT,789,all,9922,0.08075644628076029,0.04004193719906735,0.49583580064749694,0.013228869924188733,0.16381193741731584,0.027485639157504203,0.34035226193518725,8.510218729718133e-08
pap_benchmark_semisyn,S4_random_uniform,BT,789,censored,3551,0.08787085273994583,0.04225591986461308,0.480886648382367,0.002420262642268406,0.0275434067930487,0.04319467023306434,0.4915699448245843,8.510218729718133e-08
pap_benchmark_semisyn,S4_random_uniform,BT,789,clean,6371,0.07679109432085324,0.03880793116463747,0.505370206113847,0.019253256120719747,0.25072251269495677,0.018729907035496034,0.24390728119119637,8.510218729718133e-08
pap_benchmark_semisyn,S4_random_uniform,ORACLE,1024,all,9922,0.07495567239843486,0.03561563534358966,0.4751559715757196,0.019046361638716702,0.2541016714181915,0.020293675416128486,0.2707423570060888,6.887647840958522e-08
pap_benchmark_semisyn,S4_random_uniform,ORACLE,1024,censored,3551,0.07082856248652383,0.034202478213195574,0.48289104017469076,0.006617018211439585,0.09342302002385788,0.030009066061888676,0.4236859398014514,6.887647840958522e-08
pap_benchmark_semisyn,S4_random_uniform,ORACLE,1024,clean,6371,0.07725599688394669,0.03640328578622495,0.4712033661401025,0.02597409645432822,0.33620815861513365,0.014878614643393526,0.19258847524476394,6.887647840958522e-08
pap_benchmark_semisyn,S4_random_uniform,ORACLE,123,all,9922,0.07540323084558244,0.033851362805726856,0.4489378296674149,0.018960426525553055,0.2514537681333832,0.022591441514302524,0.2996084021992018,6.970432070430022e-08
pap_benchmark_semisyn,S4_random_uniform,ORACLE,123,censored,3551,0.0724206267930867,0.03229177994174211,0.4458920251270829,0.007356934759254961,0.10158617903535264,0.03277191209208962,0.45252179583756436,6.970432070430022e-08
pap_benchmark_semisyn,S4_random_uniform,ORACLE,123,clean,6371,0.07706564286730783,0.03472062646135547,0.4505331451154919,0.025427856954390676,0.3299506240176643,0.01691715945156167,0.2195162308668437,6.970432070430022e-08
pap_benchmark_semisyn,S4_random_uniform,ORACLE,256,all,9922,0.07466205438405962,0.03442146510371213,0.4610302433770309,0.020002111462620598,0.267901970118988,0.020238477817726908,0.2710677865039812,7.417466907355674e-08
pap_benchmark_semisyn,S4_random_uniform,ORACLE,256,censored,3551,0.07082766418203443,0.03234397171750553,0.45665732579261936,0.007376891858005014,0.10415269151112536,0.03110680060652388,0.43918998269625525,7.417466907355674e-08
pap_benchmark_semisyn,S4_random_uniform,ORACLE,256,clean,6371,0.07679922588106033,0.03557939619999523,0.4632780577124223,0.027039021651914262,0.35207414321844654,0.014180808029150855,0.18464779906913129,7.417466907355674e-08
pap_benchmark_semisyn,S4_random_uniform,ORACLE,42,all,9922,0.07492373485563943,0.033836267276007775,0.4516094578200403,0.02122672711979183,0.28331111844185003,0.019860740459839835,0.26507942373810983,6.076362402129831e-08
pap_benchmark_semisyn,S4_random_uniform,ORACLE,42,censored,3551,0.0698613586982522,0.031847930034608736,0.4558733272304008,0.00796246735551091,0.11397527193684705,0.030050961308132562,0.43015140083275216,6.076362402129831e-08
pap_benchmark_semisyn,S4_random_uniform,ORACLE,42,clean,6371,0.07774534806155406,0.034944505471614117,0.44947390863755826,0.02861981869457782,0.36812258750090593,0.014181023895362124,0.18240350386153584,6.076362402129831e-08
pap_benchmark_semisyn,S4_random_uniform,ORACLE,789,all,9922,0.07483425096034312,0.034773343136721535,0.46467149320635226,0.020989235069589128,0.28047631666296685,0.01907167275403245,0.25485219013068083,5.712111794675678e-08
pap_benchmark_semisyn,S4_random_uniform,ORACLE,789,censored,3551,0.06907107383269213,0.032616477231179046,0.47221615969348507,0.007753403280646644,0.11225253713917024,0.028701193320866448,0.41553130316734477,5.712111794675678e-08
pap_benchmark_semisyn,S4_random_uniform,ORACLE,789,clean,6371,0.07804646913335968,0.03597551404090947,0.4609499243256903,0.02836648176281386,0.36345631106441784,0.013704473329636351,0.17559376460989187,5.712111794675678e-08
pap_benchmark_semisyn,S5_wind_triggered,B0_persistence,,all,9922,0.20018103784913258,0.0,0.0,0.04363914627399362,0.21799840156130312,0.15654189157513895,0.7820015984386969,8.940696716308594e-08
pap_benchmark_semisyn,S5_wind_triggered,B0_persistence,,censored,3167,0.33600912506380104,0.0,0.0,5.685985747067229e-05,0.00016922117058539946,0.33595226520633037,0.9998307788294146,8.940696716308594e-08
pap_benchmark_semisyn,S5_wind_triggered,B0_persistence,,clean,6755,0.13649968296995346,0.0,0.0,0.06407217382116286,0.46939430500557666,0.0724275091487906,0.5306056949944233,8.940696716308594e-08
pap_benchmark_semisyn,S5_wind_triggered,B0_climatology,,all,9922,0.2437486704882799,0.05233333466781509,0.214702031247926,0.002670500889839687,0.010955960844791938,0.18874483493062508,0.7743420079072819,4.677308929057489e-08
pap_benchmark_semisyn,S5_wind_triggered,B0_climatology,,censored,3167,0.46879855447220353,0.05233333466781509,0.11163288403637364,0.0,0.0,0.41646521980438844,0.8883671159636264,4.677308929057489e-08
pap_benchmark_semisyn,S5_wind_triggered,B0_climatology,,clean,6755,0.13823675596909615,0.0523333346678151,0.37857756644343277,0.003922532913247872,0.028375469937422307,0.08198088838803316,0.5930469636191448,4.677308929057489e-08
pap_benchmark_semisyn,S5_wind_triggered,B1,1024,all,9922,0.10957749366094277,0.03265620769023049,0.2980192975692261,0.01282011132974597,0.11699584377622523,0.06410117464096629,0.5849848586545485,5.736947061851794e-08
pap_benchmark_semisyn,S5_wind_triggered,B1,1024,censored,3167,0.1870954696562026,0.028959127948845045,0.15478262515954505,0.0,0.0,0.15813634170735755,0.8452173748404549,5.736947061851794e-08
pap_benchmark_semisyn,S5_wind_triggered,B1,1024,clean,6755,0.07323412874947156,0.034389538784378185,0.4695835039155338,0.018830665375831168,0.257129642932593,0.0200139245892622,0.27328685315187307,5.736947061851794e-08
pap_benchmark_semisyn,S5_wind_triggered,B1,123,all,9922,0.11072418432224777,0.03450575624363052,0.3116370326396461,0.01201720961753521,0.10853283490949678,0.06420121846108207,0.5798301324508573,7.119443679037829e-08
pap_benchmark_semisyn,S5_wind_triggered,B1,123,censored,3167,0.19069989234265522,0.031927516723080224,0.16742283559191484,0.0,0.0,0.158772375619575,0.8325771644080852,7.119443679037829e-08
pap_benchmark_semisyn,S5_wind_triggered,B1,123,clean,6755,0.0732285414946193,0.035714532640607984,0.4877132865364009,0.017651332912684586,0.24104444185852827,0.01986267594132673,0.2712422716050709,7.119443679037829e-08
pap_benchmark_semisyn,S5_wind_triggered,B1,256,all,9922,0.10795590095072648,0.03290326818589362,0.30478434153322864,0.011805758334806593,0.10935723041387992,0.06324687443002627,0.5858584280528916,4.975332151824219e-08
pap_benchmark_semisyn,S5_wind_triggered,B1,256,censored,3167,0.18213631673451183,0.029950497525017817,0.1644400087911885,0.0,0.0,0.15218581920949398,0.8355599912088113,4.975332151824219e-08
pap_benchmark_semisyn,S5_wind_triggered,B1,256,clean,6755,0.07317731075276228,0.03428763897538195,0.46855560313259625,0.017340745255063066,0.23696887842258527,0.021548926522317262,0.29447551844481845,4.975332151824219e-08
pap_benchmark_semisyn,S5_wind_triggered,B1,42,all,9922,0.10901592959822967,0.03280837205370364,0.30095025722035784,0.011282572506489607,0.10349471447035963,0.06492498503803643,0.5955550283092825,4.851155810392527e-08
pap_benchmark_semisyn,S5_wind_triggered,B1,42,censored,3167,0.18491971579527403,0.029568396362860665,0.1598985604952803,0.0,0.0,0.15535131943241337,0.8401014395047197,4.851155810392527e-08
pap_benchmark_semisyn,S5_wind_triggered,B1,42,clean,6755,0.07342935803849031,0.03432739544569471,0.46748870428229705,0.016572270082811237,0.22568997640050673,0.02252969250998437,0.3068213193171963,4.851155810392527e-08
pap_benchmark_semisyn,S5_wind_triggered,B1,789,all,9922,0.11165548560563067,0.033328820588136215,0.29849693821452045,0.010985833325241058,0.09839044867032538,0.06734083169225338,0.6031126131151541,5.248520112965949e-08
pap_benchmark_semisyn,S5_wind_triggered,B1,789,censored,3167,0.1932912109092108,0.030611830849537818,0.15837156126005256,0.0,0.0,0.16267938005967303,0.8416284387399476,5.248520112965949e-08
pap_benchmark_semisyn,S5_wind_triggered,B1,789,clean,6755,0.07338156376455908,0.03460264834567006,0.4715441668249379,0.016136408327615363,0.21989730798580673,0.02264250709127366,0.30855852518925553,5.248520112965949e-08
pap_benchmark_semisyn,S5_wind_triggered,B4_plain,1024,all,9922,0.14874857443939107,0.0257683478887858,0.17323425105687545,0.011942711289513257,0.08028790416663402,0.11103751526109201,0.7464778447764905,6.159146626050216e-08
pap_benchmark_semisyn,S5_wind_triggered,B4_plain,1024,censored,3167,0.29755014271771046,0.013633896780471796,0.04582050156637446,0.0,0.0,0.28391624593723863,0.9541794984336254,6.159146626050216e-08
pap_benchmark_semisyn,S5_wind_triggered,B4_plain,1024,clean,6755,0.07898475997048839,0.0314574384380131,0.3982722546699738,0.01754190694515922,0.22209229921966622,0.02998541458731606,0.37963544611035993,6.159146626050216e-08
pap_benchmark_semisyn,S5_wind_triggered,B4_plain,123,all,9922,0.15040986135025627,0.024590415666423632,0.163489384576723,0.010761966176088914,0.07155093475571891,0.11505747950774374,0.7649596806675582,6.159146626050216e-08
pap_benchmark_semisyn,S5_wind_triggered,B4_plain,123,censored,3167,0.30073426524817937,0.013570640343494785,0.04512502202665761,0.0,0.0,0.2871636249046846,0.9548749779733425,6.159146626050216e-08
pap_benchmark_semisyn,S5_wind_triggered,B4_plain,123,clean,6755,0.07993208383068225,0.02975690396364283,0.37227734518564526,0.015807583774856287,0.19776268823844279,0.034367596092183136,0.429959966575912,6.159146626050216e-08
pap_benchmark_semisyn,S5_wind_triggered,B4_plain,256,all,9922,0.14235247595190192,0.026977445548527317,0.18951160047010676,0.012584534912773159,0.08840404656554919,0.10279049549060144,0.722084352964344,6.821420461822214e-08
pap_benchmark_semisyn,S5_wind_triggered,B4_plain,256,censored,3167,0.28014584455911107,0.015985052730122632,0.057059753127088664,0.0,0.0,0.26416079182898844,0.9429402468729113,6.821420461822214e-08
pap_benchmark_semisyn,S5_wind_triggered,B4_plain,256,clean,6755,0.07774972267595354,0.03213109588988743,0.41326315752666926,0.018484641806740972,0.2377454371609985,0.027133984979325117,0.3489914053123321,6.821420461822214e-08
pap_benchmark_semisyn,S5_wind_triggered,B4_plain,42,all,9922,0.1515608734989411,0.025829693058931968,0.1704245460099729,0.01022876687040848,0.0674894953708481,0.11550241356960067,0.7620859586191792,6.655852002879215e-08
pap_benchmark_semisyn,S5_wind_triggered,B4_plain,42,censored,3167,0.30385058723154584,0.013257620615197648,0.043632038812203545,0.0,0.0,0.2905929666163482,0.9563679611877964,6.655852002879215e-08
pap_benchmark_semisyn,S5_wind_triggered,B4_plain,42,clean,6755,0.08016168424784427,0.03172395707511355,0.395749632418267,0.015024400427563723,0.18742620702817583,0.03341332674516699,0.41682416055355714,6.655852002879215e-08
pap_benchmark_semisyn,S5_wind_triggered,B4_plain,789,all,9922,0.14304396179139142,0.027420277245878887,0.1916912598230978,0.011026299200956557,0.07708329007998808,0.10459738534455597,0.7312254500969141,5.6293275652041785e-08
pap_benchmark_semisyn,S5_wind_triggered,B4_plain,789,censored,3167,0.28237161249540815,0.016425356953349134,0.0581692926147675,0.0,0.0,0.26594625554205903,0.9418307073852326,5.6293275652041785e-08
pap_benchmark_semisyn,S5_wind_triggered,B4_plain,789,clean,6755,0.07772187892246163,0.03257511256289468,0.41912410011848633,0.01619584613943612,0.2083820716119553,0.028950920220130814,0.3724938282695582,5.6293275652041785e-08
pap_benchmark_semisyn,S5_wind_triggered,B4,1024,all,9922,0.14432287597865037,0.0265622065759565,0.18404709853402476,0.011530532436204022,0.07989400403793041,0.10623013696648988,0.736058897428045,5.364418032005602e-08
pap_benchmark_semisyn,S5_wind_triggered,B4,1024,censored,3167,0.285178138892684,0.015411463745292042,0.05404153279467036,0.0,0.0,0.26976667514739194,0.9459584672053296,5.364418032005602e-08
pap_benchmark_semisyn,S5_wind_triggered,B4,1024,clean,6755,0.078284590612441,0.03179009740418956,0.4060837152687041,0.01693648302472484,0.2163450417537636,0.029558010183526596,0.3775712429775322,5.364418032005602e-08
pap_benchmark_semisyn,S5_wind_triggered,B4,123,all,9922,0.1505910423752717,0.02453574475617084,0.16292964288691192,0.011095505857276953,0.07367972013652073,0.1149597917618239,0.7633906369765673,6.929039952918714e-08
pap_benchmark_semisyn,S5_wind_triggered,B4,123,censored,3167,0.3016353559605949,0.013286424604980784,0.04404796832476263,0.0,0.0,0.28834893135561407,0.9559520316752373,6.929039952918714e-08
pap_benchmark_semisyn,S5_wind_triggered,B4,123,clean,6755,0.0797757439112127,0.02980985236813514,0.373670628522278,0.01629749949902323,0.2042914136552799,0.03366839204405432,0.422037957822442,6.929039952918714e-08
pap_benchmark_semisyn,S5_wind_triggered,B4,256,all,9922,0.1429819103644173,0.027346076373772718,0.19125549731484148,0.011945752950786995,0.08354730273459708,0.10369008103985757,0.7251971999505613,1.0083119073023283e-07
pap_benchmark_semisyn,S5_wind_triggered,B4,256,censored,3167,0.28143726980111533,0.016001436933422868,0.05685614042777874,0.0,0.0,0.26543583286769246,0.9431438595722212,1.0083119073023283e-07
pap_benchmark_semisyn,S5_wind_triggered,B4,256,clean,6755,0.07806879069957307,0.03266487328089159,0.4184114162417816,0.017546374652510518,0.22475530228248397,0.027857542766170956,0.35683328147573445,1.0083119073023283e-07
pap_benchmark_semisyn,S5_wind_triggered,B4,42,all,9922,0.15068793825479956,0.025016046626051842,0.16601226956700402,0.012121085488566821,0.08043832591345945,0.1135508061401809,0.7535494045195366,7.119443679037829e-08
pap_benchmark_semisyn,S5_wind_triggered,B4,42,censored,3167,0.30251145363627735,0.012694136064119416,0.041962497325414086,0.0,0.0,0.28981731757215795,0.958037502674586,7.119443679037829e-08
pap_benchmark_semisyn,S5_wind_triggered,B4,42,clean,6755,0.07950732045862782,0.030793025271446364,0.38729798833391355,0.017803909728728348,0.22392793048525306,0.030910385458453114,0.38877408118083345,7.119443679037829e-08
pap_benchmark_semisyn,S5_wind_triggered,B4,789,all,9922,0.15280704845128734,0.025039675371675625,0.1638646621700694,0.011278009838697978,0.07380556036518984,0.11648936324091375,0.7623297774647408,7.119443679037829e-08
pap_benchmark_semisyn,S5_wind_triggered,B4,789,censored,3167,0.3071232487766627,0.01215763124885469,0.039585512647711055,0.0,0.0,0.294965617527808,0.9604144873522888,7.119443679037829e-08
pap_benchmark_semisyn,S5_wind_triggered,B4,789,clean,6755,0.08045776548600775,0.031079265858274276,0.38628049971980905,0.016565568263443572,0.20589147813612171,0.032812931364289886,0.4078280221440691,7.119443679037829e-08
pap_benchmark_semisyn,S5_wind_triggered,B6,1024,all,9922,0.10549103951362351,0.031419058217331826,0.2978362746465708,0.013900939701601648,0.13177365362682228,0.06017104159469004,0.5703900717266069,1.0563267593965975e-07
pap_benchmark_semisyn,S5_wind_triggered,B6,1024,censored,3167,0.17330440376385872,0.025864226482378593,0.14924159987083013,0.0,0.0,0.1474401772814801,0.8507584001291697,1.0563267593965975e-07
pap_benchmark_semisyn,S5_wind_triggered,B6,1024,clean,6755,0.0736975643721735,0.034023373850876885,0.4616621205968013,0.020418227049488015,0.2770542991946891,0.019255963471808593,0.2612835802085096,1.0563267593965975e-07
pap_benchmark_semisyn,S5_wind_triggered,B6,123,all,9922,0.10418225405848101,0.03118823525801429,0.2993622622189311,0.01461183845054208,0.14025266186254678,0.05838218034992464,0.560385075918522,5.513429646164525e-08
pap_benchmark_semisyn,S5_wind_triggered,B6,123,censored,3167,0.1696619110936644,0.025249377972061574,0.14882172321000367,0.0,0.0,0.14441253312160285,0.8511782767899965,5.513429646164525e-08
pap_benchmark_semisyn,S5_wind_triggered,B6,123,clean,6755,0.07348290930194126,0.033972596623611954,0.4623197005444975,0.021462422073468317,0.29207365736268315,0.018047890604860995,0.24560664209281938,5.513429646164525e-08
pap_benchmark_semisyn,S5_wind_triggered,B6,256,all,9922,0.10491477703582722,0.030184618033460883,0.2877060685469805,0.01376161820133259,0.1311694938515015,0.060968540801033755,0.5811244376015181,7.218784758844521e-08
pap_benchmark_semisyn,S5_wind_triggered,B6,256,censored,3167,0.1715392907273371,0.024497947983899353,0.14281245934984665,0.0,0.0,0.14704134274343775,0.8571875406501535,7.218784758844521e-08
pap_benchmark_semisyn,S5_wind_triggered,B6,256,clean,6755,0.07367868009119188,0.03285074446528344,0.44586499682980435,0.020213586349907022,0.27434783474525776,0.020614349276001434,0.27978716842493806,7.218784758844521e-08
pap_benchmark_semisyn,S5_wind_triggered,B6,42,all,9922,0.10497290928896875,0.03088681759007502,0.29423608242627614,0.013480845863523654,0.128422142006312,0.06060524583537009,0.577341775567412,5.066394803687757e-08
pap_benchmark_semisyn,S5_wind_triggered,B6,42,censored,3167,0.17273224562587428,0.025458093007769463,0.1473847162440641,0.0,0.0,0.14727415261810478,0.8526152837559358,5.066394803687757e-08
pap_benchmark_semisyn,S5_wind_triggered,B6,42,clean,6755,0.07320476448082966,0.03343200941126846,0.4566917146495758,0.019801177299464352,0.27049028078834597,0.019971577770096838,0.2728180045620781,5.066394803687757e-08
pap_benchmark_semisyn,S5_wind_triggered,B6,789,all,9922,0.10667420550758658,0.031060191901480072,0.29116872025141166,0.013302563504068757,0.12470271928224196,0.06231145010203775,0.5841285604663464,1.0033448538671053e-07
pap_benchmark_semisyn,S5_wind_triggered,B6,789,censored,3167,0.17824312332018138,0.025689927781407797,0.14412857732110376,0.0,0.0,0.15255319553877358,0.8558714226788962,1.0033448538671053e-07
pap_benchmark_semisyn,S5_wind_triggered,B6,789,clean,6755,0.07311998452868387,0.033577975242452526,0.4592174828658558,0.01953930941337827,0.26722255945928564,0.02000269987285309,0.2735599576748588,1.0033448538671053e-07
pap_benchmark_semisyn,S5_wind_triggered,BQR,1024,all,9922,0.1370595892109585,0.029601499839337117,0.2159754017194322,0.01092270378807425,0.07969310174468941,0.09653538558354716,0.7043314965358786,6.490283543936215e-08
pap_benchmark_semisyn,S5_wind_triggered,BQR,1024,censored,3167,0.2657933745978778,0.026158044005771965,0.09841495878272664,0.0,0.0,0.23963533059210587,0.9015850412172736,6.490283543936215e-08
pap_benchmark_semisyn,S5_wind_triggered,BQR,1024,clean,6755,0.07670431188743913,0.031215922433696974,0.40696437612927466,0.016043681270950808,0.20916270384505037,0.029444708182791345,0.38387292002567486,6.490283543936215e-08
pap_benchmark_semisyn,S5_wind_triggered,BQR,123,all,9922,0.13100021421240515,0.03345944339925057,0.25541518081030823,0.010369263560054763,0.0791545542302849,0.08717150725309983,0.6654302649594069,5.198849573062603e-08
pap_benchmark_semisyn,S5_wind_triggered,BQR,123,censored,3167,0.24915134673401965,0.029726464305216402,0.11931087146380448,0.0,0.0,0.21942488242880326,0.8806891285361955,5.198849573062603e-08
pap_benchmark_semisyn,S5_wind_triggered,BQR,123,clean,6755,0.075606485611968,0.0352096054704284,0.4656955707627145,0.015230767289839131,0.20144789387523393,0.025166112851700468,0.3328565353620515,5.198849573062603e-08
pap_benchmark_semisyn,S5_wind_triggered,BQR,256,all,9922,0.13727768970801385,0.02990834527085194,0.2178674869490172,0.011448243049284657,0.08339478231047433,0.09592110138787725,0.6987377307405085,6.275044550640985e-08
pap_benchmark_semisyn,S5_wind_triggered,BQR,256,censored,3167,0.26797880433279975,0.02485909146516736,0.09276514061274467,0.0,0.0,0.24311971286763243,0.9072348593872555,6.275044550640985e-08
pap_benchmark_semisyn,S5_wind_triggered,BQR,256,clean,6755,0.07600005388022747,0.032275626810837586,0.42467899906626994,0.016815613254626553,0.22125791227894617,0.02690881381476334,0.354063088654784,6.275044550640985e-08
pap_benchmark_semisyn,S5_wind_triggered,BQR,42,all,9922,0.13093162690936339,0.033164390253244816,0.25329548739360475,0.011180597455300338,0.0853926413290506,0.0865866392008182,0.6613118712773444,6.324715084993215e-08
pap_benchmark_semisyn,S5_wind_triggered,BQR,42,censored,3167,0.24852747430972824,0.03045523882270867,0.12254274464944556,0.0,0.0,0.21807223548701957,0.8774572553505544,6.324715084993215e-08
pap_benchmark_semisyn,S5_wind_triggered,BQR,42,clean,6755,0.07579823701788214,0.03443454311490402,0.4542921375173977,0.016422485262988888,0.21666051756737473,0.024941208639989235,0.3290473449152275,6.324715084993215e-08
pap_benchmark_semisyn,S5_wind_triggered,BQR,789,all,9922,0.13186431548852554,0.031021104554684042,0.2352501845534049,0.011058546261935635,0.08386306955726713,0.08978466467190589,0.6808867458893282,5.21540641784668e-08
pap_benchmark_semisyn,S5_wind_triggered,BQR,789,censored,3167,0.25151444487178287,0.02621404890040157,0.10422482459711202,0.0,0.0,0.22530039597138127,0.8957751754028879,5.21540641784668e-08
pap_benchmark_semisyn,S5_wind_triggered,BQR,789,clean,6755,0.07576780035058686,0.03327483442250233,0.4391685421582203,0.016243211844696577,0.21438146243572143,0.026249754083387967,0.34644999540605836,5.21540641784668e-08
pap_benchmark_semisyn,S5_wind_triggered,BT,1024,all,9922,0.0963341118725702,0.03378417205969549,0.3506979137814117,0.010159965907037357,0.1054659217752156,0.05238997390583735,0.5438361644433727,8.344650270775134e-08
pap_benchmark_semisyn,S5_wind_triggered,BT,1024,censored,3167,0.1422912294706358,0.03030761660236162,0.21299708151454347,3.0223235361944884e-05,0.00021240406365440788,0.11195338963291226,0.7867905144218024,8.344650270775134e-08
pap_benchmark_semisyn,S5_wind_triggered,BT,1024,clean,6755,0.0747876734664897,0.03541411301208281,0.4735287430481562,0.014909173167021967,0.19935334896735832,0.024464387287384922,0.3271179079844854,8.344650270775134e-08
pap_benchmark_semisyn,S5_wind_triggered,BT,123,all,9922,0.08501189123726732,0.03542341357707461,0.4166877487551503,0.013834909950387076,0.16274087952912356,0.03575356770980564,0.42057137171572617,6.854534145839253e-08
pap_benchmark_semisyn,S5_wind_triggered,BT,123,censored,3167,0.10874520884483369,0.03225884941279673,0.29664616727001025,2.881285349862582e-05,0.0002649574524220032,0.07645754657853836,0.703088875277568,6.854534145839253e-08
pap_benchmark_semisyn,S5_wind_triggered,BT,123,clean,6755,0.07388481250104782,0.03690708118747699,0.49952189006304343,0.020307731490852764,0.2748566424333115,0.01666999982271807,0.22562146750364503,6.854534145839253e-08
pap_benchmark_semisyn,S5_wind_triggered,BT,256,all,9922,0.08737994972150762,0.03580794618367178,0.4097959119660382,0.011481966081059789,0.13140275449521835,0.04009003745677604,0.45880133353874336,6.705522537231445e-08
pap_benchmark_semisyn,S5_wind_triggered,BT,256,censored,3167,0.1140459678970026,0.033487035595389,0.29362752767929395,0.00018493932318077653,0.001621620883149497,0.08037399297843284,0.7047508514375568,6.705522537231445e-08
pap_benchmark_semisyn,S5_wind_triggered,BT,256,clean,6755,0.07487790981598687,0.03689607702498809,0.49274982589204913,0.01677844035821787,0.22407730663757894,0.021203392432780924,0.2831728674703721,6.705522537231445e-08
pap_benchmark_semisyn,S5_wind_triggered,BT,42,all,9922,0.09919847065259497,0.033758818840444633,0.34031592038018504,0.009994947855149943,0.10075707608591525,0.05544470395700041,0.5589270035338998,5.463759100710064e-08
pap_benchmark_semisyn,S5_wind_triggered,BT,42,censored,3167,0.15156517080099136,0.03097340637651404,0.20435701825706945,6.287105375476684e-08,4.148120140168483e-07,0.12059170155342355,0.7956425669309165,5.463759100710064e-08
pap_benchmark_semisyn,S5_wind_triggered,BT,42,clean,6755,0.07464697703749931,0.03506472576468863,0.4697407337349197,0.014680928720380534,0.1966714434129796,0.024901322552430136,0.33358782285210054,5.463759100710064e-08
pap_benchmark_semisyn,S5_wind_triggered,BT,789,all,9922,0.09492481150560199,0.03233018659296819,0.3405873141087062,0.01146109771959564,0.12073869347551207,0.05113352719303817,0.5386739924157818,8.526775568951095e-08
pap_benchmark_semisyn,S5_wind_triggered,BT,789,censored,3167,0.13872942804274171,0.02835624313026858,0.20439962544595938,4.893739369945836e-06,3.5275423815905185e-05,0.11036829117310322,0.7955650991302249,8.526775568951095e-08
pap_benchmark_semisyn,S5_wind_triggered,BT,789,clean,6755,0.07438754717205329,0.0341933218922087,0.45966459699392825,0.016832200311064888,0.22627712501573904,0.023362024968779684,0.3140582779903325,8.526775568951095e-08
pap_benchmark_semisyn,S5_wind_triggered,ORACLE,1024,all,9922,0.0745077763013756,0.03401914929750038,0.45658521816429914,0.021636086686686047,0.290386960404918,0.01885254031718919,0.25302782143078295,5.016724269335526e-08
pap_benchmark_semisyn,S5_wind_triggered,ORACLE,1024,censored,3167,0.055662676048503404,0.026185664353421102,0.47043488046825865,0.0019990855449752397,0.03591429099156631,0.02747792615010706,0.493650828540175,5.016724269335526e-08
pap_benchmark_semisyn,S5_wind_triggered,ORACLE,1024,clean,6755,0.08334307348876958,0.03769178391154909,0.45224854728483266,0.03084265702211138,0.3700686299536026,0.014808632555109112,0.17768282276156475,5.016724269335526e-08
pap_benchmark_semisyn,S5_wind_triggered,ORACLE,123,all,9922,0.07558904352340015,0.033668861475119924,0.44541986385496507,0.018929689847644253,0.2504290167633114,0.022990492200635978,0.30415111938172357,6.688965692447368e-08
pap_benchmark_semisyn,S5_wind_triggered,ORACLE,123,censored,3167,0.06123170800104779,0.027600778496698702,0.45075957208684103,0.0019654440690779927,0.03209846880384849,0.031665485435271104,0.5171419591093106,6.688965692447368e-08
pap_benchmark_semisyn,S5_wind_triggered,ORACLE,123,clean,6755,0.08232030652847637,0.036513808742723176,0.44355773541844457,0.026883171177136383,0.3265679187897207,0.018923326608616817,0.22987434579183486,6.688965692447368e-08
pap_benchmark_semisyn,S5_wind_triggered,ORACLE,256,all,9922,0.07524469245769437,0.03512730401812551,0.46684095410284937,0.017738653877793217,0.23574624732191723,0.022378734561775658,0.2974127985752337,6.821420456271099e-08
pap_benchmark_semisyn,S5_wind_triggered,ORACLE,256,censored,3167,0.0633845548214841,0.028885380220983886,0.4557163855190986,0.0013877618201167167,0.021894321479817933,0.0331114127803835,0.5223892930010836,6.821420456271099e-08
pap_benchmark_semisyn,S5_wind_triggered,ORACLE,256,clean,6755,0.08080517445530769,0.03805375444973875,0.4709321489156093,0.025404571738142805,0.3143928827502718,0.017346848267426135,0.21467496833411895,6.821420456271099e-08
pap_benchmark_semisyn,S5_wind_triggered,ORACLE,42,all,9922,0.07520860502201294,0.034666588188252974,0.46093911964071593,0.019396617175640042,0.2579042274479471,0.021145399658119922,0.2811566529113369,7.326404249941021e-08
pap_benchmark_semisyn,S5_wind_triggered,ORACLE,42,censored,3167,0.0648438540944891,0.02964705435285145,0.45720685124068017,0.0013352039403774544,0.02059106385675076,0.033861595801260205,0.5222020849025691,7.326404249941021e-08
pap_benchmark_semisyn,S5_wind_triggered,ORACLE,42,clean,6755,0.08006799305864772,0.03701993587984685,0.46235623581486196,0.027864492189122892,0.3480103737421379,0.015183564989677982,0.18963339044300032,7.326404249941021e-08
pap_benchmark_semisyn,S5_wind_triggered,ORACLE,789,all,9922,0.0752074636381955,0.037049900399594715,0.4926359513708988,0.017312772896060466,0.23020019634418112,0.020844790342540317,0.27716385228492013,6.390942464129523e-08
pap_benchmark_semisyn,S5_wind_triggered,ORACLE,789,censored,3167,0.064104218974663,0.031834368262102376,0.4966033245750146,0.0010106027768301729,0.01576499632933069,0.031259247935730435,0.4876316790956546,6.390942464129523e-08
pap_benchmark_semisyn,S5_wind_triggered,ORACLE,789,clean,6755,0.08041308552559852,0.03949513952312368,0.491153140872214,0.024955848065209594,0.3103456098232321,0.015962097937265246,0.1985012493045539,6.390942464129523e-08
